-- MySQL dump 10.13  Distrib 5.5.30, for Linux (x86_64)
--
-- Host: localhost    Database: redmine
-- ------------------------------------------------------
-- Server version	5.5.30-cll

/*!40101 SET @OLD_CHARACTER_SET_CLIENT=@@CHARACTER_SET_CLIENT */;
/*!40101 SET @OLD_CHARACTER_SET_RESULTS=@@CHARACTER_SET_RESULTS */;
/*!40101 SET @OLD_COLLATION_CONNECTION=@@COLLATION_CONNECTION */;
/*!40101 SET NAMES latin1 */;
/*!40103 SET @OLD_TIME_ZONE=@@TIME_ZONE */;
/*!40103 SET TIME_ZONE='+00:00' */;
/*!40014 SET @OLD_UNIQUE_CHECKS=@@UNIQUE_CHECKS, UNIQUE_CHECKS=0 */;
/*!40014 SET @OLD_FOREIGN_KEY_CHECKS=@@FOREIGN_KEY_CHECKS, FOREIGN_KEY_CHECKS=0 */;
/*!40101 SET @OLD_SQL_MODE=@@SQL_MODE, SQL_MODE='NO_AUTO_VALUE_ON_ZERO' */;
/*!40111 SET @OLD_SQL_NOTES=@@SQL_NOTES, SQL_NOTES=0 */;

--
-- Table structure for table `attachments`
--

DROP TABLE IF EXISTS `attachments`;
/*!40101 SET @saved_cs_client     = @@character_set_client */;
/*!40101 SET character_set_client = utf8 */;
CREATE TABLE `attachments` (
  `id` int(11) NOT NULL AUTO_INCREMENT,
  `container_id` int(11) DEFAULT NULL,
  `container_type` varchar(30) DEFAULT NULL,
  `filename` varchar(255) NOT NULL DEFAULT '',
  `disk_filename` varchar(255) NOT NULL DEFAULT '',
  `filesize` int(11) NOT NULL DEFAULT '0',
  `content_type` varchar(255) DEFAULT '',
  `digest` varchar(40) NOT NULL DEFAULT '',
  `downloads` int(11) NOT NULL DEFAULT '0',
  `author_id` int(11) NOT NULL DEFAULT '0',
  `created_on` datetime DEFAULT NULL,
  `description` varchar(255) DEFAULT NULL,
  PRIMARY KEY (`id`),
  KEY `index_attachments_on_author_id` (`author_id`),
  KEY `index_attachments_on_created_on` (`created_on`),
  KEY `index_attachments_on_container_id_and_container_type` (`container_id`,`container_type`)
) ENGINE=InnoDB AUTO_INCREMENT=17 DEFAULT CHARSET=utf8;
/*!40101 SET character_set_client = @saved_cs_client */;

--
-- Dumping data for table `attachments`
--

LOCK TABLES `attachments` WRITE;
/*!40000 ALTER TABLE `attachments` DISABLE KEYS */;
INSERT INTO `attachments` VALUES (1,13,'Project','????????? ???.doc','130219174321_71fa724af7a5f734b83122adfff01c1e.doc',21504,'application/msword','a4c8b6f8e1bebf8125233cb44087c7ff',2,1,'2013-02-19 17:43:21','????????? crm'),(2,13,'Project','??? ??? ????????????? ???????? 3.doc','130219174343_f136b62645ba092c892b68606d93ef76.doc',86016,'application/msword','90284da6feb34af7ee028682b66f02bf',4,1,'2013-02-19 17:43:43','??'),(3,13,'Project','CRM ?????? ????????- ??? ???? ????????.doc','130219174409_cc512888b7625f87e706137b11b94466.doc',73728,'application/msword','3e4ca8adaaa22bcd74c8d95f1f1084f9',5,1,'2013-02-19 17:44:09','?????? ????????'),(4,43,'Issue','koral.doc','130219175731_koral.doc',86016,'application/msword','54763a13cb796245c7f12e77dc8271f1',0,1,'2013-02-19 17:57:31',''),(5,43,'Issue','nqyus_trevel.doc','130219175731_nqyus_trevel.doc',221696,'application/msword','4e57c29e5476e50e41a04e34eda27578',0,1,'2013-02-19 17:57:31',''),(6,72,'Issue','????????-???????6.jpg','130219183129_ffae6c6475d58f16aeea47a55487fa85.jpg',2583834,'image/jpeg','5300241027a50de9bc3a64674b8e8f94',0,1,'2013-02-19 18:31:29',''),(7,6,'Project','ittour_modules.27.11.2012 (1).zip','130219184232_b05d3e7af9acb4d3ea0edca9fa853968.zip',2104805,'application/octet-stream','2105bf24b140b360519444fe9ad4917c',0,1,'2013-02-19 18:42:32',''),(8,75,'Issue','ittour_modules.27.11.2012 (1).zip','130219184510_b05d3e7af9acb4d3ea0edca9fa853968.zip',2104805,'application/octet-stream','2105bf24b140b360519444fe9ad4917c',0,1,'2013-02-19 18:45:10',''),(9,88,'Issue','Logo.jpg','130219203352_Logo.jpg',302799,'image/jpeg','7d01ec3aebbe3e681e88ada1d9f65b34',0,1,'2013-02-19 20:33:52',''),(10,88,'Issue','piligrim.png','130219203738_piligrim.png',144860,'image/png','e85050ce8d48bcb3138b73728995be76',0,1,'2013-02-19 20:37:38',''),(11,88,'Issue','piligrim-logo-2.jpg','130219203738_piligrim-logo-2.jpg',1175170,'image/jpeg','d90920ac00bcb74e802a1a5eb92150c9',0,1,'2013-02-19 20:37:38',''),(12,92,'Issue','changes.zip','130314131422_changes.zip',18516,'application/zip','8629fe342981894d5c3808999254ffc4',0,17,'2013-03-14 13:14:22',''),(13,72,'Issue','11.png','130314210925_11.png',158879,'image/png','fc7cb6f8a3b15e699296bb48746b7f5d',0,1,'2013-03-14 21:09:25',''),(14,92,'Issue','changes.zip','130319131943_changes.zip',32879,'application/zip','86e93d08a228569ba968630cbbadd828',0,17,'2013-03-19 13:19:43',''),(15,92,'Issue','custom_import_diff.JPG','130319224753_custom_import_diff.JPG',349747,'image/jpeg','6c55c3b088b002e1b95a0b21901bc5c3',0,20,'2013-03-19 22:47:53',''),(16,102,'Issue','M30_logining_35.png','130325163703_M30_logining_35.png',121480,'image/png','d44f286c79534e8c979dde3e3d146a17',0,1,'2013-03-25 16:37:03','');
/*!40000 ALTER TABLE `attachments` ENABLE KEYS */;
UNLOCK TABLES;

--
-- Table structure for table `auth_sources`
--

DROP TABLE IF EXISTS `auth_sources`;
/*!40101 SET @saved_cs_client     = @@character_set_client */;
/*!40101 SET character_set_client = utf8 */;
CREATE TABLE `auth_sources` (
  `id` int(11) NOT NULL AUTO_INCREMENT,
  `type` varchar(30) NOT NULL DEFAULT '',
  `name` varchar(60) NOT NULL DEFAULT '',
  `host` varchar(60) DEFAULT NULL,
  `port` int(11) DEFAULT NULL,
  `account` varchar(255) DEFAULT NULL,
  `account_password` varchar(255) DEFAULT '',
  `base_dn` varchar(255) DEFAULT NULL,
  `attr_login` varchar(30) DEFAULT NULL,
  `attr_firstname` varchar(30) DEFAULT NULL,
  `attr_lastname` varchar(30) DEFAULT NULL,
  `attr_mail` varchar(30) DEFAULT NULL,
  `onthefly_register` tinyint(1) NOT NULL DEFAULT '0',
  `tls` tinyint(1) NOT NULL DEFAULT '0',
  `filter` varchar(255) DEFAULT NULL,
  `timeout` int(11) DEFAULT NULL,
  PRIMARY KEY (`id`),
  KEY `index_auth_sources_on_id_and_type` (`id`,`type`)
) ENGINE=InnoDB DEFAULT CHARSET=utf8;
/*!40101 SET character_set_client = @saved_cs_client */;

--
-- Dumping data for table `auth_sources`
--

LOCK TABLES `auth_sources` WRITE;
/*!40000 ALTER TABLE `auth_sources` DISABLE KEYS */;
/*!40000 ALTER TABLE `auth_sources` ENABLE KEYS */;
UNLOCK TABLES;

--
-- Table structure for table `boards`
--

DROP TABLE IF EXISTS `boards`;
/*!40101 SET @saved_cs_client     = @@character_set_client */;
/*!40101 SET character_set_client = utf8 */;
CREATE TABLE `boards` (
  `id` int(11) NOT NULL AUTO_INCREMENT,
  `project_id` int(11) NOT NULL,
  `name` varchar(255) NOT NULL DEFAULT '',
  `description` varchar(255) DEFAULT NULL,
  `position` int(11) DEFAULT '1',
  `topics_count` int(11) NOT NULL DEFAULT '0',
  `messages_count` int(11) NOT NULL DEFAULT '0',
  `last_message_id` int(11) DEFAULT NULL,
  `parent_id` int(11) DEFAULT NULL,
  PRIMARY KEY (`id`),
  KEY `altered_boards_project_id` (`project_id`),
  KEY `index_boards_on_last_message_id` (`last_message_id`)
) ENGINE=InnoDB DEFAULT CHARSET=utf8;
/*!40101 SET character_set_client = @saved_cs_client */;

--
-- Dumping data for table `boards`
--

LOCK TABLES `boards` WRITE;
/*!40000 ALTER TABLE `boards` DISABLE KEYS */;
/*!40000 ALTER TABLE `boards` ENABLE KEYS */;
UNLOCK TABLES;

--
-- Table structure for table `changes`
--

DROP TABLE IF EXISTS `changes`;
/*!40101 SET @saved_cs_client     = @@character_set_client */;
/*!40101 SET character_set_client = utf8 */;
CREATE TABLE `changes` (
  `id` int(11) NOT NULL AUTO_INCREMENT,
  `changeset_id` int(11) NOT NULL,
  `action` varchar(1) NOT NULL DEFAULT '',
  `path` text NOT NULL,
  `from_path` text,
  `from_revision` varchar(255) DEFAULT NULL,
  `revision` varchar(255) DEFAULT NULL,
  `branch` varchar(255) DEFAULT NULL,
  PRIMARY KEY (`id`),
  KEY `changesets_changeset_id` (`changeset_id`)
) ENGINE=InnoDB DEFAULT CHARSET=utf8;
/*!40101 SET character_set_client = @saved_cs_client */;

--
-- Dumping data for table `changes`
--

LOCK TABLES `changes` WRITE;
/*!40000 ALTER TABLE `changes` DISABLE KEYS */;
/*!40000 ALTER TABLE `changes` ENABLE KEYS */;
UNLOCK TABLES;

--
-- Table structure for table `changeset_parents`
--

DROP TABLE IF EXISTS `changeset_parents`;
/*!40101 SET @saved_cs_client     = @@character_set_client */;
/*!40101 SET character_set_client = utf8 */;
CREATE TABLE `changeset_parents` (
  `changeset_id` int(11) NOT NULL,
  `parent_id` int(11) NOT NULL,
  KEY `changeset_parents_changeset_ids` (`changeset_id`),
  KEY `changeset_parents_parent_ids` (`parent_id`)
) ENGINE=InnoDB DEFAULT CHARSET=utf8;
/*!40101 SET character_set_client = @saved_cs_client */;

--
-- Dumping data for table `changeset_parents`
--

LOCK TABLES `changeset_parents` WRITE;
/*!40000 ALTER TABLE `changeset_parents` DISABLE KEYS */;
/*!40000 ALTER TABLE `changeset_parents` ENABLE KEYS */;
UNLOCK TABLES;

--
-- Table structure for table `changesets`
--

DROP TABLE IF EXISTS `changesets`;
/*!40101 SET @saved_cs_client     = @@character_set_client */;
/*!40101 SET character_set_client = utf8 */;
CREATE TABLE `changesets` (
  `id` int(11) NOT NULL AUTO_INCREMENT,
  `repository_id` int(11) NOT NULL,
  `revision` varchar(255) NOT NULL,
  `committer` varchar(255) DEFAULT NULL,
  `committed_on` datetime NOT NULL,
  `comments` text,
  `commit_date` date DEFAULT NULL,
  `scmid` varchar(255) DEFAULT NULL,
  `user_id` int(11) DEFAULT NULL,
  PRIMARY KEY (`id`),
  UNIQUE KEY `altered_changesets_repos_rev` (`repository_id`,`revision`),
  KEY `index_changesets_on_user_id` (`user_id`),
  KEY `index_changesets_on_repository_id` (`repository_id`),
  KEY `index_changesets_on_committed_on` (`committed_on`),
  KEY `changesets_repos_scmid` (`repository_id`,`scmid`)
) ENGINE=InnoDB DEFAULT CHARSET=utf8;
/*!40101 SET character_set_client = @saved_cs_client */;

--
-- Dumping data for table `changesets`
--

LOCK TABLES `changesets` WRITE;
/*!40000 ALTER TABLE `changesets` DISABLE KEYS */;
/*!40000 ALTER TABLE `changesets` ENABLE KEYS */;
UNLOCK TABLES;

--
-- Table structure for table `changesets_issues`
--

DROP TABLE IF EXISTS `changesets_issues`;
/*!40101 SET @saved_cs_client     = @@character_set_client */;
/*!40101 SET character_set_client = utf8 */;
CREATE TABLE `changesets_issues` (
  `changeset_id` int(11) NOT NULL,
  `issue_id` int(11) NOT NULL,
  UNIQUE KEY `changesets_issues_ids` (`changeset_id`,`issue_id`)
) ENGINE=InnoDB DEFAULT CHARSET=utf8;
/*!40101 SET character_set_client = @saved_cs_client */;

--
-- Dumping data for table `changesets_issues`
--

LOCK TABLES `changesets_issues` WRITE;
/*!40000 ALTER TABLE `changesets_issues` DISABLE KEYS */;
/*!40000 ALTER TABLE `changesets_issues` ENABLE KEYS */;
UNLOCK TABLES;

--
-- Table structure for table `comments`
--

DROP TABLE IF EXISTS `comments`;
/*!40101 SET @saved_cs_client     = @@character_set_client */;
/*!40101 SET character_set_client = utf8 */;
CREATE TABLE `comments` (
  `id` int(11) NOT NULL AUTO_INCREMENT,
  `commented_type` varchar(30) NOT NULL DEFAULT '',
  `commented_id` int(11) NOT NULL DEFAULT '0',
  `author_id` int(11) NOT NULL DEFAULT '0',
  `comments` text,
  `created_on` datetime NOT NULL,
  `updated_on` datetime NOT NULL,
  PRIMARY KEY (`id`),
  KEY `index_comments_on_commented_id_and_commented_type` (`commented_id`,`commented_type`),
  KEY `index_comments_on_author_id` (`author_id`)
) ENGINE=InnoDB DEFAULT CHARSET=utf8;
/*!40101 SET character_set_client = @saved_cs_client */;

--
-- Dumping data for table `comments`
--

LOCK TABLES `comments` WRITE;
/*!40000 ALTER TABLE `comments` DISABLE KEYS */;
/*!40000 ALTER TABLE `comments` ENABLE KEYS */;
UNLOCK TABLES;

--
-- Table structure for table `contacts`
--

DROP TABLE IF EXISTS `contacts`;
/*!40101 SET @saved_cs_client     = @@character_set_client */;
/*!40101 SET character_set_client = utf8 */;
CREATE TABLE `contacts` (
  `id` int(11) NOT NULL AUTO_INCREMENT,
  `first_name` varchar(255) DEFAULT NULL,
  `last_name` varchar(255) DEFAULT NULL,
  `middle_name` varchar(255) DEFAULT NULL,
  `company` varchar(255) DEFAULT NULL,
  `address` text,
  `phone` varchar(255) DEFAULT NULL,
  `email` varchar(255) DEFAULT NULL,
  `website` varchar(255) DEFAULT NULL,
  `skype_name` varchar(255) DEFAULT NULL,
  `birthday` date DEFAULT NULL,
  `avatar` varchar(255) DEFAULT NULL,
  `background` text,
  `job_title` varchar(255) DEFAULT NULL,
  `is_company` tinyint(1) DEFAULT '0',
  `author_id` int(11) NOT NULL DEFAULT '0',
  `assigned_to_id` int(11) DEFAULT NULL,
  `created_on` datetime DEFAULT NULL,
  `updated_on` datetime DEFAULT NULL,
  `cached_tag_list` varchar(255) DEFAULT NULL,
  `visibility` int(11) NOT NULL DEFAULT '0',
  PRIMARY KEY (`id`),
  KEY `index_contacts_on_author_id` (`author_id`),
  KEY `index_contacts_on_is_company` (`is_company`),
  KEY `index_contacts_on_company` (`company`),
  KEY `index_contacts_on_first_name` (`first_name`),
  KEY `index_contacts_on_assigned_to_id` (`assigned_to_id`)
) ENGINE=InnoDB DEFAULT CHARSET=utf8;
/*!40101 SET character_set_client = @saved_cs_client */;

--
-- Dumping data for table `contacts`
--

LOCK TABLES `contacts` WRITE;
/*!40000 ALTER TABLE `contacts` DISABLE KEYS */;
/*!40000 ALTER TABLE `contacts` ENABLE KEYS */;
UNLOCK TABLES;

--
-- Table structure for table `contacts_deals`
--

DROP TABLE IF EXISTS `contacts_deals`;
/*!40101 SET @saved_cs_client     = @@character_set_client */;
/*!40101 SET character_set_client = utf8 */;
CREATE TABLE `contacts_deals` (
  `deal_id` int(11) DEFAULT NULL,
  `contact_id` int(11) DEFAULT NULL,
  KEY `index_contacts_deals_on_deal_id_and_contact_id` (`deal_id`,`contact_id`)
) ENGINE=InnoDB DEFAULT CHARSET=utf8;
/*!40101 SET character_set_client = @saved_cs_client */;

--
-- Dumping data for table `contacts_deals`
--

LOCK TABLES `contacts_deals` WRITE;
/*!40000 ALTER TABLE `contacts_deals` DISABLE KEYS */;
/*!40000 ALTER TABLE `contacts_deals` ENABLE KEYS */;
UNLOCK TABLES;

--
-- Table structure for table `contacts_issues`
--

DROP TABLE IF EXISTS `contacts_issues`;
/*!40101 SET @saved_cs_client     = @@character_set_client */;
/*!40101 SET character_set_client = utf8 */;
CREATE TABLE `contacts_issues` (
  `issue_id` int(11) NOT NULL DEFAULT '0',
  `contact_id` int(11) NOT NULL DEFAULT '0',
  KEY `index_contacts_issues_on_issue_id_and_contact_id` (`issue_id`,`contact_id`)
) ENGINE=InnoDB DEFAULT CHARSET=utf8;
/*!40101 SET character_set_client = @saved_cs_client */;

--
-- Dumping data for table `contacts_issues`
--

LOCK TABLES `contacts_issues` WRITE;
/*!40000 ALTER TABLE `contacts_issues` DISABLE KEYS */;
/*!40000 ALTER TABLE `contacts_issues` ENABLE KEYS */;
UNLOCK TABLES;

--
-- Table structure for table `contacts_projects`
--

DROP TABLE IF EXISTS `contacts_projects`;
/*!40101 SET @saved_cs_client     = @@character_set_client */;
/*!40101 SET character_set_client = utf8 */;
CREATE TABLE `contacts_projects` (
  `project_id` int(11) NOT NULL DEFAULT '0',
  `contact_id` int(11) NOT NULL DEFAULT '0',
  KEY `index_contacts_projects_on_project_id_and_contact_id` (`project_id`,`contact_id`)
) ENGINE=InnoDB DEFAULT CHARSET=utf8;
/*!40101 SET character_set_client = @saved_cs_client */;

--
-- Dumping data for table `contacts_projects`
--

LOCK TABLES `contacts_projects` WRITE;
/*!40000 ALTER TABLE `contacts_projects` DISABLE KEYS */;
/*!40000 ALTER TABLE `contacts_projects` ENABLE KEYS */;
UNLOCK TABLES;

--
-- Table structure for table `contacts_queries`
--

DROP TABLE IF EXISTS `contacts_queries`;
/*!40101 SET @saved_cs_client     = @@character_set_client */;
/*!40101 SET character_set_client = utf8 */;
CREATE TABLE `contacts_queries` (
  `id` int(11) NOT NULL AUTO_INCREMENT,
  `project_id` int(11) DEFAULT NULL,
  `name` varchar(255) NOT NULL DEFAULT '',
  `filters` text,
  `user_id` int(11) NOT NULL DEFAULT '0',
  `is_public` tinyint(1) NOT NULL DEFAULT '0',
  `column_names` text,
  `sort_criteria` text,
  `group_by` varchar(255) DEFAULT NULL,
  `type` varchar(255) DEFAULT NULL,
  PRIMARY KEY (`id`)
) ENGINE=InnoDB DEFAULT CHARSET=utf8;
/*!40101 SET character_set_client = @saved_cs_client */;

--
-- Dumping data for table `contacts_queries`
--

LOCK TABLES `contacts_queries` WRITE;
/*!40000 ALTER TABLE `contacts_queries` DISABLE KEYS */;
/*!40000 ALTER TABLE `contacts_queries` ENABLE KEYS */;
UNLOCK TABLES;

--
-- Table structure for table `contacts_settings`
--

DROP TABLE IF EXISTS `contacts_settings`;
/*!40101 SET @saved_cs_client     = @@character_set_client */;
/*!40101 SET character_set_client = utf8 */;
CREATE TABLE `contacts_settings` (
  `id` int(11) NOT NULL AUTO_INCREMENT,
  `name` varchar(255) DEFAULT NULL,
  `value` text,
  `project_id` int(11) DEFAULT NULL,
  `updated_on` datetime DEFAULT NULL,
  PRIMARY KEY (`id`),
  KEY `index_contacts_settings_on_project_id` (`project_id`)
) ENGINE=InnoDB DEFAULT CHARSET=utf8;
/*!40101 SET character_set_client = @saved_cs_client */;

--
-- Dumping data for table `contacts_settings`
--

LOCK TABLES `contacts_settings` WRITE;
/*!40000 ALTER TABLE `contacts_settings` DISABLE KEYS */;
/*!40000 ALTER TABLE `contacts_settings` ENABLE KEYS */;
UNLOCK TABLES;

--
-- Table structure for table `custom_fields`
--

DROP TABLE IF EXISTS `custom_fields`;
/*!40101 SET @saved_cs_client     = @@character_set_client */;
/*!40101 SET character_set_client = utf8 */;
CREATE TABLE `custom_fields` (
  `id` int(11) NOT NULL AUTO_INCREMENT,
  `type` varchar(30) NOT NULL DEFAULT '',
  `name` varchar(30) NOT NULL DEFAULT '',
  `field_format` varchar(30) NOT NULL DEFAULT '',
  `possible_values` text,
  `regexp` varchar(255) DEFAULT '',
  `min_length` int(11) NOT NULL DEFAULT '0',
  `max_length` int(11) NOT NULL DEFAULT '0',
  `is_required` tinyint(1) NOT NULL DEFAULT '0',
  `is_for_all` tinyint(1) NOT NULL DEFAULT '0',
  `is_filter` tinyint(1) NOT NULL DEFAULT '0',
  `position` int(11) DEFAULT '1',
  `searchable` tinyint(1) DEFAULT '0',
  `default_value` text,
  `editable` tinyint(1) DEFAULT '1',
  `visible` tinyint(1) NOT NULL DEFAULT '1',
  `multiple` tinyint(1) DEFAULT '0',
  PRIMARY KEY (`id`),
  KEY `index_custom_fields_on_id_and_type` (`id`,`type`)
) ENGINE=InnoDB DEFAULT CHARSET=utf8;
/*!40101 SET character_set_client = @saved_cs_client */;

--
-- Dumping data for table `custom_fields`
--

LOCK TABLES `custom_fields` WRITE;
/*!40000 ALTER TABLE `custom_fields` DISABLE KEYS */;
/*!40000 ALTER TABLE `custom_fields` ENABLE KEYS */;
UNLOCK TABLES;

--
-- Table structure for table `custom_fields_projects`
--

DROP TABLE IF EXISTS `custom_fields_projects`;
/*!40101 SET @saved_cs_client     = @@character_set_client */;
/*!40101 SET character_set_client = utf8 */;
CREATE TABLE `custom_fields_projects` (
  `custom_field_id` int(11) NOT NULL DEFAULT '0',
  `project_id` int(11) NOT NULL DEFAULT '0',
  KEY `index_custom_fields_projects_on_custom_field_id_and_project_id` (`custom_field_id`,`project_id`)
) ENGINE=InnoDB DEFAULT CHARSET=utf8;
/*!40101 SET character_set_client = @saved_cs_client */;

--
-- Dumping data for table `custom_fields_projects`
--

LOCK TABLES `custom_fields_projects` WRITE;
/*!40000 ALTER TABLE `custom_fields_projects` DISABLE KEYS */;
/*!40000 ALTER TABLE `custom_fields_projects` ENABLE KEYS */;
UNLOCK TABLES;

--
-- Table structure for table `custom_fields_trackers`
--

DROP TABLE IF EXISTS `custom_fields_trackers`;
/*!40101 SET @saved_cs_client     = @@character_set_client */;
/*!40101 SET character_set_client = utf8 */;
CREATE TABLE `custom_fields_trackers` (
  `custom_field_id` int(11) NOT NULL DEFAULT '0',
  `tracker_id` int(11) NOT NULL DEFAULT '0',
  KEY `index_custom_fields_trackers_on_custom_field_id_and_tracker_id` (`custom_field_id`,`tracker_id`)
) ENGINE=InnoDB DEFAULT CHARSET=utf8;
/*!40101 SET character_set_client = @saved_cs_client */;

--
-- Dumping data for table `custom_fields_trackers`
--

LOCK TABLES `custom_fields_trackers` WRITE;
/*!40000 ALTER TABLE `custom_fields_trackers` DISABLE KEYS */;
/*!40000 ALTER TABLE `custom_fields_trackers` ENABLE KEYS */;
UNLOCK TABLES;

--
-- Table structure for table `custom_values`
--

DROP TABLE IF EXISTS `custom_values`;
/*!40101 SET @saved_cs_client     = @@character_set_client */;
/*!40101 SET character_set_client = utf8 */;
CREATE TABLE `custom_values` (
  `id` int(11) NOT NULL AUTO_INCREMENT,
  `customized_type` varchar(30) NOT NULL DEFAULT '',
  `customized_id` int(11) NOT NULL DEFAULT '0',
  `custom_field_id` int(11) NOT NULL DEFAULT '0',
  `value` text,
  PRIMARY KEY (`id`),
  KEY `custom_values_customized` (`customized_type`,`customized_id`),
  KEY `index_custom_values_on_custom_field_id` (`custom_field_id`)
) ENGINE=InnoDB DEFAULT CHARSET=utf8;
/*!40101 SET character_set_client = @saved_cs_client */;

--
-- Dumping data for table `custom_values`
--

LOCK TABLES `custom_values` WRITE;
/*!40000 ALTER TABLE `custom_values` DISABLE KEYS */;
/*!40000 ALTER TABLE `custom_values` ENABLE KEYS */;
UNLOCK TABLES;

--
-- Table structure for table `deal_categories`
--

DROP TABLE IF EXISTS `deal_categories`;
/*!40101 SET @saved_cs_client     = @@character_set_client */;
/*!40101 SET character_set_client = utf8 */;
CREATE TABLE `deal_categories` (
  `id` int(11) NOT NULL AUTO_INCREMENT,
  `name` varchar(255) NOT NULL,
  `project_id` int(11) DEFAULT NULL,
  PRIMARY KEY (`id`),
  KEY `index_deal_categories_on_project_id` (`project_id`)
) ENGINE=InnoDB DEFAULT CHARSET=utf8;
/*!40101 SET character_set_client = @saved_cs_client */;

--
-- Dumping data for table `deal_categories`
--

LOCK TABLES `deal_categories` WRITE;
/*!40000 ALTER TABLE `deal_categories` DISABLE KEYS */;
/*!40000 ALTER TABLE `deal_categories` ENABLE KEYS */;
UNLOCK TABLES;

--
-- Table structure for table `deal_processes`
--

DROP TABLE IF EXISTS `deal_processes`;
/*!40101 SET @saved_cs_client     = @@character_set_client */;
/*!40101 SET character_set_client = utf8 */;
CREATE TABLE `deal_processes` (
  `id` int(11) NOT NULL AUTO_INCREMENT,
  `deal_id` int(11) NOT NULL,
  `author_id` int(11) NOT NULL,
  `old_value` int(11) DEFAULT NULL,
  `value` int(11) NOT NULL,
  `created_at` datetime DEFAULT NULL,
  PRIMARY KEY (`id`),
  KEY `index_deal_processes_on_author_id` (`author_id`),
  KEY `index_deal_processes_on_deal_id` (`deal_id`)
) ENGINE=InnoDB DEFAULT CHARSET=utf8;
/*!40101 SET character_set_client = @saved_cs_client */;

--
-- Dumping data for table `deal_processes`
--

LOCK TABLES `deal_processes` WRITE;
/*!40000 ALTER TABLE `deal_processes` DISABLE KEYS */;
/*!40000 ALTER TABLE `deal_processes` ENABLE KEYS */;
UNLOCK TABLES;

--
-- Table structure for table `deal_statuses`
--

DROP TABLE IF EXISTS `deal_statuses`;
/*!40101 SET @saved_cs_client     = @@character_set_client */;
/*!40101 SET character_set_client = utf8 */;
CREATE TABLE `deal_statuses` (
  `id` int(11) NOT NULL AUTO_INCREMENT,
  `name` varchar(255) NOT NULL,
  `position` int(11) DEFAULT NULL,
  `is_default` tinyint(1) NOT NULL DEFAULT '0',
  `is_closed` tinyint(1) NOT NULL DEFAULT '0',
  `color` int(11) NOT NULL DEFAULT '11184810',
  PRIMARY KEY (`id`),
  KEY `index_deal_statuses_on_is_closed` (`is_closed`)
) ENGINE=InnoDB AUTO_INCREMENT=4 DEFAULT CHARSET=utf8;
/*!40101 SET character_set_client = @saved_cs_client */;

--
-- Dumping data for table `deal_statuses`
--

LOCK TABLES `deal_statuses` WRITE;
/*!40000 ALTER TABLE `deal_statuses` DISABLE KEYS */;
INSERT INTO `deal_statuses` VALUES (1,'Pending',NULL,1,0,11184810),(2,'Won',NULL,0,1,32768),(3,'Lost',NULL,0,1,16711680);
/*!40000 ALTER TABLE `deal_statuses` ENABLE KEYS */;
UNLOCK TABLES;

--
-- Table structure for table `deal_statuses_projects`
--

DROP TABLE IF EXISTS `deal_statuses_projects`;
/*!40101 SET @saved_cs_client     = @@character_set_client */;
/*!40101 SET character_set_client = utf8 */;
CREATE TABLE `deal_statuses_projects` (
  `project_id` int(11) NOT NULL DEFAULT '0',
  `deal_status_id` int(11) NOT NULL DEFAULT '0',
  KEY `index_deal_statuses_projects_on_project_id_and_deal_status_id` (`project_id`,`deal_status_id`)
) ENGINE=InnoDB DEFAULT CHARSET=utf8;
/*!40101 SET character_set_client = @saved_cs_client */;

--
-- Dumping data for table `deal_statuses_projects`
--

LOCK TABLES `deal_statuses_projects` WRITE;
/*!40000 ALTER TABLE `deal_statuses_projects` DISABLE KEYS */;
/*!40000 ALTER TABLE `deal_statuses_projects` ENABLE KEYS */;
UNLOCK TABLES;

--
-- Table structure for table `deals`
--

DROP TABLE IF EXISTS `deals`;
/*!40101 SET @saved_cs_client     = @@character_set_client */;
/*!40101 SET character_set_client = utf8 */;
CREATE TABLE `deals` (
  `id` int(11) NOT NULL AUTO_INCREMENT,
  `name` varchar(255) DEFAULT NULL,
  `background` text,
  `currency` varchar(255) DEFAULT NULL,
  `duration` int(11) DEFAULT '1',
  `price` decimal(10,0) DEFAULT NULL,
  `price_type` int(11) DEFAULT NULL,
  `project_id` int(11) DEFAULT NULL,
  `author_id` int(11) DEFAULT NULL,
  `assigned_to_id` int(11) DEFAULT NULL,
  `status_id` int(11) NOT NULL DEFAULT '0',
  `contact_id` int(11) DEFAULT NULL,
  `category_id` int(11) DEFAULT NULL,
  `created_on` datetime DEFAULT NULL,
  `updated_on` datetime DEFAULT NULL,
  `due_date` datetime DEFAULT NULL,
  `probability` int(11) DEFAULT NULL,
  PRIMARY KEY (`id`),
  KEY `index_deals_on_contact_id` (`contact_id`),
  KEY `index_deals_on_project_id` (`project_id`),
  KEY `index_deals_on_status_id` (`status_id`),
  KEY `index_deals_on_author_id` (`author_id`),
  KEY `index_deals_on_category_id` (`category_id`)
) ENGINE=InnoDB DEFAULT CHARSET=utf8;
/*!40101 SET character_set_client = @saved_cs_client */;

--
-- Dumping data for table `deals`
--

LOCK TABLES `deals` WRITE;
/*!40000 ALTER TABLE `deals` DISABLE KEYS */;
/*!40000 ALTER TABLE `deals` ENABLE KEYS */;
UNLOCK TABLES;

--
-- Table structure for table `documents`
--

DROP TABLE IF EXISTS `documents`;
/*!40101 SET @saved_cs_client     = @@character_set_client */;
/*!40101 SET character_set_client = utf8 */;
CREATE TABLE `documents` (
  `id` int(11) NOT NULL AUTO_INCREMENT,
  `project_id` int(11) NOT NULL DEFAULT '0',
  `category_id` int(11) NOT NULL DEFAULT '0',
  `title` varchar(60) NOT NULL DEFAULT '',
  `description` text,
  `created_on` datetime DEFAULT NULL,
  PRIMARY KEY (`id`),
  KEY `documents_project_id` (`project_id`),
  KEY `index_documents_on_category_id` (`category_id`),
  KEY `index_documents_on_created_on` (`created_on`)
) ENGINE=InnoDB DEFAULT CHARSET=utf8;
/*!40101 SET character_set_client = @saved_cs_client */;

--
-- Dumping data for table `documents`
--

LOCK TABLES `documents` WRITE;
/*!40000 ALTER TABLE `documents` DISABLE KEYS */;
/*!40000 ALTER TABLE `documents` ENABLE KEYS */;
UNLOCK TABLES;

--
-- Table structure for table `enabled_modules`
--

DROP TABLE IF EXISTS `enabled_modules`;
/*!40101 SET @saved_cs_client     = @@character_set_client */;
/*!40101 SET character_set_client = utf8 */;
CREATE TABLE `enabled_modules` (
  `id` int(11) NOT NULL AUTO_INCREMENT,
  `project_id` int(11) DEFAULT NULL,
  `name` varchar(255) NOT NULL,
  PRIMARY KEY (`id`),
  KEY `enabled_modules_project_id` (`project_id`)
) ENGINE=InnoDB AUTO_INCREMENT=254 DEFAULT CHARSET=utf8;
/*!40101 SET character_set_client = @saved_cs_client */;

--
-- Dumping data for table `enabled_modules`
--

LOCK TABLES `enabled_modules` WRITE;
/*!40000 ALTER TABLE `enabled_modules` DISABLE KEYS */;
INSERT INTO `enabled_modules` VALUES (1,1,'issue_tracking'),(2,1,'time_tracking'),(3,1,'news'),(4,1,'documents'),(5,1,'files'),(6,1,'wiki'),(7,1,'repository'),(8,1,'boards'),(9,1,'calendar'),(10,1,'gantt'),(11,2,'issue_tracking'),(12,2,'time_tracking'),(13,2,'news'),(14,2,'documents'),(15,2,'files'),(16,2,'wiki'),(17,2,'repository'),(18,2,'boards'),(19,2,'calendar'),(20,2,'gantt'),(21,3,'issue_tracking'),(22,3,'time_tracking'),(23,3,'news'),(24,3,'documents'),(25,3,'files'),(26,3,'wiki'),(27,3,'repository'),(28,3,'boards'),(29,3,'calendar'),(30,3,'gantt'),(31,4,'issue_tracking'),(32,4,'time_tracking'),(33,4,'news'),(34,4,'documents'),(35,4,'files'),(36,4,'wiki'),(37,4,'repository'),(38,4,'boards'),(39,4,'calendar'),(40,4,'gantt'),(41,5,'issue_tracking'),(42,5,'time_tracking'),(43,5,'news'),(44,5,'documents'),(45,5,'files'),(46,5,'wiki'),(47,5,'repository'),(48,5,'boards'),(49,5,'calendar'),(50,5,'gantt'),(51,6,'issue_tracking'),(54,6,'documents'),(55,6,'files'),(56,6,'wiki'),(58,6,'boards'),(61,7,'issue_tracking'),(62,7,'time_tracking'),(63,7,'news'),(64,7,'documents'),(65,7,'files'),(66,7,'wiki'),(67,7,'repository'),(68,7,'boards'),(69,7,'calendar'),(70,7,'gantt'),(71,8,'issue_tracking'),(72,8,'time_tracking'),(73,8,'news'),(74,8,'documents'),(75,8,'files'),(76,8,'wiki'),(77,8,'repository'),(78,8,'boards'),(79,8,'calendar'),(80,8,'gantt'),(81,9,'issue_tracking'),(83,9,'news'),(84,9,'documents'),(85,9,'files'),(86,9,'wiki'),(87,9,'repository'),(88,9,'boards'),(89,9,'calendar'),(91,10,'issue_tracking'),(92,10,'time_tracking'),(93,10,'news'),(94,10,'documents'),(95,10,'files'),(96,10,'wiki'),(97,10,'repository'),(98,10,'boards'),(99,10,'calendar'),(100,10,'gantt'),(101,11,'issue_tracking'),(102,11,'time_tracking'),(103,11,'news'),(104,11,'documents'),(105,11,'files'),(106,11,'wiki'),(107,11,'repository'),(108,11,'boards'),(109,11,'calendar'),(110,11,'gantt'),(111,12,'issue_tracking'),(112,12,'time_tracking'),(113,12,'news'),(114,12,'documents'),(115,12,'files'),(116,12,'wiki'),(117,12,'repository'),(118,12,'boards'),(119,12,'calendar'),(121,13,'issue_tracking'),(124,13,'documents'),(125,13,'files'),(126,13,'wiki'),(129,13,'calendar'),(131,14,'issue_tracking'),(132,14,'time_tracking'),(133,14,'news'),(134,14,'documents'),(135,14,'files'),(136,14,'wiki'),(137,14,'repository'),(138,14,'boards'),(139,14,'calendar'),(140,14,'gantt'),(141,15,'issue_tracking'),(142,15,'time_tracking'),(143,15,'news'),(144,15,'documents'),(145,15,'files'),(146,15,'wiki'),(147,15,'repository'),(148,15,'boards'),(149,15,'calendar'),(150,15,'gantt'),(151,16,'issue_tracking'),(152,16,'time_tracking'),(153,16,'news'),(154,16,'documents'),(155,16,'files'),(156,16,'wiki'),(157,16,'repository'),(158,16,'boards'),(159,16,'calendar'),(160,16,'gantt'),(161,17,'issue_tracking'),(162,17,'time_tracking'),(163,17,'news'),(164,17,'documents'),(165,17,'files'),(166,17,'wiki'),(167,17,'repository'),(168,17,'boards'),(169,17,'calendar'),(170,17,'gantt'),(171,18,'issue_tracking'),(172,18,'time_tracking'),(173,18,'news'),(174,18,'documents'),(175,18,'files'),(176,18,'wiki'),(177,18,'repository'),(178,18,'boards'),(179,18,'calendar'),(180,18,'gantt'),(181,19,'issue_tracking'),(182,19,'time_tracking'),(183,19,'news'),(184,19,'documents'),(185,19,'files'),(186,19,'wiki'),(187,19,'repository'),(188,19,'boards'),(189,19,'calendar'),(190,19,'gantt'),(191,20,'issue_tracking'),(192,20,'time_tracking'),(193,20,'news'),(194,20,'documents'),(195,20,'files'),(196,20,'wiki'),(197,20,'repository'),(198,20,'boards'),(199,20,'calendar'),(200,20,'gantt'),(201,20,'contacts_module'),(202,21,'issue_tracking'),(203,21,'time_tracking'),(204,21,'news'),(205,21,'documents'),(206,21,'files'),(207,21,'wiki'),(208,21,'repository'),(209,21,'boards'),(210,21,'calendar'),(211,21,'gantt'),(212,22,'issue_tracking'),(213,22,'documents'),(214,22,'files'),(215,23,'issue_tracking'),(216,23,'time_tracking'),(217,24,'issue_tracking'),(218,24,'news'),(219,24,'documents'),(220,24,'files'),(221,24,'wiki'),(222,24,'repository'),(223,24,'calendar'),(224,25,'issue_tracking'),(225,25,'news'),(226,25,'documents'),(227,25,'files'),(228,25,'wiki'),(229,25,'repository'),(230,25,'boards'),(231,26,'issue_tracking'),(232,26,'news'),(233,26,'documents'),(234,26,'files'),(235,26,'wiki'),(236,26,'repository'),(237,27,'issue_tracking'),(238,27,'news'),(239,27,'documents'),(240,27,'files'),(241,27,'wiki'),(242,28,'issue_tracking'),(243,28,'news'),(244,28,'documents'),(245,28,'files'),(246,28,'wiki'),(247,28,'repository'),(248,29,'issue_tracking'),(249,29,'news'),(250,29,'documents'),(251,29,'files'),(252,29,'wiki'),(253,29,'repository');
/*!40000 ALTER TABLE `enabled_modules` ENABLE KEYS */;
UNLOCK TABLES;

--
-- Table structure for table `enumerations`
--

DROP TABLE IF EXISTS `enumerations`;
/*!40101 SET @saved_cs_client     = @@character_set_client */;
/*!40101 SET character_set_client = utf8 */;
CREATE TABLE `enumerations` (
  `id` int(11) NOT NULL AUTO_INCREMENT,
  `name` varchar(30) NOT NULL DEFAULT '',
  `position` int(11) DEFAULT '1',
  `is_default` tinyint(1) NOT NULL DEFAULT '0',
  `type` varchar(255) DEFAULT NULL,
  `active` tinyint(1) NOT NULL DEFAULT '1',
  `project_id` int(11) DEFAULT NULL,
  `parent_id` int(11) DEFAULT NULL,
  `position_name` varchar(30) DEFAULT NULL,
  PRIMARY KEY (`id`),
  KEY `index_enumerations_on_project_id` (`project_id`),
  KEY `index_enumerations_on_id_and_type` (`id`,`type`)
) ENGINE=InnoDB AUTO_INCREMENT=13 DEFAULT CHARSET=utf8;
/*!40101 SET character_set_client = @saved_cs_client */;

--
-- Dumping data for table `enumerations`
--

LOCK TABLES `enumerations` WRITE;
/*!40000 ALTER TABLE `enumerations` DISABLE KEYS */;
INSERT INTO `enumerations` VALUES (1,'??????',1,0,'IssuePriority',1,NULL,NULL,'lowest'),(2,'??????????',2,1,'IssuePriority',1,NULL,NULL,'default'),(3,'???????',3,0,'IssuePriority',1,NULL,NULL,'high3'),(4,'???????',4,0,'IssuePriority',1,NULL,NULL,'high2'),(5,'???????????',5,0,'IssuePriority',1,NULL,NULL,'highest'),(6,'???????????????? ????????????',1,0,'DocumentCategory',1,NULL,NULL,NULL),(7,'??????????? ????????????',2,0,'DocumentCategory',1,NULL,NULL,NULL),(8,'??????????????',1,0,'TimeEntryActivity',1,NULL,NULL,NULL),(9,'??????????',2,0,'TimeEntryActivity',1,NULL,NULL,NULL),(10,'????????????',3,0,'TimeEntryActivity',1,NULL,NULL,NULL),(11,'????',5,0,'TimeEntryActivity',1,NULL,NULL,NULL),(12,'?????? ????????',4,0,'TimeEntryActivity',1,NULL,NULL,NULL);
/*!40000 ALTER TABLE `enumerations` ENABLE KEYS */;
UNLOCK TABLES;

--
-- Table structure for table `groups_users`
--

DROP TABLE IF EXISTS `groups_users`;
/*!40101 SET @saved_cs_client     = @@character_set_client */;
/*!40101 SET character_set_client = utf8 */;
CREATE TABLE `groups_users` (
  `group_id` int(11) NOT NULL,
  `user_id` int(11) NOT NULL,
  UNIQUE KEY `groups_users_ids` (`group_id`,`user_id`)
) ENGINE=InnoDB DEFAULT CHARSET=utf8;
/*!40101 SET character_set_client = @saved_cs_client */;

--
-- Dumping data for table `groups_users`
--

LOCK TABLES `groups_users` WRITE;
/*!40000 ALTER TABLE `groups_users` DISABLE KEYS */;
INSERT INTO `groups_users` VALUES (4,1),(4,14),(4,17),(4,18),(4,22),(5,1),(6,1),(7,1),(8,1),(9,1),(12,1),(12,13),(15,1),(19,20),(19,21),(19,23);
/*!40000 ALTER TABLE `groups_users` ENABLE KEYS */;
UNLOCK TABLES;

--
-- Table structure for table `issue_categories`
--

DROP TABLE IF EXISTS `issue_categories`;
/*!40101 SET @saved_cs_client     = @@character_set_client */;
/*!40101 SET character_set_client = utf8 */;
CREATE TABLE `issue_categories` (
  `id` int(11) NOT NULL AUTO_INCREMENT,
  `project_id` int(11) NOT NULL DEFAULT '0',
  `name` varchar(30) NOT NULL DEFAULT '',
  `assigned_to_id` int(11) DEFAULT NULL,
  PRIMARY KEY (`id`),
  KEY `issue_categories_project_id` (`project_id`),
  KEY `index_issue_categories_on_assigned_to_id` (`assigned_to_id`)
) ENGINE=InnoDB DEFAULT CHARSET=utf8;
/*!40101 SET character_set_client = @saved_cs_client */;

--
-- Dumping data for table `issue_categories`
--

LOCK TABLES `issue_categories` WRITE;
/*!40000 ALTER TABLE `issue_categories` DISABLE KEYS */;
/*!40000 ALTER TABLE `issue_categories` ENABLE KEYS */;
UNLOCK TABLES;

--
-- Table structure for table `issue_relations`
--

DROP TABLE IF EXISTS `issue_relations`;
/*!40101 SET @saved_cs_client     = @@character_set_client */;
/*!40101 SET character_set_client = utf8 */;
CREATE TABLE `issue_relations` (
  `id` int(11) NOT NULL AUTO_INCREMENT,
  `issue_from_id` int(11) NOT NULL,
  `issue_to_id` int(11) NOT NULL,
  `relation_type` varchar(255) NOT NULL DEFAULT '',
  `delay` int(11) DEFAULT NULL,
  PRIMARY KEY (`id`),
  UNIQUE KEY `index_issue_relations_on_issue_from_id_and_issue_to_id` (`issue_from_id`,`issue_to_id`),
  KEY `index_issue_relations_on_issue_from_id` (`issue_from_id`),
  KEY `index_issue_relations_on_issue_to_id` (`issue_to_id`)
) ENGINE=InnoDB DEFAULT CHARSET=utf8;
/*!40101 SET character_set_client = @saved_cs_client */;

--
-- Dumping data for table `issue_relations`
--

LOCK TABLES `issue_relations` WRITE;
/*!40000 ALTER TABLE `issue_relations` DISABLE KEYS */;
/*!40000 ALTER TABLE `issue_relations` ENABLE KEYS */;
UNLOCK TABLES;

--
-- Table structure for table `issue_statuses`
--

DROP TABLE IF EXISTS `issue_statuses`;
/*!40101 SET @saved_cs_client     = @@character_set_client */;
/*!40101 SET character_set_client = utf8 */;
CREATE TABLE `issue_statuses` (
  `id` int(11) NOT NULL AUTO_INCREMENT,
  `name` varchar(30) NOT NULL DEFAULT '',
  `is_closed` tinyint(1) NOT NULL DEFAULT '0',
  `is_default` tinyint(1) NOT NULL DEFAULT '0',
  `position` int(11) DEFAULT '1',
  `default_done_ratio` int(11) DEFAULT NULL,
  PRIMARY KEY (`id`),
  KEY `index_issue_statuses_on_position` (`position`),
  KEY `index_issue_statuses_on_is_closed` (`is_closed`),
  KEY `index_issue_statuses_on_is_default` (`is_default`)
) ENGINE=InnoDB AUTO_INCREMENT=12 DEFAULT CHARSET=utf8;
/*!40101 SET character_set_client = @saved_cs_client */;

--
-- Dumping data for table `issue_statuses`
--

LOCK TABLES `issue_statuses` WRITE;
/*!40000 ALTER TABLE `issue_statuses` DISABLE KEYS */;
INSERT INTO `issue_statuses` VALUES (1,'??????? ??????',0,1,1,NULL),(2,'??????? ?????? ?? ?????',0,0,2,NULL),(3,'??????? ?????? ????????????',0,0,3,NULL),(5,'?????? ??????',1,0,8,NULL),(6,'?????????',1,0,9,NULL),(7,'??????????? ???????!',0,0,7,NULL),(8,'??????? ?????? ?? ?????????',0,0,4,NULL),(9,'?????????? ?? ?????',0,0,5,NULL),(10,'??????? ??????? ??',0,0,6,NULL);
/*!40000 ALTER TABLE `issue_statuses` ENABLE KEYS */;
UNLOCK TABLES;

--
-- Table structure for table `issues`
--

DROP TABLE IF EXISTS `issues`;
/*!40101 SET @saved_cs_client     = @@character_set_client */;
/*!40101 SET character_set_client = utf8 */;
CREATE TABLE `issues` (
  `id` int(11) NOT NULL AUTO_INCREMENT,
  `tracker_id` int(11) NOT NULL DEFAULT '0',
  `project_id` int(11) NOT NULL DEFAULT '0',
  `subject` varchar(255) NOT NULL DEFAULT '',
  `description` text,
  `due_date` date DEFAULT NULL,
  `category_id` int(11) DEFAULT NULL,
  `status_id` int(11) NOT NULL DEFAULT '0',
  `assigned_to_id` int(11) DEFAULT NULL,
  `priority_id` int(11) NOT NULL DEFAULT '0',
  `fixed_version_id` int(11) DEFAULT NULL,
  `author_id` int(11) NOT NULL DEFAULT '0',
  `lock_version` int(11) NOT NULL DEFAULT '0',
  `created_on` datetime DEFAULT NULL,
  `updated_on` datetime DEFAULT NULL,
  `start_date` date DEFAULT NULL,
  `done_ratio` int(11) NOT NULL DEFAULT '0',
  `estimated_hours` float DEFAULT NULL,
  `parent_id` int(11) DEFAULT NULL,
  `root_id` int(11) DEFAULT NULL,
  `lft` int(11) DEFAULT NULL,
  `rgt` int(11) DEFAULT NULL,
  `is_private` tinyint(1) NOT NULL DEFAULT '0',
  PRIMARY KEY (`id`),
  KEY `issues_project_id` (`project_id`),
  KEY `index_issues_on_status_id` (`status_id`),
  KEY `index_issues_on_category_id` (`category_id`),
  KEY `index_issues_on_assigned_to_id` (`assigned_to_id`),
  KEY `index_issues_on_fixed_version_id` (`fixed_version_id`),
  KEY `index_issues_on_tracker_id` (`tracker_id`),
  KEY `index_issues_on_priority_id` (`priority_id`),
  KEY `index_issues_on_author_id` (`author_id`),
  KEY `index_issues_on_created_on` (`created_on`),
  KEY `index_issues_on_root_id_and_lft_and_rgt` (`root_id`,`lft`,`rgt`)
) ENGINE=InnoDB AUTO_INCREMENT=112 DEFAULT CHARSET=utf8;
/*!40101 SET character_set_client = @saved_cs_client */;

--
-- Dumping data for table `issues`
--

LOCK TABLES `issues` WRITE;
/*!40000 ALTER TABLE `issues` DISABLE KEYS */;
INSERT INTO `issues` VALUES (1,3,20,'????? ???????? ????? ?????????','??? ??????????? ???????? ??????? ?? ????????????? ?????????, ????? ????????, ????? ?????????? ? ???? ??????, ???????? ?? ????? ?????????.',NULL,NULL,1,NULL,2,NULL,1,0,'2013-02-15 19:12:38','2013-02-15 19:12:38','2013-02-15',0,NULL,NULL,1,1,2,0),(2,3,20,'??????? ????? ???? ???????? ????? ??????','?????? ????????? ?? ???????? ?????? ?????, ? ???????, ??????? ?? ????? ???? ??????',NULL,NULL,1,NULL,2,NULL,1,0,'2013-02-15 19:13:44','2013-02-15 19:13:44','2013-02-15',0,NULL,NULL,2,1,2,0),(3,3,20,'?????????? ????? ????? ???????? ??? ???????????','??????? ??? ????? ?????? ?????? ?? ????????? ? ?????????????, ??? ?????? ?????? ?????? ???????? ?? ??????????? ??????, ? ?.?.',NULL,NULL,1,NULL,2,NULL,1,0,'2013-02-15 19:15:18','2013-02-15 19:15:18','2013-02-15',0,NULL,NULL,3,1,2,0),(4,1,2,'??????????????? ????????????','???? ??? ??? ? ??? ?????????????, ????? ?? ?????? ??? ??????????? ??????? ??????? ??????? ?????????? ?????.',NULL,NULL,1,NULL,2,NULL,1,1,'2013-02-15 19:17:47','2013-02-15 19:58:07','2013-02-15',0,NULL,NULL,4,3,4,0),(5,3,20,'???????? ? ????????? ?????????????? ????????  ? ???????????.','?????? ???????? ???????????? ???????? ?? ????????? ??.????????? ? ??? ?????????????? ????????.',NULL,NULL,1,NULL,3,NULL,13,1,'2013-02-16 13:22:01','2013-02-20 13:03:50','2013-02-16',0,NULL,NULL,5,1,2,0),(7,1,9,'?????? - ??????????? ???????? ????????','????? ?????? ???????????? ??????? ??? ???????????.\r\n\r\n??, ??? ?? ?????? ???? ? ????????, ? ? ???, ??? ?? ???????? ???????? ???????? ?? ??????? ? ???? ?????????? ?? ????.\r\n\r\n??? ????? ?????????  ??? ??? ? ?????? ? ???? ?? ???????????, ?? ?? ?????? ????. ????????, ??????? ????? ??????????????? ?? ????? ??????????? ? ????? Rixos ?? ???? 100 ????????. ? ???? ?? ????????? ??? ??????????? ?? ???? 1000 ????????. \r\n???? ?????? ??? ??? ????????, ?? ???????? ? ?????????? ?????? 2 ???? ?? ???? 100 ? ?? ???? 1000 ???????? ? ???????????? ?????????, ??? ?????. ? ????? ??, ??? ???? ???????? ?????.\r\n\r\n?? ????, ??????? ????? ?????? ??????? ??????????? ? ???????? ??????? ????????? ? ????. ??-????? ??????????? ?????? ???????? ??????.\r\n\r\n????? ????? ???? ????????\r\n1. ?????????? ??? ??? ???????? ? ??? ?? ????????? ??? ?????? ??????? ???? ?? ??????? ??????????. ????? ????????? ?????????? ? ????????? ?????.\r\n\r\n2. ?????????? ?? ????????? ??????? ? ??? ????????? ????????? ? ?????????? ??????????.\r\n\r\n3. ??????????? ???? ??? ???????? ?? ?????????, ?????? ??????  ? ???? ??????, ? ?????? ??????? (?? ?? ?????????, ??????, ??????? ? ??), ?????? ??? ???????? - ??? ? ?????? ??????? ???? ?????? ? ??????? ??????\r\n\r\n4. ?????????, ???? ??? ???????, ?? ? ?? ?????????? ? ????????????????\r\n\r\n\r\n??? ??????????? ??????????? ? ???? ??????? (???? ? ?????? ?????? ????????????).\r\n',NULL,NULL,3,17,3,NULL,1,15,'2013-02-19 12:32:18','2013-03-06 20:00:30','2013-02-19',0,NULL,NULL,7,1,2,0),(8,1,14,'????? ???? ????????','? ??????? ???? ????????? ????????? ????? ?????? ??? ???:\r\n- ??????????????? ????????????? \"? ????????? ??????\" (?? ?????????? ???????????, ?? ????? 6-10)\r\n- ??????????????? ????? ?? ??????\r\n- ??????????????? ??????? ?????? ?????.\r\n\r\n1. ????????????? ?????? ?????? ?????.\r\n\r\n?????? ?????? ????? ????????????, ??? ??????? (?? ??????? ????????), ??? ? ???????????, ??????? ????????? ?? ????????? ????? ????? ? ????\r\n\r\n1.1. ???????? ????????? ??????\r\n\r\n1.2. ?????????? ?????? ??????????? ? ???? ?? ???????? (?4).\r\n             - ?????????? ?????? ????????????? ? ????.\r\n             - ?????????? ?????? ????????????? ?? ??????. ?????? ?????? ????? ???? ????????? ?????????? ????? ?? ?????? ????, ?????????????????, ?? ?????? ?????????????.\r\n\r\n1.3.  ?????????? ?????? ????? ?????????????, ? ?????????????? ??????? ? ?????? ???????. \r\n- ?????? ????????? ?? ??????? ?????? \"???????? ????\".\r\n- ????? ????? ??????????? ??????????? ? ???????? ?????? ?????????? ????.\r\n- ???????? ????????? ??????? ?? \"???? ??????\", ? \"???? ???? ?? ?????\" (??? ???????? ?????)\r\n\r\n1.4. ?????? ????? ????? ???????? ? ????? ??? ?????????.\r\n\r\n1.5. ??? ???????? ? ?????? ? ?????????????? ??????????? ????? ?????? ?? ?????? \"???????? ??????? ??????\". ??? ???????? ?? ???????? \"????? ?????\" - ?? \"????? ?????\"\r\n\r\n1.6. ??? ????????? ?????????? ????? ?? ????????? ?????? ????? ?????? ?? ?????? \"?????????\" ??? ??????????? ???? ? ??????. ?????????????? ??????? ?? ???????? ? ?????????? ????? (?2).\r\n\r\n1.7. ????????????? ???? ??????????? ? ???????.\r\n\r\n1.8. ? ????????? ???????? ???? ????? ???????, ??? ?? ???????, ??? ? ?? ???????? ????????? ????, ????? ?????? \"?????????\"\r\n\r\n1.9. ?? ???????? ???????? ???? (?5), ?????? ???????? ???????: \r\n- ????????? ?????? ?????????\r\n- ?????????? ? ???????????? ????\r\n\r\n2. ????????????? ?????? ? ??????? \"? ????????? ??????\".\r\n\r\n2.1. ??? ??????? ?? ???? ??? ?????? \"?????????\" ?????? ????? ???????? ?? ???????? ?????????? ???????? ????.\r\n\r\n?????????? ????????:\r\n- ??? ??????????? ?????? ?????? ?? ??????? ? ?????????? ????? ? ???????\r\n- ??? ??????????? ???????? ???? ??? ? ??????? ? ???????? ?????????? ????????? ?????',NULL,NULL,1,NULL,2,NULL,1,0,'2013-02-19 13:01:39','2013-02-19 13:01:39','2013-02-19',0,NULL,NULL,8,1,2,0),(9,1,14,'?????????? ? ?????????? ??????????? ? ?????? ?????????','*1. ?????????? ?????? ?????????????? ????????  ???????????? ???? ?? ???????? ??? ?????????? ????????.* \r\n\r\n??? ????????????? ?????????? ?????? ?????????? ??????? ??????? \"??? ????????\"\r\n??? ????????????? ?????????? ?????? ???? ?????? ???? ????????? ? ????????????, ? ?? ????? ???? ???????? ????? ????. \r\n??? ???? ?????? ???? ???????? ????????? ???????:\r\n\"? ?????????, ???? ?? ??? ??? ??????????\"\r\n\r\n*2. ? ???? ???????? ?????? ???? ????????? ????? ???????? ???????*\r\n\r\n*3. ? ?????? ???????? ??????? ?? ??? ?????? ???? ??????????? ?????????????? ??????????? ???????.*\r\n\r\n??????? ????? ???????? ???????:\r\n\"??? ?????? ???? ???????.\r\n????????? ??? ????? ??????????? ? ???? ????????.\r\n??? ?????: pupkin@mail.ru\r\n??? ?????? ??? ????????? ?? ?????????? E-mail, ??? ?? ?????? ???????? ?? ????? ????????.\"\r\n\r\n*4. ???????????????? ??????? ?????? ?????? ???????? ???????????? ? ??????? ????*\r\n\r\n*5. ? ???? ???????? ?????????? ???????? \"??????? ???????\" (??????? ???????)*\r\n\r\n*6. ?? ?????????? ?????? ????? ????? ???????????? ??????.*\r\n\r\n? ????-???? ??? ?????????? ???? ?????? ???????????? ???????? (?????????? ???????? ?????? \"?? ??????\") ? ???????? ????????? ???????:\r\nhttp://www.ittour.com.ua/tour-search-all-ajax.html?kid%5B%5D=0&tid%5B%5D=1&cid%5B%5D=338&rid%5B%5D=-1&hcid%5B%5D=4&hcid%5B%5D=78&hotel%5B%5D=-1&food%5B%5D=-1&nid%5B%5D=6+-+8&nightsFrom=7&nightsTo=7&dateFrom=09.02.13&dateTo=17.02.13&pid%5B%5D=10+000&priceFrom=&priceTo=&adults=2&children=0&dcid%5B%5D=-1&oid%5B%5D=-1&showAvailableOnly=on&toursPerPage=50&tour_id=%D0%9F%D0%BE%D0%B8%D1%81%D0%BA+%D0%BF%D0%BE+ID+%D1%82%D1%83%D1%80%D0%B0&page_name=%2Ftour-search-all-ajax.html&alt_dcid[]=2014&alt_dcid[]=1225&alt_dcid[]=1764&alt_dcid[]=1224&alt_dcid[]=449&alt_dcid[]=1212&alt_dcid[]=1745&alt_dcid[]=1864\r\n\r\n*7. ? ??????? \"? ????????? ??????\" ????? ????????? ??? ????????, ??? ? ????????????? ????*\r\n\r\n*8. ??? ??????????? ????? ???????????? ?????? ? ????????? ????????????? ?????????? ?????????.*\r\n\r\n????????, \"??? ?????????!\" ? ????????? ?????? ?? ??????? ? ??????????.\r\n\r\n*9. ??? ?????? ??????? ??????, 1-? ??????? ????? ???????? \"???????????? ?????? ? ?????...\".* \r\n\r\n? ???? ?? ????????? ??????? ??? ??????, ??????? ???? ? ??????? ? ???????????? ?????????????? ????? (???????????? ????? ?? ??????, ??? ????????? ????). \r\n????????? ????? ? ???? ????????? ???????? ? ?????????? ????? ????? ?? ???????? ????? ??????\r\n \r\n* 10. ?????????? ?????? ?? ???????? ????? ? ???????? ? ? ????????*',NULL,NULL,1,NULL,2,NULL,1,0,'2013-02-19 13:03:33','2013-02-19 13:03:33','2013-02-19',0,NULL,NULL,9,1,2,0),(10,1,14,'???????????','*1. ??? ??????????? ?????????? ????? ? E-mail ???????.*\r\n??? ????????? ???? ????? ????????? ? ???? ????????.\r\n\r\n- ????? ??????????? ?? E-mail ???????? ?????? ? ???????? ???????:\r\n?????: E-mail\r\n??????: ????????????\r\n\r\n- ?????? ????? ???????? ?? ????? ????????.\r\n\r\n- ?????? ?????????????????? ???????? ????????????? ?? ??\r\n\r\n- ?????? ???????????? (??????????) ??? ????? E-mail.\r\n\r\n???????:\r\n\r\n- ????? ?? ???????????? ????????????\r\n\r\n- ????? ?????? ????????? ?? ???????? ????? ????????? ????? ???? \"???????\", ????????, ??????? ????????? ?? ???????? ?? ??????\r\n\r\n- ????? ?? ??????? ? ???? ??????? ??? ????? ????????? ? ??? ??????? ?? ????? ???????????? ????????? ???????',NULL,NULL,1,NULL,2,NULL,1,0,'2013-02-19 13:04:47','2013-02-19 13:04:47','2013-02-19',0,NULL,NULL,10,1,2,0),(11,1,14,'???????????? ???? ????????','??? ???????????? ???? ?????? ?????? ?????????? ????????? ????????:\r\n\r\n1. ??????? ??????????? ???? ? ?????????, ??? ????? ?????????????? ???????? ????????????, ???? ???? ????????? (? ???????? ?5 ???????? ??????????????? ??????????, ??????????? ???????? ???????????? ? ????-???).\r\n\r\n2. ?? ???????? ????? ???????? ???????, ??????? ? ???????????? ????\r\n\r\n3. ?????? ?????????? ?????? ?????????? ???? (???????? ?9)(?????????? ???? ??????????? ????????? ?????????? ?????? ????? ?? ????? ????????). ???? ?????? ?????????? ???? ???? ? ???????, ??????? ????????? ? ???? ????????, ? ?????????? ???? ???????? ?????, ?????????? ???????, ?????? ??????? ?????? ???? ????????????? ? ????? ??????. ??? ???? ??????????? ?????????????? ???? ?????? ???????????. \r\n????? ?????? ????? ???? ?????? ???????? ??? ???????? ? ???????.\r\n\r\n4. ??????? ?????? ?????? (?10)\r\n\r\n5. ???????? ??? ??????????? ???? ?? ??????\r\n\r\n6. ?????????????\r\n\r\n\r\n\r\n*??????????.*\r\n\r\n1. ?? ???????? ????? ???????? ???? \"???? ?????? ????????\" (????? \"???? ????????\"\r\n\r\n2. ??????? ? ??? ????????? ???? ????????? ?? ????? ?????.\r\n\r\n3. ??? ?????? ???????? \"? ????? ?????????? ?????? ?????\" ?????????? ? ?????????? ???? ??????????? ? ???, ??? \"?????????? ? ???, ??? ???? ????????? ???????? ???????? ?? ????? ???? ?????? 6-?? ??????? ? ???? ?????????? ???? ? ???????? ??????? ?????????? ???????? ?? ???????????? ????????????? ?????\".\r\n??????, ? ??????? ?? ??????? ?????? ?????????? ??? ? ???? ????????, ??? ? ? ?? ?????? ? ???.\r\n????? ???????? ?????? ????????? ?????????\r\n\r\n4. ?? ???????? ?????? ??????? ?????? ???????? ?????????? ? ??????????? ????? ??????????, ??????? ????? ??????????? ?? ???????: ????????? ???????? ??????? (? ????????? ?? ???? ????) ??? ?????????.\r\n???? ??????? ??????? ?? ?????? ?????? ????. ? ??????? ???????????? ?? ????. ? ???????, ????? ?? ?????? ???? ????? , ??? ?? 30 ???? ?? ?????? ????, ??? ???????, ?? ?????????.\r\n?????? ?????? ???????: ?????????? ??????????? ????? ?????????? ??? ?????? ???? ????.\r\n? ?????? ?????? ??????????? ????? ??????????, ????????????? ?????? ?????? ???? ??????????? ? ??????? 3-? ???? ?? ??? ????????????? ????.',NULL,NULL,1,NULL,2,NULL,1,0,'2013-02-19 13:05:34','2013-02-19 13:05:34','2013-02-19',0,NULL,NULL,11,1,2,0),(12,1,14,'?????? ???? ????????','? ???????? ???????????? ???? ?????????? ???????? ??? ?????? ????????? ????????.\r\n\r\n*1. ??? ?????? \"?????? ????? ? ????? ????????? ?????\"*\r\n\r\n- ?? ????????? ???? ???????????? ???? ?? ?????? ? ??????? pdf.\r\n- ????? ?????????? ?????? ?????? ?????? ?????? ?? ?????? (????, ?????, ????????? ?????)\r\n- ????????? ???????????? ????? ?????? ??? ?????? ?? ? ??????\r\n- ?????? ?????? ?????? ??????????\r\n\r\n*2. ?????, Webmoney, (?????????).*\r\n\r\n- ????? ????? ?????? ????? ?????? ????????????? ? ?????? ? ?????????? ?? ??????\r\n\r\n*3. ??? ?????? ???????? ?????? ? ????????-???????? ???????????? ?????? ?????????.* \r\n\r\n- ?? ????????? ???? ???????????? ??? ?? ????????? ????? ? ??????? pdf. \r\n- ???? ???? ???????????? ?? E-mail ????????-???????? ? ?????????? ????????? ??????? ??? ?????? ??? ?????????? ? ????????? ?????????. ??? ?? ?? E-mail ???????? ?????? ???????????????? ???? (??? ?????? ????????), ??????? ?????????? ?????? ?????????.\r\n\r\n*4. ??????? ???????? ?????????? ?????????? ????????? ??????????*\r\n\r\n\r\n*??????????.*\r\n\r\n1. ?????????? ? ?????? ???????? ???????? ?????, ?????? ?????? ??????? ??????????.\r\n\r\n2. ?????? ?????? \"????????? ??????\" ????? ?????? \"?????\" ??? \"??????? ? ?????????? ????\". ????? ????? ?????? \"?????????\".\r\n\r\n3. ???? ??????????? ??? ?????? ?????? ? ????????-???????? ?? ?????\r\n\r\n4. ????? ?????? ???????????? ? ?????? ?????? ??????? (???? ????????????? ?????? ??????)\r\n\r\n5. ?? ???????? ?????? ??????? ??????, ????? ???????? \"???????????? ?????? ? ?????...\". \r\n? ???? ?? ????????? ??????? ??? ??????, ??????? ???? ? ??????? ? ???????????? ?????????????? ????? (???????????? ????? ?? ??????, ??? ????????? ????). \r\n????????? ????? ? ???? ????????? ???????? ? ?????????? ????? ????? ?? ???????? ????? ??????.\r\n\r\n6. ???? ?? ?????? ???????????? ? ?????? ? ???? ???????? ???????',NULL,NULL,1,NULL,2,NULL,1,0,'2013-02-19 13:06:36','2013-02-19 13:06:36','2013-02-19',0,NULL,NULL,12,1,2,0),(13,1,14,'?????????? ??????????? \"? ????????? ??????\"','???? \"? ????????? ??????\" - ??? ??????? ????, ?? ? ?????????? ?????.\r\n??? ???????? ? ??????????? ???? \"? ????????? ??????\" ?????????? ?????????? ????????? ????????:\r\n\r\n1. ???????? ???????? ??????? ???? ? ??\r\n    - ???????? ? ????-??? ???? ??? ? \"??? ????\", ?????????? ??? ??????? ? ??????? ??, ?????? ??????????? ?? ???????? \"? ????????? ??????\"\r\n    - ??????? ????? ???? ? ?? \"?????? ? ???\" ? ??????????? ??? ?? ???????? \"? ????????? ??????\"\r\n    - ?????? ??????? ???\r\n\r\n2. ???????? ??? ???? (???? ????? ????)\r\n\r\n3. ?????????? (???????? ???????????)\r\n\r\n4. ???????????? ???? (??????? ???? ?? ?????? ? ? ?????, ???????????? ???????????? ????) ??????????? ????????????? (??????????? ???????????? ???).\r\n??? ????????????? ?????????? ????????, ??????? ????????? ???? ????????? ?????????????, ? ????? ???? ???????????.\r\n??? ???? ??????????? ??????? \"??? ??????????\", ??? ????????? ?????? ??? ? ????? ????? \"? ????????? ??????\"\r\n\r\n5. ???????????? ???? ?????????? ?? ??????? ?????\r\n\r\n6. ?? ???????? \"???? ? ????????? ??????\" ??????????? ???????:\r\n    - ????? (???, ??)\r\n    - ??????\r\n    - ????????',NULL,NULL,1,NULL,2,NULL,1,0,'2013-02-19 13:10:45','2013-02-19 13:10:45','2013-02-19',0,NULL,NULL,13,1,2,0),(14,1,14,'???????? ??????? ?? E-mail ? ??? ????????. ????? ??????????','???????? ???????? ????? ?? ???????? ???????????? ?????.\r\n\r\n???????? ?????????????? ? ???? ???????? ???????.\r\n\r\n????? ??????????? ?? \r\n - ??????????? \"? ????????? ??????\"\r\n - ?????? ??????????? \"? ????????? ??????\" \r\n - ???? ?? ???? ??????????\r\n - ??????? ?????\r\n\r\n1. ???? ?? ???? ??????????.\r\n\r\n??? ???????? ?? \"???? ?? ???? ??????????\" ?????? ?????? ?????????? ?????????? ????????? ????????, ??????????? ???????? ???? ????????, ?????? ?????? ???????? (? ???? ?? ????) ? ????????? ??????.\r\n\r\n????????? (? ?????? ?????????) ?????????? ?????? ????? ?? ???????? ???????? ???????.\r\n? ?????? ?????????????? ?????????? ?????? 20 ?????, ??????????????? ?? ????, ??????????? ?? ??????? ???????? ??????? \"???? ?? ????????\".\r\n\r\n???????? \"???? ?? ????????\" ??????? ?? ?????? ??????? (?????? - ???). \r\n\r\n?????? ?????:  ???? ? ???????? ????????, ????? ????? - \"???????? ?????? ?????\" ? ???????? ??????? ?? ?????????? ?????? ?? ???????? ???????? ? ????????? ???????? ?????????? ?????? ?????.\r\n\r\n???? ???????? ?????????, ?? ??????????? ????????? ?????? ?? ?????? ????. \r\n\r\n???? ????????? ?????? ?????????????, ?? ? ????? ????????????? ??????? \"????? ?? ???????. ?????????? ???????? ????????? ????????\" \r\n\r\n????? ? ???????? ???????????? ?? 30 ????, ????? ?????? ????? ?????????.\r\n\r\n?????????? ? ???, ??? ????? ?? ??????? ?? ???????????.\r\n\r\n??? ??????????  ?? ???? ???????? ?? ???????????.\r\n\r\n???????? (??????) ????? ???????????????, ??????? ??? ??????????????.\r\n\r\n?????????? ?????? (?? ???? ?????? ????) ????????????? ??????????????\r\n\r\n??? ?????? ???????????? ? ?? ? ????? ?? ?? ??????????????? ??????????\r\n\r\n\r\n2. ???????? \"? ????????? ??????\"\r\n\r\n???????:\r\n- ??????\r\n- ????? ??????\r\n- ?????? ??????????????\r\n\r\n??????????? ???? ?????? (????? ??????????? ???????????? ????? ? ??????? ??????). ?????? ? ?????? ?????? ???????? ?? ?? ?? ??????????? ??? ??????? \"? ????????? ??????\", ?? ????? ??????????.\r\n\r\n???????? ???????? ????? ???. ? ???? ?????? ??????????????? ?????????????? ????????: ?????? ???????? (1 ??????, 2 ??????, 3 ??????, 1 ?????). ?????? ?????? ??????? ????? ????????? ? ??????? ??????? ????????, ???????? ?????. \r\n?????? ????? ?????? ??? ???????? (????? ????????? ??????? ????????) ????? ????? ?????????????? ?????? ????????.\r\n\r\n3. ???????? ?? ?????? ??????????? \"? ????????? ??????\"\r\n\r\n??? ???????? ?? ?????????? ???????? ????????\r\n\r\n???????? ???, ?????? ???????????? ???????? E-mail ? ??? (????????)\r\n\r\n??????? ? ???????? ????????? ????????.\r\n\r\nE-mail ???????? ???????????? ????????????? ??? ???????????\r\n\r\n\r\n4. ???????? ?? ??????? ????? \r\n\r\n??? ???????? ?? ?????????? ???????? ????????\r\n\r\n???????????? ???????? E-mail ? ??? (????????)\r\n\r\n??????? ? ???????? ????????? ????????.\r\n\r\nE-mail ???????? ???????????? ????????????? ??? ???????????',NULL,NULL,1,NULL,2,NULL,1,0,'2013-02-19 13:11:19','2013-02-19 13:11:19','2013-02-19',0,NULL,NULL,14,1,2,0),(15,1,14,'??? ??????? ???????. ?????????????? ???????????','??? ???????? ?????? ??????? ??????? ??????????? ??? ???????\r\n\r\n??????????? ????? ????????:\r\n\r\n1. ????????????? ???? ?????????? ??????, ???????? ??????\r\n\r\n2. ????????? ?????????\r\n\r\n3. ????????? ????????? ? ??????????, ????????? ????????\r\n\r\n4. ?????? ???? ??????? ? ???????? ?? ?????? (????????, ???????)\r\n\r\n5. ?????? ? ???????? ???????? ??????????? ????????? ? ???????? ?? ??????\r\n\r\n6. ????????? ?????? ???????? (?????? ?? ??????)\r\n\r\n7. ????????? ?????? ????????:\r\n      - ????????? ?????? (???????? ??????????)\r\n      - ?????????? ?????? (???????? ? ?????????)\r\n     - ?????????? ??????? ?????????????? ???????\r\n\r\n8. ????????? ?????? ?????????? ?? ???????? (E-mail ? ???):\r\n    - ??????? ?????\r\n   - ?????? ??????????? ? ????????? ??????\r\n   - ??????????? \"? ????????? ??????\" ? ????????? ???????????\r\n   - ???? ? ????????? ???????????\r\n\r\n9. ???????? ??????????? ??????\r\n\r\n10. ??????????? ? ??????????? ????????? ?? ??????????? ????????:\r\n     - ?????? ????? ????????? ? ???????????? (id)\r\n     - ?????? ?????? (id) ????? ????????? ? ???????????? ? ?????, ??????????? ?? ??? ?? ???????? ????.',NULL,NULL,1,NULL,2,NULL,1,0,'2013-02-19 13:11:53','2013-02-19 13:11:53','2013-02-19',0,NULL,NULL,15,1,2,0),(16,1,14,'????????????? ???????? ? ?????? ? ????-???','1. ??????? ??????? ????????????? ????????????? ? ?? ?????? ? ??? ? ? ???????? \"?????? ? ???\" ? ????-??? ?? ???????? ???????. ??????? ???????? ??????????????????.\r\n\r\n2. ?????????? ?? \"??? ????\" ? ???????? ????-??? ?????????????? ? ?? \"?????? ? ???\" ? ????????????? ? ???????? ???????? ? ?????? ?????? (?????????? ???????? ???? ??? ????????)\r\n\r\n3. ?????? ??????? ??????????? ? ?? \"?????? ? ???\" ? ?????:\r\n     -  ???? ?????? ???????? ? ? ?? ??????? ??? ?????? ???????? (????? ??????? \"???????? ????????????\"), ??? ????????????? ?????????????? ? ????-??? ? ??????????? ??? ??? ????????????\r\n    - ???? ?????? ??? ?? ???????? ? (???) ? ?? ?? ??????? ????????????? ?????? ????????, ??? ????????????? ?????????????? ? ????-??? ? ??????????? ? ??????? \"?????????????? ??????\"\r\n\r\n4. ?????? ????????? ?????? ??????????????? ? ????-??? (????????????? ?? ????-???)\r\n\r\n5. ?????? ? ????????????? ??????????? ?????????? ? ?????? ???????? ???????????????? ? ????-??? ??  ?????? ???????? (??? ?????? ??????????? ? ????-??? ? ??????? \"?????????????? ??????). ????? ????????? ?????? ????????, ??? ????????? ????????????? ? ? ?????? ?? ??????? \"?????????????? ??????\".\r\n????????????? ????? ?????, ??? ?? ?? \"?????? ? ???\", ??? ? ?? ???????? \"?????? ? ???\" ? ????-???.\r\n\r\n6. ???????????? \"?????????????? ??????\" ???????????? ? ??????  ??????.\r\n- ????? ???????????? ?????? ?? ??????? \"?????????????? ??????\" ??? ???????????? ? ?????? \"??????\" ? ???????? ????-???.\r\n? ???? ?????? ? ?? \"?????? ? ???\" ???????? ?????????????? ????? ???? ?????? ? ????? ??????? ? ????????? ????????????? ???????? ?????????.\r\n- ???? ?????? ? ????? ??????? ?? ???????, ?? ???? ????????????? ? ??  ???????? \"?????? ? ???\", ??????? ????? ???????? ????????????? ? ??????? ?? ?????? ????? ?????? ? ???????.',NULL,NULL,1,NULL,2,NULL,1,0,'2013-02-19 13:12:32','2013-02-19 13:12:32','2013-02-19',0,NULL,NULL,16,1,2,0),(17,1,14,'?????? ????????? ? ????????? ???????','1. ?????? ?????? ????????.\r\n1.1. ????? ???????? ??????? ?? ???????? \"??????????? ????\" ?? ????????????? ? ???? ???????? ?? ??????? ??????? ?? ???????? \"?????\"\r\n\r\n??????? ???????, ??????? ?????????? ??????????:\r\n- ?????\r\n- ? ??????\r\n- ????????? \r\n\r\n??????? ???????, ??????? ?????????? ????????:\r\n- ????????\r\n- ??????\r\n\r\n???? ?????? \"????????\" ??? \"?????????\" ?? ?????????? \"?????\" ? ????? 2 ??? ????????? ? ????? ???????? (? ???? ???????? ? ? ?? ?????).\r\n\r\n?? ??????? ??????? ???????????? ?????? ???????? ??????? (? ? ??????? 2-? ???? ??????????? ? ????????????)\r\n\r\n??? ????? ?? id ??????? ??????????? ??????????? ????\r\n\r\n?????? ????? ??????? ?????? ?? ?????? ??????? (?????? ??? ?????? \"??????? ??????\"), ??? ???? ?? ???????? ?? ???????? ???????? ?????????? ?????? ?????????? ????.\r\n\r\n\r\n1.2. ?????? ????? ????????????? ? ?? ????? ? ? ???????? \"?????? ? ???\" ? ??????? ????-???. ?? ????????? ????? ??????? ? ??????? ????-??? ????? ????? ?????? ??????? ??????, ??????? ????? ?????????????? ? ?? \"?????? ? ???\" ? ?? ?? ? ??? ??????? ???????.\r\n\r\n1.3. ?????? ????? ???? ?????? ???????? ????? ?? ??????? ????? (\"????????? ???, ??? ??????\")\r\n\r\n\r\n2. ?????? ?????? ?????????? ??? ???????.\r\n\r\n2.1. ?????? ????????? ? ????-??? ????? ???????? ?????????? ????? ? \"??? ????\" (?????? ???????) ? ??????????? ????????? ?????? ?? ??? ? ?? \"?????? ? ???\".\r\n????? ???? ?????? ????? ???? ?????? ??????? ??? ??????????? ? ???????? ??????? (???????? id ????????).\r\n\r\n2.2. ???????????????? ??????? ????? ????????????? ? ???????? \"?????? ? ???\" ? ??????? \"????-???\" ?? ???????? ???????.\r\n\r\n2.3 ??????, ???????? ??????????? ????? ? ????????? ???????, ??????? ??????, ????? ?????? ???????? ??? ?????? ?? \"?????????\".\r\n???? ??? ????? ??? ?? ???????????, ?? ???????? ??????? ????????.\r\n\r\n2.4 ???? ?????? ?????????? ???????? (?????? \"??????\") ???????? ????? ??????? ?? ???? ??????.\r\n?????? ????? ??????????????? ????? ? ????????? ???????.\r\n (?????? ????? ???????, ??? ????????, ??? ? ??????).\r\n\r\n2.5. ?????? ???????? ? ??????, ????????? ??????????, ????? ???? ????????? ????? (??? ????????, ??? ? ??????????), ? ???? ?????? ?????? ????? ?????? \"????????\" ( ??? ??????????? ?? ???????? ?????????, ??????????????, ??? ?????, ????? ?? ???????? ? ????????).',NULL,NULL,1,NULL,2,NULL,1,0,'2013-02-19 13:13:30','2013-02-19 13:13:30','2013-02-19',0,NULL,NULL,17,1,2,0),(18,1,14,'?????????? ???????????????? ????? ?????','???????????????? ????? ????? ?????? ???????????? ?????????? ?????????? ????????? (?????????):\r\n\r\n1. ???????\r\n\r\n2. ??????\r\n\r\n3. ????????? (????????? ? ????????)\r\n\r\n4. ???????? ? ???????? (??? ???????? ???????? ???? ?????? ????????)\r\n\r\n5. ????????????-????????\r\n\r\n6. ???????\r\n\r\n7. ? ????????? ??????\r\n   - ??????? ???????????\r\n   - ?????\r\n\r\n8. ???????\r\n    - ????? ?????????????\r\n    - ???????? ????? ?????????????\r\n   - ????? ????????\r\n   - ??????\r\n\r\n9. ???????\r\n    - ??????-?????\r\n    - ??????? ? ???????? ???????\r\n    - ???????\r\n    - ??????\r\n\r\n10. ????????????\r\n    - ?????? ????????????? ? ??????? ???????? ??\r\n\r\n11. ???????? ??????? (????????????? ??????????)\r\n\r\n12. ???????????',NULL,NULL,1,NULL,2,NULL,1,0,'2013-02-19 13:14:19','2013-02-19 13:14:19','2013-02-19',0,NULL,NULL,18,1,2,0),(19,1,14,'???????? ??????? ??? ???????. ??????? ??????. ??????????? ?????','1. ??????? ??? ??????????? ??????????? ???????? ???? ?  ???????.\r\n\r\n1.1.?? ???????? ???? ???????????:\r\n\r\n- 1.0 % ?? ????? \"?????\" ?????? (??????, ? ??????? ?????? ???????? ?????????? ????)\r\n- 0.75 % ?? ????? ??????? \"?????????\" (????????, ??????? ? ???? ???????? ??????? id ??????? ??????? ? ???????? ????, ??????? ????????????? ????????????? ??????? ???????)\r\n- 0.5 % ?? ????? ??????? \"????????????\" (????????, ???????? ??????? ? ???? ???????? ??????? id ???????? ??????? ??????? ? ???????? ????, ??????? ????????????? ????????????? ??????? ???????)\r\n- ?????????????? ????? ?? ??????????? ???? (???????? ? ??)\r\n\r\n1.2. ?????? ????? ???????????? ?????? ?? ?????? ????\r\n\r\n1.3. ????????? \"????????\" ????????.\r\n\r\n- ??????? ? ???? ???????? ????? ???????? ?????????? ? ????, ??????????????? ??? ?????? ??????, ?????? id ??????? ? ??? ?.?.? (?? ????? ?????, ???????, ????? ??? ??????? ? ??? ? ?????????? ?????? ????? ????????).\r\n????? ??????? ?????? \"???????? ??????????\" ?????????? ???????? ? ????????? ??????? ???  ????????. ???????? ?????? ? ???????? ????? ???? ?????? ????.\r\n\r\n1.4. ??????????? ?????????? ? ????????? ? ???? ????????.\r\n\r\n- ?????????? ? ????????? ???????????? ?? ??????? \"??? ???????\"\r\n??? ??????, ? ?????? ?? ????? ???????? ???????? ???????? ? ?????????? ??????????? ???????.\r\n- id ???????? ?????????? ???????? (??????????? ??????? ???? ? ??????? ????????? ??????????), ?????? ????? 1-?? ?????????? ??????? ??? ????????? ??? ??? ???????????.\r\n- ????? ????????? id ???????? ???????????? id ???? ??? ?????? ? ????? ??????????? ??????? ?? ???. \r\n- ??? id ????????? ????? ??????????? id ???????????? ? ???????????? ?????? ????????, ? ? ??? ??????????? ?????? ???????????? ? ???????????? ???????? ?? ???? ???????\r\n- ?????? ???? ???????? (??????? ? ??????) ???????? \"? ???\" ? ????? ?????? ??????????? ???????.\r\n- ?? ????????? ?????? ?????????? ???? ????????? (1-?? ??????)\r\n- ??????? ??????? ???????? ??????????? ?? ????? ?? ?????? \"???????? ???????\". ??? ?????????? ?? ?????? ? ?????????? ?? ?????? id (??? ???????? ?????? ????????. ?? 1-? ????? ????? ?????? ?? ????) \r\n\r\n2. ? ??????????? ?? ?????????? ??????????? ? ??????? ??????? ??????? ?????? ???????? ????????????? ??????.\r\n  - ??? ?????? ?? ??????? ????? 1.0%\r\n  - ????? 2-? - 2.0%\r\n  - ????? 3-? - 3.0%\r\n  - ????? 4-? - 3.5%\r\n  - ????? 5-? - 4.0%\r\n \r\n??????? ?????? ???????????? ? ???????????? ???? ? ?? ???????? ?????? (??? ?????? ???????? ?????? ????) \r\n?????? ?????? ?????????? ?? ????? ?????? ????.\r\n\r\n3. ???????????\r\n\r\n- ? ???? ???????? ????? ??????????? ??????????? ?????? ?? ??????? ???????? ?????.\r\n\r\n- ?????????????????? ????????????, ??????? ?????? ?? ???? ?? ??????????? ?????? ????????????? ?????????? ????????? ????????? ?????? ?????? ?? ????? ???????????? ??????? ?? ???????.\r\n??????? ??????????? ???????? ? ???????? ????????? ??????????? ??????????.',NULL,NULL,1,NULL,2,NULL,1,0,'2013-02-19 13:14:52','2013-02-19 13:14:52','2013-02-19',0,NULL,NULL,19,1,2,0),(20,1,14,'??????????? ????????????, ?????????? ?? ??????????? ??????','???? ??? ????????',NULL,NULL,1,NULL,2,NULL,1,0,'2013-02-19 13:15:28','2013-02-19 13:15:28','2013-02-19',0,NULL,NULL,20,1,2,0),(21,1,14,'????????????? ????????????? ??? ????????? ?????????? ???????????? ??????','????? ???????????? ???????????????? ?? IP ??????.\r\n??? ????????????? ??????.\r\n\r\n? ???????? ?????? \"??????????? ???\" ??????????????? ??????, ???????? IP\r\n\r\n???????????? ?????????? ????????: \"???-???-???\" ? ???????:\r\n   - ??? ??????? ?????? ?? ????????????? IP\r\n   - ip ?????? ?????? (??? ??????? ?????? ??????? ???????)',NULL,NULL,1,NULL,2,NULL,1,0,'2013-02-19 13:15:54','2013-02-19 13:15:54','2013-02-19',0,NULL,NULL,21,1,2,0),(22,1,14,'???????? ??? ??? ??????????? ???????? ??????? ?????','???????? ??? ??? ??????????? ???????? ??????? ?????',NULL,NULL,1,NULL,2,NULL,1,0,'2013-02-19 13:16:24','2013-02-19 13:16:24','2013-02-19',0,NULL,NULL,22,1,2,0),(23,1,14,'????????? ???????????????? ????','1. ??? ????????? ???? ??????? ?????????? ????????? ????????? ?? ????? ???????? ? ????? ??????????.\r\n(? ??????? ??????, ??? ????? ??????? ??????? ?? E-mail. ? ???? ??????, ???????? ???????? ????? ?????? ? ????????? ? ???????? ??? ? ??????? ???????.) \r\n\r\n2. ? ???????? ????????? ???????? ??????????? ?????????? ? ????????? ???????? ???????? ?? ??????? ????????????\r\n\r\n3. ??? ???????? ???????, ???????????? ?????? ???????????? ?? ????????? ??????. ?????? ????????? ?????? ??????????????? \"?????\"\r\n\r\n4. ????? ????????? ? ??????????? ????? ????????????? ?? ???????? ???????, \r\n    - ????????? ???? ? ?????? ?????????? ?? ?????? ??????.\r\n    - ??????? ?????? ???? ???????????? ?? ?????? ??????? ? ???? ????????. \r\n    - ?????? ????????? ?????? ??????????????? *\"????????????\"*,\r\n    - ?????? ??????: *???????? ?????????*\r\n\r\n5.  ????? ?????? ??????? ?? ??????? ???????? ??????? ?????????? ??????? ?? ????????, ????????????? ? ????????. ',NULL,NULL,1,NULL,2,NULL,1,0,'2013-02-19 13:17:47','2013-02-19 13:17:47','2013-02-19',0,NULL,NULL,23,1,2,0),(24,1,14,'??????. ??????? ??????','?????? - ??? ?????????????, ?????????? ??????? ??????? ?????????? ???????????? ?????????? ????.\r\n??????, ? ??????? ?? ???????, ???????? ? ???? ?????? ?????? ?????????? ????.\r\n\r\n*1. ?????????? ?????? ????????.*\r\n\r\n?????? ??????????? ???????? ?? ???????? \"??????????? ????\".\r\n?????? ????? ???? ??????? ?? ????????? ??????? (??????? ?? ?? ?? ???????? ??????????? ???? ??? ??????????? ?????? ???????? ???????)\r\n\r\n*2. ?????? ????????? ??????.*\r\n\r\n?????? ????????? ?????????? ?????????? ? ???????????? ? ?????????? ????? ??????? ? ???????????? (???? ? ??????? ?? ????????? ????????????? ??????)\r\n\r\n ??????????\r\n\r\n ? ??????\r\n\r\n ????????????\r\n\r\n ?????\r\n\r\n- ?????\r\n\r\n ????????????\r\n\r\n ?????????\r\n\r\n\r\n\r\n*3. ?????? ?????? ?????? ???????? ??????????????? ????????????? ????? ???????? ????????? ??????* \r\n\r\n- ????? ? ?????? ???????????? ????????????? ? ?????? ?????? ? ?????? ???????? ???????? ? ???? ?????? ??????? ?? ???????? ?????\r\n\r\n- ??????????? ?????? ????????????? ?????????????, ????? ??????? ?????? ?? ?/? ??????? ? ?????? ? ????? ????????, ? ???? ?????? ?????? ???????? ??????????.\r\n\r\n- ?????? ?????? ????????:\r\n\r\n       ?? ????????\r\n\r\n       ???????? ????????\r\n\r\n       ???????? ?????????\r\n\r\n*4. ?????? ?????? ?????? ????????????* ??????????????? ? ?? ? ?????????? ????????????? ????? ???????? ??????? ????? ?????? ?????? ???????????? (?? ????????????? ????? ?? ??????) ? ???? ??????????? ?????? ????????? ?????????? (???????????)\r\n\r\n- ?????? ?????? ????????????:\r\n\r\n       ?? ????????\r\n\r\n       ???????? ????????\r\n\r\n       ???????? ?????????\r\n\r\n*5. ??????? ????????? ??????????:*\r\n\r\n- ???????? ?? ???????\r\n\r\n- ???????? ????????????\r\n\r\n- ???????? ?? ????????????\r\n\r\n- ???????? ????????\r\n\r\n\r\n\r\n*6. ??????? ??????????? ????????????*\r\n\r\n- ???????????? ????????\r\n\r\n??????? ???????????? ??? ???????????? ? ?????????????? ??????. ?? ?????????????, ???? ??????????? ??????????? ?????????? ?????? ??? ??????????? ????????? ??????? (????? ??????????? ?? ???????? ?????? ??????) ? ??????? ?????? ?????? ?????????? ????.\r\n\r\n\r\n\r\n*7. ?????????? ?????? ? ????-???.*\r\n\r\n- ?????? ???????????? ???????? (????? ????? \"? ????????? ??????\") ????????????? ?????????????? ? ??????? \"?????? ? ???\" ? ????-???? ? ? ?????? ???????? ?????? ?????? ?????????? ???? ? ????????????? ??????  ????? ??????????? ??? ????????????.\r\n\r\n- ???? ? ?????? ??????? ????? \"???????? ?????????? ?????? ???????? ?????\" ??? ?????? ?????????? ??? ??????, ?????? ??????????? ? ??????? \"?????????????? ??????\". ??? ???? ? ?? \"?????? ? ???\" ??????????????? ?????? ?????????? ??????\r\n\r\n- ?????? ?? ????????????? ????, ?? ??????? ?????????? ?????????????? ????????? ????? ??????????? ? ??????? \"?????????????? ??????\"\r\n\r\n\r\n\r\n*8. ?????????? ?????? \"? ????????? ??????\"*\r\n\r\n????????? ????? ?? ?????????? ?? ???????? ??????????. ??????????? ???????????? ??????.\r\n\r\n\r\n\r\n??????????.\r\n\r\n?????? ????? ????????? ???? \"???????\" ??? ????????? ??????????? ??????????. ??? ???? ??????? ? ???? ???????? ???????',NULL,NULL,1,NULL,2,NULL,1,0,'2013-02-19 13:19:03','2013-02-19 13:19:03','2013-02-19',0,NULL,NULL,24,1,2,0),(25,1,14,'?????????? ? ???????? ?????. ?????. ??????','?????????? ? ???????? ?????. ?????. ??????',NULL,NULL,1,NULL,2,NULL,1,0,'2013-02-19 13:19:46','2013-02-19 13:19:46','2013-02-19',0,NULL,NULL,25,1,2,0),(26,1,14,'?????? ???????????????? ???????: ?????, ??????-???????????','- ?? ????? ??????????????? ??????-??????????? (marva.com.ua)\r\n- ??? ?? ???????? ???????????? ???????:\r\n   -  ?? ??????\r\n   - ?? ICQ\r\n   - ?? ????????\r\n\r\n- ?????? ????? ???????? ?????????????? ???????? ?????? (??? ????? ?????? ?????? ???????? ? ????? ? ??????? ?? ?????? \"??????????? ???\" IP ??? ?????????? ???????? ?????? ? ????????? ??????? ?? ????????? ??????????)\r\n\r\n- ???? ? ?????????? ?????? ???????????? ???????????? ???????, ? ????? ?????????? ?????????? ? ?????? ? ??????.',NULL,NULL,1,NULL,2,NULL,1,0,'2013-02-19 13:20:19','2013-02-19 13:20:19','2013-02-19',0,NULL,NULL,26,1,2,0),(27,1,14,'??? ???????. ?????????','????????? ????? ???????????? ????? ???????, ???????? ?????????.\r\n\r\n?????? ????????? ??????? ?? ?????? ?????????? ???????????????? ????????????\r\n\r\n? ??????? ??????????? ????? ???? ????????? ????????.\r\n\r\n??????? ????????? ????????????? ?????????.\r\n\r\n??????? ????????? ??????????? ??????????? (?? ?????????, ????????, ?????????? ?? ?????????)\r\n\r\n?????? ????????? ????? ??????, ??????? ???????? ???????????:\r\n- ?????\r\n- ? ??????\r\n- ?????????\r\n- ???????',NULL,NULL,1,NULL,2,NULL,1,0,'2013-02-19 13:21:44','2013-02-19 13:21:44','2013-02-19',0,NULL,NULL,27,1,2,0),(28,1,14,'????????????? ??????????','????????????? ??????????',NULL,NULL,1,NULL,2,NULL,1,0,'2013-02-19 13:22:03','2013-02-19 13:22:03','2013-02-19',0,NULL,NULL,28,1,2,0),(29,1,14,'?????? ????????? ????????-????????','???????? ????????-???????? ????????? ?? ??????? ?????? ???????? ?????.\r\n\r\n?????? ??????????? ????? ????-??? ?? ????????-????????.\r\n\r\n?????? ???????????? ?????????-????????? ????-???? ? ?????????? ???????? ??????????? ???????? (??) \"?????? ? ???\".\r\n\r\n????? ????-??? ?????????? ????????????? ? ?? \"?????? ? ???\".\r\n\r\n\r\n1. ??????-??????? ??????.\r\n\r\n?????????? ?? ?????? ???????? ?????????? ? ?? ????? ? ?????????? ???????? ??? ??? ??????? ??????.\r\n\r\n???????? ????? ??????????? ?????????? ? ?????????? ???????????.\r\n\r\n???? ??? ???????? ????? ?????????? ????? ???????, ????? ?? ?????? \"???????? ?????????? ?? ??????\"\r\n\r\n\r\n2. ?????? ??????? ????????? ??????????.\r\n\r\n???? ?????? ???????? ?????? ????????? ?????????? \"? ????? ????????\" ??? ????????, ?? ???????? ??????????? ? ??????????? ?? ??????? ??????, ??????? ???? ???????? ??????:\r\n\r\n2.1. ?????? ? ????? ????????-????????\r\n\r\n- ? ?????? E-mail, ??????? ???????? ????????-???????? ? ???????? ???? ??? ??????, ??????????? ????? ?????? ????????? ??????????.\r\n- ???? ??? ?????? ?????? ????????? ?????????? ? ????? ????????, ???????? ? ??????? ??????? ?????????? ????? ? ?????? ??????????.\r\n- ????? ??????????? ???????? ?????? ?????? ?????????? ? ???, ??? ????????? ???????? ???????? ? ?????????? ???????? ??? ??? ??????? ??????.\r\n- ????????? ????? ???????? ???????? ?????? ????????? ??????????, ????????? ????????.\r\n- ?????? ????? ???????????? ?????????? ????????-????????\r\n\r\n\r\n2.2. ?????? ???? ????????? ??????? ????????? (???????? ? ?? \"?????? ? ???\"). ?????? ?????? \"????????? ?????????? ? ????? ????????-????????\".\r\n\r\n  - ???????? \"?????? ? ???\" ?????????? ????????? ???????? ? ????-????????-????????. ? ???? ?????? ?????? ???????? ? ?????? ?? ???????????.\r\n- ???????? ????????-???????? ????? ??????????? ? ??????????? ?????? id ?????? ? ??????? ???????, ? ??????????? ???????? ?????? ????? \"????????? ???????? ????????\" ? ????????? ??????????.',NULL,NULL,1,NULL,2,NULL,1,0,'2013-02-19 13:22:23','2013-02-19 13:22:23','2013-02-19',0,NULL,NULL,29,1,2,0),(30,1,14,'????????? ?????????????? ?????????? ?? ??????? ??? ???????? ????','1. ?????? ?????? ??????? ?????? ? ?????????-????????? ??? ?? ??????, ??? ? ?? ??????????.\r\n\r\n1.1. ??? ??????????? ???????????? ?????????? ???? ????? ????-??? ?????? ??????? ???????????? ? ??????? ????????-???????? ?? ???????? \"?????????????? ??????\".\r\n\r\n1.2. ??? ??????? ???????????? ???????? ? ????????????  ????????? ???????? ???????? ??????????????? ?????? ? ???? ?????? ? ?? \"????-???\". \r\n???? ?????? ???????? ????????? ? ???????????? ??????? ? ??????? ???????? ?? ??????? ?????????.\r\n\r\n1.3. ????????? ??????? ??????????? ?????????? ????????-???????? ? ?? ?? ?????????? ????????????.\r\n\r\n1.4. ????????? ?????????? ?????????? ??????????:\r\n-  ? ????????-????????\r\n-  ? ????????? (?? ?????? ???????)\r\n\r\n\r\n2. ?????? ?????? ????????? ?????? ??????.\r\n\r\n1.1. ??? ??????????? ???????????? ?????????? ???? ????? ????-??? ?????? ??????? ???????????? ? ??????? \"?????? ? ???\" ?? ???????? \"?????????????? ??????\".\r\n\r\n1.2. ??? ??????? ???????????? ???????? ? ????????????  ???????? \"?????? ? ???\" ????????? ?????? ? ???????????? ??????? ? ??????? ???????? ?? ??????? ?????????.\r\n\r\n1.3. ????????? ???????:\r\n- ??????????? ?????????? ????????-???????? ? ?? ?? ?????????? ????????????.\r\n- ?????????? ???????? ?????????? ?????? ? ???? \"?????? ? ???\"\r\n\r\n1.4. ????????? ?????????? ?????????? ??????????:\r\n- ? ????? ????????-????????\r\n- ?????????? ?????? ?? ?????? ??????? \r\n- ? ?????????',NULL,NULL,1,NULL,2,NULL,1,0,'2013-02-19 13:24:04','2013-02-19 13:24:04','2013-02-19',0,NULL,NULL,30,1,2,0),(31,1,14,'???? ??????? ? ???????','1. ??????? ??????????????????? ??????? ??????????? ???????? ???? ? ???????? ????.\r\n\r\n*1.1. ???????? ???? ????? ???? ????????:*\r\n - ????? ????????, ?? ??????? ?????????? ?????? ????????? ????, ????? ?????? ? ????????-????????\r\n- ????? ?????????? ????????????? ???????? ?? ??????????????? ????????? ???? (?? ????????? 1.0%, ?? ????? ???? ????????)\r\n\r\n*1.2. ???????? ???? ????? ???? ????????*\r\n- ????? ?????????? ????????????? ???????? ?? ??????????????? ????????? ???? ?????????? ? ????????????? (?? ????????? 1.0% ? 0.5%, ?? ????? ???? ????????)\r\n\r\n*1.3. ???????? ???? ????? ???? ????????????:*\r\n - ?? ?????? ?????\r\n - ?? ???????\r\n\r\n*1.4. ???????? ???? ????? ???? ????????????*\r\n - ????????????? ?? ?????? ?????\r\n\r\n1.5. ??? ???????? ???? ?????????? ??????? ?? ????? ????? ?????? ? ? ??????? ?????????? ???????, ????????:\r\n??????  12 342.23 ??? (? ?.?. ??????? 342.23)\r\n\r\n?????????? ?????? ???????????? ?????? ??? ?????? ???????? ????????. *?????? ??????? ??????.*',NULL,NULL,1,NULL,2,NULL,1,0,'2013-02-19 13:25:09','2013-02-19 13:25:09','2013-02-19',0,NULL,NULL,31,1,2,0),(32,1,14,'?????????????? ?????? ????','?????? ???? ??? ?????? ????? ????? ???? ???????? ?????????????? ?????.\r\n\r\n????? ????? ???? ????????, ??? ? ????????? ?? ????????? ????, ??? ? ????????????? ????????? ? ???????????? ??????.\r\n\r\n????? ???????? ?? ?? ????????? ?????? ? ???????????? ????????.\r\n\r\n???????, ???????????? ??? ??????? ?????? ?? ???????? ?????:\r\n- ??????\r\n- ?????\r\n- ????? ??????\r\n- ????????\r\n\r\n???????, ???????????? ??? ??????? ?????? ?? ????????????? ?????:\r\n- ????????\r\n- ??????\r\n- ???????? ????\r\n\r\n??????? ? ??????????? ???????? ????? ???? ?????.\r\n\r\n??? ???????? ???????? \"??????????? ????\" ?????????? ?????? ?????????? ???? ? ????????? ????????? ???????. ??? ?????????? ???? ???? ???? ????????????? ????? ??????????????? ??????, ? ???? ???? ?????????????? ?? ??? ???????? (? ??????????? ?????? ?????????? ??????????? ????).\r\n\r\n?????????????? ????? ???????? ??? ???? ????????????? ?????',NULL,NULL,1,NULL,2,NULL,1,0,'2013-02-19 13:25:32','2013-02-19 13:25:32','2013-02-19',0,NULL,NULL,32,1,2,0),(33,1,14,'??????????? ???????????? ????? ???????? ? ????????????? (?? ????? ????-???)','????? ??????????? ? ?? \"?????? ? ???\" ?????? ????? ??????????? ? ????? ??????? ????????????, ?????? ???????? ????????????? ? ????-???.\r\n\r\n??? ?????????? ????????? ??????????? ?????????? ? ?????? ??????',NULL,NULL,1,NULL,2,NULL,1,0,'2013-02-19 13:25:56','2013-02-19 13:25:56','2013-02-19',0,NULL,NULL,33,1,2,0),(34,1,14,'????????????????? ?????? ????? \"? ????????? ??????\"','*1. ???? ????????? \"? ????????? ??????\" ??????????? ? ????? ?? ????????? ?????????:*\r\n\r\n1.1. ?????????????? ????????????? ????:\r\n   - ??????????? ????? ?? ?????? (???? ??? ???????)\r\n   - ??????????? ????? ? ?????\r\n   - ??????? ???? ?????? (??????)\r\n\r\n2.1. ??? ???????? ? ????????? ? ????? ??????????\r\n\r\n*2. ???? ? ?????? ??????????? ? ??????? ????????? ????????:*\r\n\r\n    2.1. ???????? ????\r\n    - ??????\r\n    - ??????\r\n    - ????????? ????? (?????)\r\n    - ????? ??????\r\n    - ?????? ??????\r\n\r\n 2.2. ????????????? ????\r\n    - ????????\r\n    - ??????\r\n    - ???????? ????\r\n \r\n*3. ???? ? ?????? ????? ???????? ??? ?????? ?? ???????? \"????? ?????\"*\r\n\r\n4. *?????????????? ?????????* ????????? ??? ? ?????? ? ??????? \"????? ?????\" ?? ??????? ???????? ?????.\r\n\r\n*??????????.*\r\n????? ???????? ?????? ? ???????? ?? ??????.\r\n?????? ??????????? ??????:\r\nhttp://www.ittour.com.ua/tour-search-last-minute.html?archive=true&showcase=month',NULL,NULL,1,NULL,2,NULL,1,0,'2013-02-19 13:27:14','2013-02-19 13:27:14','2013-02-19',0,NULL,NULL,34,1,2,0),(35,1,14,'?????????? ??????????????? ???? ??? ?????? ? ??????? \"? ????????? ??????\"','???????? ?????????? ????????? ???? ???????? ??? ????????.\r\n\r\n*??? ???????? ??????? ? ?????????????? ????????? ?????:*\r\n\r\n*1. ???????? ????*\r\n- ???????? ???? (???? ??? ???????? ???????? ??????? ?? ???????????)\r\n- ????????\r\n- ??????\r\n- ????????? ?????\r\n- ????? (?????????????? ????)\r\n- ???? ?????? ???? (???? ?????? - ??????? ?? ??????? ????????????)\r\n- ???? ????????? ???? (???? ????????? ?????? - ??????? ?? ??????? ????????????)\r\n- ????????? ???????? ????\r\n- ????????? ???? ??? ????????????\r\n\r\n*2. ?????? ????????????*\r\n????:\r\n- ????? ??????\r\n- ?/???? ??????\r\n- ????????????\r\n- ??? ??\r\n- ????? ? ????, ?????\r\n- ?????????? ????????\r\n\r\n*???????:*\r\n- ????? ????????? ??????\r\n- ?/???? ????????? ??????\r\n- ????????????\r\n- ??? ??\r\n- ????? ? ????, ?????\r\n- ?????????? ????????\r\n\r\n*????? ????????? ????????????* (????????? ??????????)\r\n\r\n*3. ?????????????? ??????????*\r\n- ????????? ?????? ? ?????????????? ???????? (????????? ???? ? ?.?.)\r\n\r\n\r\n*??????????.*\r\n\r\n- ???? ???? ???????????? ??? ??????????? ???? ?????????? ? ???????????? ?? ??????? (????????, ?=(????*1,2 + ???*1,05)/0,82). ???? ?? ???????????? ???? ????? ??????????, ??? ? ????????, ??? ? ? ????. ???????? ???? ???? ???????????? ? ??? ? ??????????? ?? 10 ???.\r\n\r\n- ???????? ???? ???? ????? ??????????????? ??????? ???????????????.\r\n\r\n- ???????? \"????? ? ????\" ???????????? ????????????? ?? ????? ?????? ? ????????? ????.\r\n\r\n- ???????? ???? - ???????? ???? ? ????????????, ? ???????? (?????????????) ?????????? ? ???? ????, ? ???????????? ???????? ?????? ?? ????? ?? ????.\r\n\r\n- ???????? ???? - ????????????? ????????, ?? ???????? ? ??????????? ? ??????????? ?? ???????? ????.\r\n\r\n- ???? ??? ???????? ???????, ?? ??? ????????? ??????? ?? ???????????? ?? ??????????? ???????? ???? ? ???????? ????.\r\n\r\n- ??? ?????? ? ???? ???????? ???????????? ??????????????? ??????????? ????-????, ??????? ????? ???????? ???????????, ????? ?????????? ?????????????? ???????. (????????, ?????, ???????? ??? ? ??????????? ????-????)',NULL,NULL,1,NULL,2,NULL,1,0,'2013-02-19 13:28:31','2013-02-19 13:28:31','2013-02-19',0,NULL,NULL,35,1,2,0),(36,1,14,'????????','? ????????? ????? ??????? ??????????? ????????: ??? \"???????? ????\"\r\n\r\n? ??? ??:\r\n????? ????????? ?????, ????????\r\n????? ???????????? ?????, ????????\r\n\r\n????????????????? ? ??????? (????? ?????? ?? ????????-????????)',NULL,NULL,1,NULL,2,NULL,1,0,'2013-02-19 13:29:04','2013-02-19 13:29:04','2013-02-19',0,NULL,NULL,36,1,2,0),(37,1,14,'??????. ??????? ???????','?????? - ??? ??????? ???? ?????????? ???????? ????????? ??? ?????????????.\r\n\r\n?????? - ??? ????? ??????? ???? ?????????? ?????????? ??????? ??? ????????????, ????????????? ??? ??????????.\r\n\r\n??????? ???????:\r\n- ????? \r\n- ? ??????\r\n- ???????\r\n- ????????\r\n- ??????\r\n\r\n??????? ??????? ????????????? ????????.\r\n??????? ??????? ???????, ???????? ????? ????????????? ??????.\r\n\r\n\r\n*1. ?????? ??????? ????????.*\r\n\r\n- ????? ???????? ??????? ???????? ?? ???????? \"??????????? ????\" ?? ????????????? ? ???? ???????? ? ? ?? ?????????.\r\n\r\n- ?? ?? ????????? ?? ????????????? ?????????????? ? ??????? \"?????? ? ???\" ? ??????? ????-???.\r\n\r\n- ???????? ????????? ????????????? ?????? ??????? \"? ??????\", ????????? ???????????? ????. ??? ????????????? ?????????? ?????????? ????????? ? ??? ??????? ??????? (??????????? ? ??? ?? ????????) ? ??????????? ???????????? ??????? ????.\r\n\r\n- ??? ???????? ??????? ????????? ? ?? ?? ????????? ??????? ?????? (????? ?????? ????????-?????????? ????), ??????? ????????????? ? ?? ? ? ???? ????????. \r\n\r\n- ? ?????? ??????? ??????????? ???????????? ?????? ?????? ? ????-???, ??? ?????????????? ? ??????? \"?????? ? ???\" ? ????-???? ? ?????? \"?????????????? ??????\".\r\n\r\n\r\n*2. ?????? ??????? ??????? ??????????.*\r\n\r\n- ? ???????? ??????? ???? ? ???????? \"?????? ? ???\" ? ??????? ????-??? ???????? ???????? ?????????? ???????? ? \"????????? ????\".\r\n\r\n- ????? ??????? ?? ???????? \"????????? ????\" ????? ???? ???????????? ? ?????? ? ????????????? ? ?? \"?????? ? ???\".\r\n\r\n- ?? ?? \"?????? ? ???\" ?????? ????? ???? ???????? ? ???? ???????? ??????? (????? ????? id ??????? ??? ?????? ??? ?? ??????)\r\n\r\n- ?????? ????? ???????? ?????? ??????? ?? \"????????\" ??? \"???????\".\r\n\r\n- ??????????? ??????? ???????? ???? ???? ??????????? (??????) ? ????? ????? 7 ???? ???????????? ? ????? ????????\r\n\r\n- ????? ???????? ???????? ???????, ??????????? ? ??????? ????????? 30 ????, ? ??????? ??? \"?? ????????\" ???? ?????? ? ???. ????? ????? ????? ??????? ?????????.\r\n\r\n- ??????? ? ????? ???????? ?????????????? ?? ?????? ?? ???????? \"???????\" ????? ?????????\r\n\r\n- ?????????? ?????? ????? ???? ???????????? ? ?????? ???????? (????? ????????????  ?????? ?????????? ???? ? ?????????? ?????? ????????? ????)\r\n\r\n- ?????????? ?????? ????????? ???? ?? ????????? ???????? ?? ???????? ??????? ? ???????????? ??????????????\r\n\r\n- ?????? ???????? ????? ???? ????? ?????????? ???????? ?? ??????? ?????? ? ???????????? ??????????????\r\n\r\n- ?????????? ?????? ????? ???? ???????????? ? ?????? ?????????? ? ?? (????? ????? ?????? ????????-?????????? ????). ?????? ????????????? ? ?? ? ? ???? ????????. \r\n\r\n- ? ?????? ??????? ??????????? ???????????? ?????? ?????? ? ????-???, ??? ?????????????? ? ??????? \"?????? ? ???\" ? ????-???? ? ?????? \"?????????????? ??????\".\r\n\r\n*??????????.*\r\n? ?????? ??????? ????? ????????????? ?????? \"??????? ??????\", ??????? ????? ????????? ???????? ? ????????????? ???? ? ? ?????? ????? ?????????? ?????? ?????????? ???? ? ????????? ????. ??????????? ???? ? ????? ???????? ????? ?????? ???? ??????? (? ??????????? ????????? ?????? ?????????? ?? ?????).\r\n\r\n??????, ??????????????? ? ?? ?? ???????? ? ????-??? ????? ???? ?????? ?? ?????????? ??? ? ???? ????????? ???????. ????? ?????????? ??? ? ???? ???????? ?? ????? ???? ?????? ????????? ?????????? ? ????? (?????????????)\r\n\r\n??????? ??????? (??????? ??????????? ????? ? ???????) ????? ???????? ? ???? ????????. ?? ?????? ?????? ??????????? ???? ?? ????? ??????? ????? ???? ??????????? ??????',NULL,NULL,1,NULL,2,NULL,1,0,'2013-02-19 13:29:46','2013-02-19 13:29:46','2013-02-19',0,NULL,NULL,37,1,2,0),(38,1,14,'????????? ?????????? ?? ?????????? ????','???????? ??????????, ??????????? ??????? ??? ?????????? ????:\r\n- ??????\r\n- ??????????? ?????\r\n- ????????? ?????\r\n- ???????\r\n- ??????? ? ????? (??? ??????? ??????)\r\n\r\n????????? ??????????????? ?????????????? ? ??????? pdf\r\n\r\n????????? ????? ???? ????????:\r\n\r\n*1. ? ???? ???????? ? ??????????? ???? (??? ?????????? ???????????).*\r\n\r\n     - ???????? ??????????? ?? ? ?????? (???? ??? ????????????? ?? ??????????)\r\n     - ???????? ?????????? ????????? ? ???, ??? ????????? ?????????? ? ??? ??????? ??????? (?????????? ?????????, E-mail, ???)\r\n     - ???????? ?????? ??????? ?????????? ? ??????: ???????? ????????  \r\n\r\n*2. ? ????? ????????-????????*\r\n\r\n   - ???????? ?????? ? ??? ?????????? ????????? ? ???, ??? ????????? ?????????? ? ???? ???????? ???????? (?????????? ?????????, E-mail, ???), ??????? ??????? ?????????? ? ?????? ??: ???????? ?? ????????????\r\n     - ????? ????????? ?????????? ???????? ????????-???????? ?????? ??????? ?????????? ? ??????: ???????? ????????  \r\n\r\n*3. ? ????????? ??????*\r\n\r\n- ?????? ???????? ???? ?????? ????????? ????????? (? ????????? ?????? ? ??? ???? ??????????? ???????? ?????? ????????? ??????????, ????????? ????????)\r\n- ???????? ??????????? ? ?????? ??????? ? ??????????? ? ????????? ?????????? ? ?????????\r\n- ???????? ?????????? ????????? ? ???, ??? ??????? ? ??????????? ? ????????? ?????????? ?????????? ? ??? ??????? ??????? (?????????? ?????????, E-mail, ???)\r\n- ????? ?????? ??????? ? ??? ???????? ?????? ??????? ?????????? ? ??????: ???????? ????????  \r\n\r\n*4. ???????? ????? ??? ? ???? ???????*\r\n\r\n?????? ?????? ???????? ?????????? ??????????? ?????? ? ??????, ???? ?? ?????? ??????? ? ??? ????? 3-? ?????.\r\n\r\n- ?????? ???????? ???? ?????? ????????? ????????? (? ????????? ?????? ? ??? ???? ??????????? ???????? ?????? ????????? ??????????, ????????? ????????)\r\n- ???????? ?????????? ????????? ? ???, ??? ????????? ??????? ?????????? ???????? (?????????? ?????????, E-mail, ???)\r\n- ????? ????????? ?? ?????????? ?????? ?????????? ? ????????? ???????? ?????????? ???????? ?????? ??????? ?????????? ? ??????: ???????? ????????  \r\n',NULL,NULL,1,NULL,2,NULL,1,0,'2013-02-19 13:30:32','2013-02-19 13:30:32','2013-02-19',0,NULL,NULL,38,1,2,0),(39,1,14,'????????????? ????????, ?????? ??????','????????????? ? ?????? ?????? ???:\r\n- ??????? ??????? ? ???\r\n- ??????????? ??????? ? ????? ? ????? ?????????? ????\r\n- ????????? ?????? ? ????? ?????????? ????\r\n\r\n??? ??????? ??????? ?????? ???????? ????????? ???????? ??????????, ???????? ???????? ??????? ?????? ???????.\r\n\r\n???????? ??????????? ???????????? ???????? ?????? ??????????????? ? ????? ? ? ???? ??????????? ??????? ? ????? ?????????? ????.\r\n\r\n???????? ???????? ??????? ? 8 ?? 23 ????? 7 ???? ? ??????.\r\n\r\n??????? ????????? ????????? ?????????? ??????? ? ???????.\r\n\r\n?????????? ?? ?????? ?????? ? ??????????? ???????? ??????? ???????? ?????????? ? ??????????? (?????????) ????? ?????? ?????????????.',NULL,NULL,1,NULL,2,NULL,1,0,'2013-02-19 13:30:56','2013-02-19 13:30:56','2013-02-19',0,NULL,NULL,39,1,2,0),(40,1,13,'?????? ?? ?????????? ?????? \"??? ??????\"','*?????????? ???? \"??? ??????\"* ???????????? ? ?????? ????? ??????? ????????? ??????, ??????? ??? ??????? ???????????? ????, ???????????? ?????? ? 10-15 ???????, ??????? ?????? ? ?????????? ????????????.\r\n\r\n??? ?????? ?????? ? ?????, ?? ????? ???????? ?? ?????????, ???????????? ??????????????? ? (???) ???????? ??????????? ????????.\r\n\r\n*??? ??????:*\r\n????????? (??????), ???????? (????????)\r\n\r\n*???? ? ??????????:*\r\n?????????, ????????, URL\r\n??? ????????? ????? ?? ???????????? ????????? ',NULL,NULL,1,1,2,NULL,1,0,'2013-02-19 17:46:53','2013-02-19 17:46:53','2013-02-19',0,NULL,NULL,40,1,2,0),(41,1,13,'???????????? ?? ????????, ? ?????, ????? ?????? ????????????.',' ???????? ?????????? ??? ???????? \"???????? ???????? ? ????????\", ??????? ??????????? (????????????) ??? ????? ????????? ????????? ? ???????? ??? ??????? ? ?????????? (?????????????, ???? ??????? ?????????? ????? ?????????? ????? ???).\r\n\r\n1. ?? ????? ?????????? ???????????? ???????? ????????? ???????? \"??????? ? ????????\" https://ittour.worksection.com/project/45487/794445/ \r\n\r\n2. ? ???????? ??????? ? ???????? ??????????? ?????????? ??????????? ????????????. ? ??????? ???????? ?????????????? ???????????? ????? ??????????? ???????????? (?? IP ??? ????????????)\r\n\r\n3. ? ???????? ????????? https://ittour.worksection.com/project/45487/827428/ ????????????? ????????????? ?????? ?? ???? ???????????? ? ??????:\r\n\r\n                - ????\r\n\r\n                - ?????\r\n\r\n                - ???????????? ????????\r\n\r\n                - ??????\r\n\r\n                - ???????????\r\n\r\n                - ??????????\r\n\r\n                - ?????????\r\n\r\n4. ??? ?????????? \"???????? ???????? ? ????????\" ???????????? ????? \"???????? ???????\" https://ittour.worksection.com/project/45487/792270/, ? ??????? ????????????? ??????????? ??? ???????????? ?????????? ????.\r\n\r\n- ? ???????? ??????? ????? ????????????? ?????????? \"???????? ? ????????\"\r\n\r\n- ???????? ??????? ????? ????? ??????? ?? ?????? \"????? ??????\"\r\n\r\n- ?? ???????? ??????? ?? ?????? \"????? ???????\" ????? ??????? ???????? \"???????? ? ????????\"\r\n\r\n- ????? ??????? ????? ???????, ??????? ?? ??????????????? ??????, ?? ????? ???????? ???',NULL,NULL,1,NULL,2,NULL,1,0,'2013-02-19 17:47:29','2013-02-19 17:47:29','2013-02-19',0,NULL,NULL,41,1,2,0),(42,1,13,'2. ?????????? ??????? ?? ?????? ????','?????? - ??? ???????? ?????????? ? ?????????? ?????? ????. \r\n\r\n??? ?????, ????? ?????? ??????????? ? ??????, ???????? ???? ?????????? ????? ?????? ?? ????????????? ??????, ?? ???? ?? ???????? ??????????? ????.\r\n \r\n\r\n1. ?????????? ??????? ??????? ? ?????, ????? ???????????? ?? ????????, ????? ?????? ????????????\r\n\r\n- ?????? ??????????? ????? ?????????? ????? ???????, ??????????? ??????? ???????? ???????????????, ? ?????????? ??????? https://ittour.worksection.com/project/45487/794457/.\r\n\r\n- ????? ?????????? ??????? ????????????? ?????? \"?????\"\r\n\r\n- ??? ???????????? ??????? ???????? ????? ??????????? (??????? ?????? ???????? ? ??????????? ?????????? ?? ??????? ? ????????? ??? ??????????).\r\n\r\n- ??????? ??????? ??????????? ????????, ??????? ???????????? ???? ??????:\r\n\r\n        ?????\r\n\r\n        ? ??????\r\n\r\n        ??????\r\n\r\n        ??????\r\n\r\n?????? \"?????\" ?????? ???????? ????????????? ????? ??? ??????????.\r\n\r\n?????? \"? ??????\" ??????????????? ?????????? ? ?????? ?????? ??? ????????\r\n\r\n?????? \"??????\" ??????????????? ??????????, ???? ?? ?????? ????? ??????? ???? ??????? ?????? ?? ???????????? ????. ? ??????? ????????????? ?????? ?? ????????? ??????. ? ?????? ??????????? ?????? ?? ??????, ?? ????????? ???????? ??? ?????? ???? ?????????.\r\n\r\n?????? \"??????\" ?????????????, ???? ?????? ? ???????? ?? ??????????? ???????. ??? ???? ???????? ??????????? ????????? ??????????? ? ???????? ?? ???? ??????? ???????:\r\n\r\n- ?????? ????????? ? ?????? ?????????\r\n\r\n- ?? ?????? ??? ??????????????? ???????\r\n\r\n- ????? ??????? ??? ?????????? ??????\r\n\r\n\r\n\r\n???????? ???????? ? ???????? \"?????????????\" ? ??????? (????? ????????? (?????? ?? ???????) ??? ?????? ?? ??????? ??????????? ? ???????? ???????)\r\n\r\n\r\n\r\n2. ?????? ? ????? ????????????.\r\n\r\n- ?????? ? ????? ???????????? ????????????? ????????????? ?? ????? ???????????? ??????. ????????????? ????????? ?????????, ?????????????? ?? ?????? ?? ???????.\r\n\r\n- ?? ??????? ? ????? ???????????? ????? ????? ?????? ???????????? ?????? (?????? ??? ??? ?????????? ???).\r\n\r\n\r\n\r\n3. ?????? ?????????????:\r\n\r\n ? ???????? ???????\r\n\r\n ? ???????? ?????????\r\n\r\n ? ???????? ???????\r\n\r\n- ? ?????? (? ?????? ?? ????????)\r\n\r\n- ? ???????? ???????? ? ????????, ?? ??????? ????????????? ??????? ?? ??????? ???????\r\n\r\n ?? ???????? \"???????\" (? ?????? ????????)\r\n\r\n ',NULL,NULL,1,NULL,2,NULL,1,0,'2013-02-19 17:48:43','2013-02-19 17:48:43','2013-02-19',0,NULL,NULL,42,1,2,0),(43,1,13,'3. ?????????? ???????? ? ????????','? ??????? ?????????? ?????? ? ???????????? ????????? ???????????????, ????????? ?? 100% ?? ????????? ???? (? ?????? ?????????). ? ????? ? ???? ????? ??????????? ??????????? ??????? ? ???????? ? ? ??????? ??????? ??????????, ??????? ???? ?? ??????????? ??? ???????? ????????? ??????? (? ??????????? ?? ???? ?????? ????). \r\n\r\n1. ????? ?????????? ??????? ???? ?? ??????? ???????, ???????? ????????? ?????? ?? ????????????. ????? ??????????? ???? ?????? ? ??????? ?????? ???????????? ???????????? (??????? ????-???\") ???????? ????????? ? ???????? ?? ????? ???????????? ????????? ??????? ?? ????????????? ????????????.\r\n\r\n2. ????? ???????? (??????) ??????? ?? ?????????, ??? ???????? ????????? ????????. ?????? ??????? ?? ??????? ??? \"????????? - ???????? ? ?????????\". ??????? ???????????? ? ??????? pdf\r\n\r\n3. ?????? ??????? ??????? ?? ???????? ???????.\r\n\r\n4. ????????? ???? ??????? ?? ??????, ??????????? ? ??? (?????? ?????) \r\n\r\n5. ???????? ?????? ????? ??????????? ?????????????? ?????? ???????? (??? ??? ?????, ??????? ???????? ??????? ???? ? ?????? ???????)\r\n\r\n ??????? ???????????:\r\n\r\n- ? ?????? (???????????? ??? ?? ? ?????????? ????? ??? \"??? ??????? ???????\")\r\n\r\n- ? ???????? ??????? (??????????? ? ??????)',NULL,NULL,1,NULL,2,NULL,1,1,'2013-02-19 17:49:14','2013-02-19 17:57:31','2013-02-19',0,NULL,NULL,43,1,2,0),(44,1,13,'4. ???????????? ??????, ????????????','1. ????? ??????????? ? ???????? ???????? ?? ????????????? ????????????, ? ??? ????????? ?????? https://ittour.worksection.com/project/45487/827686/.\r\n\r\n???? ???????? ??????:\r\n- ????????? ?? ???????, ???????????? ???????? ?? ????? ???????????? (?????? ?? ?????????? ???)\r\n- ?????? ?????????? ???? ?????\r\n- ????????????? ?? ?????? ??????? ? ???????????? ??????? ?????????????? ?????.\r\n- ?????? ?? ??????? ????-??? (???? ??????????? ??????? ?????? ?? ?????????? ??????)\r\n- ?????? ?? ??????? ???????????? (??? ??????????? ??????? ?????? ?? ?????????? ??????).\r\n\r\n2. ?????? ??????????? ?????????? ? ??????? ?????? ???????????? ???????????? (????-???, ? ??? ?????).\r\n\r\n3. ?????? ????????? ?????? ?????????? ?????????? ? ???????????? ? ?????????? ????? ??????? ? ???????????? (???? ? ??????? ?? ????????? ????????????? ??????)\r\n\r\n ??????????\r\n\r\n ? ??????\r\n\r\n ????????????\r\n\r\n ?????\r\n\r\n- ?????\r\n\r\n ?????????\r\n\r\n ?????????\r\n\r\n4. ?????? ?????? ?????? ??????????????? ????????????? ????? ???????? ????????? ?????? (???? ? ?????? ? ???? ??????????? ??????):\r\n\r\n- ?????? ?????? ????????:\r\n\r\n       ?? ????????\r\n\r\n       ???????? ????????\r\n\r\n       ???????? ?????????\r\n\r\n- ?????? ?????? ???????????? (?????????????):\r\n\r\n       ?? ????????\r\n\r\n       ???????? ????????\r\n\r\n       ???????? ?????????',NULL,NULL,1,NULL,2,NULL,1,0,'2013-02-19 17:58:46','2013-02-19 17:58:46','2013-02-19',0,NULL,NULL,44,1,2,0),(45,1,13,'5. ?????? ???? (?????? ??????)','1. ????? ??????????? ?????? ??? ????????????, ???????? ????? ?????????? ? ???????. ?????? ?????????? ???????? ? ??????????????? ???? ?????? ??????????? ??? ??????????. \r\n\r\n? ?????? ?????????? ?????? ? ?????????? ?????? ???????? ?????? ?????? ????????: ???????? ????????\r\n\r\n2. ????? ?????? ??????????? ?????? (????????? ???? ? ?????? ?????? ??????? ? ???????) ???????? ?????????? ? ??????????????? ???? ??????.\r\n\r\n3. ????? ????????????? ?????? ?????????????, ????????? ?????????? ???? ?? ??????. ????? ????? ???????? ??????????? ? ??????????????? ???? ??????, ??????? ?? ?????? ?????? ???????????? ?? \"?? ????????\".\r\n\r\n4. ??? ????????????? ?????? ???????????? (????????? ? ??????) ???????? ??????????? ? ??????????????? ???? ??????, ??????? ?? ??????? ?????? ???????????? ?? \"???????? ????????\", \"???????? ?????????\".\r\n\r\n5.  ??? ?????????? ????????????? ?????? ???????? (????????? ? ??????) ???????? ??????????? ? ??????????????? ???? ??????, ??????? ?? ??????? ?????? ??????? ?? \"???????? ????????\", \"???????? ?????????\".',NULL,NULL,1,NULL,2,NULL,1,0,'2013-02-19 17:59:08','2013-02-19 17:59:08','2013-02-19',0,NULL,NULL,45,1,2,0),(46,1,13,'6. ????????? ?????????? ?? ?????????? ???? ????????','1. ??? ???????, ?? 3-4 ??? ?? ?????? ??????????? ?????????? ????????? ????????? ?? ?????????? ???? ? ??????? pdf:\r\n\r\n ?????? ?? ??????????\r\n\r\n- ?????? ?? ???????? (???????? - ????? - ????????)\r\n\r\n ??????????? ?????????\r\n\r\n ????????? ?????\r\n\r\n ??????? ???????\r\n\r\n2. ??? ????????? ????????????? ? ?????? ? ??? ? ?????????? ?????????? ??????? ????? ?????????? ?????.\r\n\r\n3. ????????? ????? ???? ?????????? ??????? ????? ????????, ? ????? ??????????? ? ???????? ?? ??????? ?????????.\r\n\r\n4. ???? ?????? ????????? ??????? ???????? ????????? ? ?????????, ?? ???????? ?????? ??????????????? ??????? ? ?????? ? ??????? ????????????. ? ??????, ??????????? ? ??? ??????????????? ???????? ?????? ??? ??????????.\r\n\r\n5. ???? ? ?????? ??????  ?????? ?????????, ??????? ?????? ???????? ? ??????????? ???? (??????? ? ?????), ? ????? ?? ????????? ???????? ??? ????????? ? ???? ????????????, ???????? ???????????? (????????? ?????? ????????? ?????????? ? ??????? ????????????: ? ?????????) ????????????? ?????? ????????? ??????????: ? ?????????. ??? ???? ? ?????? ????????????? ??????? ???????, ? ???????, ????? ??????? ??????????, ?????? ?????????? (???????) ????????????? ???????????? ? ????????? ??????. ',NULL,NULL,1,NULL,2,NULL,1,0,'2013-02-19 18:03:29','2013-02-19 18:03:29','2013-02-19',0,NULL,NULL,46,1,2,0),(47,1,13,'7. ????????? ?? ??????? ?????????????? ?????????? ?? ?????????? ????','1. ??? ??????????? ???? ? ??????? ??????????? ????????? ?????????? ???????? ?? ??????? ?????????????? ????????? ?? ???????? ????. ???????? ???? ?????????? ?????????? ??????????? ? ??????????? ?? ??????, ? ?????????? ??????? ????? ??????? ????.\r\n\r\n2. ???????? ?????????? ? ??????? : \"??????????? - ??????\" ???????? ? ??? ? ??????????? ? ???????????????? ? ??????????????? ???????? ??????? ????-???. ????? ?? ????? ????? ??????? ???????? ?????? ?? ??????????????? ???????? ????????????.\r\n\r\n3. ??? ????????? ?????????? ???? ?????? \"?????????????? ????????? ?? ???????\" ?????????? ?????????????? ????????? ?????????????? ????? ??????, ??????? ??? ????????? ?????????? ????? ????????? ?????? \"????????\" (????????? ?????). ????????? \"?????? - ???????????\" ????? ???????? ??????? ? ???????? ????? ????? ??????????, ??????????? ??? ???????? ????.  \r\n??? ????????? ????????? ???????? ?????????? ????? ? ??????????????? ????.\r\n???? ????????? ??????? ?? ? ?????? ??????, ? ?????? ?????? ???? ???????? ??????????????? ???????????.',NULL,NULL,1,NULL,2,NULL,1,0,'2013-02-19 18:03:52','2013-02-19 18:03:52','2013-02-19',0,NULL,NULL,47,1,2,0),(48,1,13,'8. ????????? ????','????????? ???? - ??? ????? ??????? ?? ?????????? ???? ??? ????? ????????? ? ????? ? ????????? ???? ????????.\r\n????????? ???? ?? ???????? ? ??????, ?, ??? ???????, ??????????? ??????? ????????????, ??? ??? ??? ???????? ??????? ?? ????????? ?????????.\r\n????????? ???? ?? ??? ????????????? ?????????????, ??? ???????, ?? ???????? ? ???????? ????????.\r\n\r\n1. ????? ???????? ?????? ?????????? ???????????? ????????? ?????? ? ???????????? ??????????? ???????:\r\n- ?????\r\n- ????????????\r\n\r\n2. ? ?????? ????????? ???? ?? ???????, ????? ????????? ?????? ????? ?? ?????? ?????? ????????? ???????? ???????? \"?????\", ?????????? ????? ???????????? ????? ????????????? (?? ????? ?????? ????? ?????????? ?????). \r\n\r\n3. ????????? ??????? ?????? ?????? ????????????.\r\n\r\n- ???? ?????? ???????????? ??? ???? ???????????, ?? ????? ???????????? ????? ????????????? ?????????? ????????????? ? ?????? ????????? ?????? \"??????? ??????????\". ????? ???????? ?????????? (?????? ? ????????? ??????), ????????? ???????? ??? ????? ???????????????? ?????????? , ? ?????? ?????? ?????????? \"???????? ?????????\"\r\n- ???? ?????? ???????????? ??? ?? ???? ???????????, ?? ?????? ?? ?????? ??????? \"?? ????????\". ?????? ?????????? ????? ???????????? (?? ????????? ???? ?? ???????? ??????). ????? ?????? ??????, ????????? ???????? ??? ????? ????????? \"?????? ????????????\", ? ?????? ?????? ?????????? \"???????? ?????????\" \r\n\r\n4. ????????? ???????? ?????? ????????.\r\n\r\n- ???? ?????? ?????????? ?????????? ? ?????? ?????? ??? \"???????? ?????????\", ????????? ??????????? ???????? ?????? ?????????? ?? ????? ??????????, ? ?????? ????????? ? ?????? ?????? ???????? \"??????? ??????????\" (?????? ????????? \"?????\").  ????? ???????? ?????????? (?????? ? ????????? ??????), ????????? ???????? ??? ????? ???????????????? ?????????? , ? ?????? ?????? ?????????? \"???????? ?????????\"\r\n\r\n- ???? ?????? ?? ?????????? ?????????? ? ?????? ?????? ??? \"?? ????????\", ????????? ??????????? ???????? ?????? ?????????? ?????????????? ???????, ? ?????? ?? ???????? ??????? \"?? ????????\". \r\n ????? ?????????????? ?????? ???????? ????? ????????????,  ????????? ???????? ??? ????? ??????????????? ????????? , ? ?????? ?????? ?????????? \"???????? ?????????\"',NULL,NULL,1,NULL,2,NULL,1,0,'2013-02-19 18:04:19','2013-02-19 18:04:19','2013-02-19',0,NULL,NULL,48,1,2,0),(49,1,13,'9. ?????? ???? ????????. ?????? ???????????.','??? ????????, ????????? ? ??????? ????? ?????????????? ????? ?????????? ???????? https://ittour.worksection.com/project/47007/830398/ (?? ??????????????? ????????????, ? ??????????? ??? ????????????? ??????????????). ?????????? ????? ???????? \"????????? ???? ? ??????\", \"?????\" ???????? ?????????? ?????????.\r\n\r\n???????? ?????????? ?? ????, ??????????? ????? ???????? ? ??? ????????????? ???????? ????????? ??????????? ? ??????????? ????.\r\n\r\n???????? ?? ????????? ? ????????:\r\n- ????????? ???? ? ?????? \r\n- ?????? ????????\r\n- ??????? ?????? ???????\r\n- ??????? ?????????????\r\n- ????? ?? ?????????\r\n\r\n\r\n1. ????????? ?????? ?? ??? (??????????)\r\n\r\n- ????????? \"????????? ???? ? ??????\" ???????? ?????? ? ?????? ?????, ??????? ?????????? ???????? ??????? ?? ???.\r\n- ????????? \"?????? ????????\" ????????? (????????) ?????? ? ?????? ?????, ?????? ????????.\r\n- ?????? ?????? ?????? ?????????? ? \"?? ????????\" ?? \"???????? ????????\"\r\n\r\n2. ????????????? ?????? ?? ??? \r\n\r\n- ?????????? \"?????? ????????\" ????????? (????????) ?????? ? ?????? ?????, ???????????? ???????? ?? ???.\r\n- ????? ????, ??? ????????? ???? ?????????? ? ?????? ??????, ?????? ?????? ?????? ?????????? ? \"???????? ????????\" ?? \"???????? ?????????\"\r\n\r\n3. ????? ???????????? (??????????????? ??????)\r\n\r\n????????? \"????????? ???? ? ??????\" ? ?????? ?????? \"0\" ???????? ???????? ????????????? ???????.\r\n- ???? ??? ???? ?? ??????? ???? ??????? ??????????, ?????? ?????? ?????? ?????????? ? \"???????? ????????\" (\"???????? ?????????\") ?? \"??????? ??????????\" (? ????? ? ?????????????? ??????????????? ???????).\r\n????????? \"??????? ??????????\" ??? \"??????? ??????????????\" ????????? (????????) ?????? ? ?????? ?????, ???????????? ???????.\r\n?????? ?????? ?????? ?????????? ? \"??????? ??????????\" ?? \"???????? ????????\"\r\n- ????  ?? ??????? ?? ???? ??????? ??????????, ?????? ?????? ?????? ?? ?????????? (\"?? ????????\"). \r\n?????? ????????? ?????? ?? ?????? ?? ?????????? ???????? (\"?????\").\r\n\r\n\r\n4. ?????????\r\n\r\n????????? ???????? ?? ???????????? ???? ? ?????? ?????? ?? ????????? ????. ?? ????????? ????? ?? ?????? ????????  \"????? ?? ?????????\". ??? ???????? ???????? ????????????? ??????? ?? ????????? ???? ? ???????? ?? ?? ????? ??????. \r\n- ???? ??? ???? ?? ??????? ???? ??????? ?????????? ? ????? ?????? ?????? ???? ??????????. \r\n?????? ?????? ?????? ?????????? ? \"???????? ????????\" (\"???????? ?????????\") ?? \"??????? ??????????\" (? ????? ? ?????????????? ??????????????? ???????).\r\n- ???? ????? ?????? ?????? ????? ??????????, ?????? ?????? ?????? ?? ?????????? ( \"???????? ????????\").\r\n - ???? ?????????? ?????????????, ?????? ?????? ?????? ?? ?????????? ( \"?? ????????\").\r\n ??? ???? ????????? ?????? ??????????? \"?????\". ????? ?????? ???????? ?????? ????????? ?????? ?????????? ?? \"????????????\".',NULL,NULL,1,NULL,2,NULL,1,0,'2013-02-19 18:04:43','2013-02-19 18:04:43','2013-02-19',0,NULL,NULL,49,1,2,0),(50,1,13,'10. ?????? ???? ????????????? ????????????. ?????? ???????????. ','??? ????????, ????????? ? ??????? ????? ?????????????? ????? ?????????? ????????  https://ittour.worksection.com/project/47007/830398/ (?? ??????????????? ????????????, ? ??????????? ??? ????????????? ??????????????). ?????????? ????? ???????? \"????????? ???? ? ??????\", \"?????\" ???????? ?????????? ?????????.\r\n\r\n???????? ?????????? ?? ????, ??????????? ????? ???????? ? ??? ????????????? ???????? ????????? ??????????? ? ??????????? ????.\r\n\r\n???????? ?? ????????? ? ?????????????:\r\n- ????????? ???? ? ?????? \r\n- ?????? ????????????\r\n- ??????? ??????\r\n- ??????? ?????????????\r\n- ????? ?? ?????????\r\n\r\n1. ????????? ?????? ?? ??? (??????????)\r\n\r\n- ????? ????????? ????? ?? ?????? ????????? \"????????? ???? ? ??????\" ????????? ?????? ? ?????? ?????, ??????? ?????????? ???????? ???????????? ?? ???. (???? ?? ?????? ???????? ?????? ????? ????????????? ??????.)\r\n- ????????? \"?????? ????????????\" ????????? ?????? ? ?????? ?????, ?????????? ????????????? ????????????.\r\n?????? ?????? ?????? ?????????? ? \"?? ????????\" ?? \"???????? ????????\" ??? \"???????? ?????????\" (? ??????????? ?? ????? ????? ??????)\r\n\r\n2. ?????????\r\n\r\n- ????????? ???????? ?? ???????????? ???? ? ?????? ?????? ?? ????????? ????. ?? ????????? ????? ?? ?????? ????????  \"????? ?? ?????????\". ??? ???????? ???????? ????????????? ???????????? ?? ????????? ???? ? ???????? ?? ?? ????? ??????. \r\n- ???? ??? ???? ?? ???????????? ???? ??????? ?????????? ? ????? ?????? ?????? ???? ??????????, ?????? ?????? ?????? ?????????? ? \"???????? ????????\" (\"???????? ?????????\") ?? \"??????? ??????????\" (? ????? ? ?????????????? ??????????????? ????????????). \r\n????? ????????? ????? ???????? ??? ?? ????????????? ? ??????????????? ???????????? ?? ?????? ??????, ??????????? ???????? ??????????????? ????????: \"??????? ??????????\" ??? \"??????? ?????????????\".\r\n ?????? ?????? ?????? ??????????  \"???????? ?????????\", ? ?????? ????????? ????????? ?? \"?????\" ?? \"????????????\".\r\n- ???? ????? ?????? ?????? ????? ??????????, ?????? ?????? ?????? ?? ?????????? ( \"???????? ????????\"). \r\n????? ?????????? ???????, ????????? ?????? ??? ????? ????????? \"?????? ????????????\". ?????? ?????? ?????? ?????????? \"???????? ?????????\".\r\n - ???? ?????????? ?????????????, ?????? ?????? ?????? ?? ?????????? ( \"?? ????????\"). ??? ???? ????????? ?????? ??????????? \"?????\".\r\n ????? ?????? ????????????? ?????? ????????? ?????? ?????????? ?? \"????????????\".',NULL,NULL,1,NULL,2,NULL,1,0,'2013-02-19 18:05:54','2013-02-19 18:05:54','2013-02-19',0,NULL,NULL,50,1,2,0),(51,1,13,'12. ?????? ? ???????? ????? ?????????','????? ????????? ??????? ???????? ???????? ???????? ???????????, ??????????? ??? ????????? ??????? ? ????????? ?????? ??? ?????????? ? ????????????.\r\n\r\n1. ???????????? ? ???? ????????\r\n\r\n- ?? 7 ???? ?? ??? ???????? ???????, ????????, ? ???????? ???? ?????? ????????? (? ????? ?????????????) ???????? ??????????? https://ittour.worksection.com/project/45487/830387/ ? ??????????? ???????. - ????????? ??????????? ???????????? ?? 2 ??? ?? ??? ???????? ???????.\r\n????? ??????? ???????????, ?????????? ???????? ????????? ???????????.\r\n- ??? ???????, ??????? ???????????? ???????? ????????. \r\n- ???? ? ???????? ??????? ???????????? ??????? \"?? ???????????\", ??????????? ?? ????????????.\r\n\r\n2. ???????? ???????????? ? ????? ????? (8 ?????)\r\n\r\n- ????????? ????????????? ?????? ???????? ??? ???????? ?? ?? ????????.\r\n- ??????????? ???????????? ?? 30 ???? ?? ???????\r\n- ???? ? ???????? ??????? ???????????? ??????? \"?? ???????????\", ????? ?? ????????? ? ????? ??????????.\r\n\r\n3. E-mail ????????\r\n\r\n- ????? ???? ????????????? ?? ????? ?????? ? ???????????? ??????? ?????????????? ????? ??????.\r\n- ???? ? ???????? ??????? ???????????? ??????? \"????????? ?? E-mail ????????\", ????? ?? ????????? ? ?????? ????????.\r\n\r\n4. ??? ????????\r\n\r\n- ????? ???? ????????????? ?? ????? ?????? ? ???????????? ??????? ?????????????? ????? ??????.\r\n- ???? ? ???????? ??????? ???????????? ??????? \"????????? ?? ??? ????????\", ????? ???????? ?? ????????? ? ?????? ????????.',NULL,NULL,1,NULL,2,NULL,1,0,'2013-02-19 18:12:24','2013-02-19 18:12:24','2013-02-19',0,NULL,NULL,51,1,2,0),(52,1,13,'13. ??? ??????? ???????.','??? ??????? ??????? ????????? ??? ?????????? ?????????????? ????????? ? ????????.\r\n\r\n1. ???????? ???????, ????????? ??????? ?? ????? ????????:\r\n\r\n- ????? ??????????? ? ???????????? ???????? ??????\r\n- ???????? ???????? ????? ???????? ? ??????\r\n- ??????????? ???????????? ? ????? ??????? ?????????? (??????)\r\n- ??????????? ???????? ????? ? ???????\r\n- ??????????? ????????? ?????? ???????????\r\n- ??????????? ?????????? ?????????? ?????? (???????, ????? ???????)\r\n- ??????????? ?????????? ???????????? ? ???????? (E-mail ? ???)\r\n\r\n2. ???????? ??????? ????? ????????\r\n\r\n- ??????????? ??????????? ????? ????? ? ???????????? ??????\r\n- ??????????? ???????? ????? ? ??????? ? ???????? ?????? (??? ????)\r\n- ??????????? ????????? ????????? ??????, ???????????? ?????????? ? ???????? ??????? ????\r\n- ??????????? ???????? ?? ???????? ?? ????????? ???????\r\n\r\n3. ????? ????? ????????\r\n\r\n- ??? ???????? ? ?????? ????????????:\r\nfirma.tourcrm.com/pupkin11 (?? ?????????? ????????) ??? firma.tourcrm.com/23423 (?? id)\r\n- ? ????????? ? ?????? ????????????:\r\nfirma.com/pupkin11 (?? ?????????? ????????) ??? firma.com/23423 (?? id)',NULL,NULL,1,NULL,2,NULL,1,0,'2013-02-19 18:12:52','2013-02-19 18:12:52','2013-02-19',0,NULL,NULL,52,1,2,0),(53,1,13,'11. ??????? ? ???????? ????? ??????????? ?? ???????','????? 3 ??? ????? ??????????? ??????? ?? ???? ????????? ???????????? ?????????? ? ????????????? ????????. (???? ??????????????? ? ?????????? ???????).\r\n\r\n1. ?????????? ?????? ? ???????.\r\n\r\n- ???????? ?????? ?????????? ??????? ? ???????? ? ???????? ???????? \"????? ? ???????\" (???????? \"??????? ? ????????\" ????? ???????????).\r\n- ????? ??????? ? ???????, ??? ???????, ??????????? ? ?????? ????? ?? ????????, ?? ????? ???? ???????? ???????? ?? ????? ????????.\r\n- ???? ?????? ????????? ???????? ????? ? ?????? ? ????? ?????? ????????????? ?????? \"???????? ?????\"\r\n- ????? ????? ???? ?????????????? ???????? ?? ????? ???????? (?? ?? ??????)\r\n- ????? ??????? ?????????? ???????????? ?????? ??????\r\n- ?????? ?? ????? ????? ??????????? ? ???????? ??????? ? ? ???????? ????????.\r\n- ?????? ?????? ???????????? ? ????? ???? ?????? ? ? ????????????? ??????????\r\n\r\n2. ???? ?????? ? ???????.\r\n\r\n??? ???? ?????? ???????? ? ???? ?????? ??????? ?? 5-??????? ????? ? ????????????? ?????? ?????? 0,5 ?????? (?? 0 ?? 5,0) ? ?????????? ?????????? ?????????????.\r\n2.1. ?????? ??????????? ???? ?????????????\r\n2.2. ?????? ?????????? ???????? ?? ???????\r\n2.3. ?????? ?????:\r\n     - ??????????, ??????????????\r\n     - ?????\r\n     - ??????, ????????????\r\n     - ???????\r\n     - ????\r\n2.4. ???????????? ?? ?????????????? ????? (???????????)\r\n    - ?????????? ?????\r\n    - ????????? ?????\r\n    - ????? ? ??????\r\n    - ??? ?????\r\n2.5 ????? ???????????\r\n\r\n3. ??????? ????????? ? ????????.\r\n\r\n- ???????? ????? ?????????? ??????? ? ???????? ? ???????? ?????? ??????? ?????? ????????? ?? ??? ?? ????? ? ????????? ????????????.\r\n- ??? ?????????? ??????????? ? ???????? ????????? (??????, ??????? ???????? ?? ?????).\r\n- ???????? ???????? ? ???????? ??????????? ? ??????? ??????. ?????????? ?? ?????? ????????? ? ?? ?? ????????.\r\n\r\n4. ????????????? ??????????.\r\n\r\n- ????????? ? ??????? ?????? ??????? ????????????? ? ????????? \"????? ? ???????\"\r\n- ???????? \"????? ? ???????\" ????????????? ? ???????? ??????? ? ? ??????.\r\n- ?????? ?????? ?????????? ???????? ?? ??????? ????????????? ? ???????? ????????? ? ????????? ??? ???? ???????.\r\n- ?????? ????????? ??????????? ? ????? ???? ?????? ? ??????? ????????????\r\n- ?????? ????? ??????????? ? ????? ???? ?????? ? ??????? ?????.\r\n- ?????? ??????? ?????? ?????????  ??????????? ? ???????? ????????? ? ????????? ??? ???? ???????.',NULL,NULL,1,NULL,2,NULL,1,0,'2013-02-19 18:13:48','2013-02-19 18:13:48','2013-02-19',0,NULL,NULL,53,1,2,0),(54,1,13,'14. ????????????? ???????? ? ?????? ? ????????','- ????? ?? ????? ??????? ? ?????? ???????? ??????????? - ????????, ??????? ???????? ? ?????? ????????.\r\n? ???????? ??????? ????? ?????? ????????, ? ???????? ????????? ?????? ??????.\r\n\r\n- ????????????? ??????? ????? ????????? ??????? ????????? ?? ?????? ? ???????? ??? ??????? ??? ????????????? ???????, ?????? ? ??????????????? ???? ??????? ??????????? ? ???????? ????????.\r\n\r\n???? ??? ???? ????????? ??????? ?? ????????? ?????????? ?????? ????? ???????,  ?????? ? ???????? ????????, ?? ?????? ?????? (??????, ???????? ???????) ?????????? ????????? ?????? ????? ???????????? ????????? (? ??????????????)\r\n\r\n- ? ???????, ??????????? ????? ????????, ???????????? ?? ????????? ?????????? ????????????? ???????. \r\n',NULL,NULL,1,NULL,2,NULL,1,0,'2013-02-19 18:15:06','2013-02-19 18:15:06','2013-02-19',0,NULL,NULL,54,1,2,0),(55,1,13,'15. ?????? ? ????????????','1. ??????????  ?????????, ????????? ???????? ?????? ? ?????????? ???????, ?????????? ???????????? ??? ??????????? ?????????????? ???????.\r\n\r\n???? ??????????:\r\n\r\n- ? ??????? ??????? ? ????? ????????????\r\n\r\n- ?? ????????? ??????? ?????? (??? ??????? ?????????, ??? ? ??????? ??????)\r\n\r\n- ? ??????? ????????? ?? ??????? ?? ???????? ???????\r\n\r\n- ? ??????????? ??????? ?? ???????\r\n\r\n- ? ?????? ??????? ? ???\r\n\r\n- ? ??? ???????? ???????\r\n\r\n- ????????? ?????????? ??????? (? ?????????? ??????? ??? ????????? ????????)\r\n\r\n\r\n\r\n???? ?????????? ???????? ?????????????? ??????????????? ???. ????????????? ????????? ????? ????????? ????????? ???? ?????????? ? ??????????.\r\n\r\n?????????? ???????????? ? ????? ??????????.\r\n\r\n????????? ???? ?????????? ???????????? ?? ??????????? ???? (????????? ????? ???????? ????????????? ????????). ??? ???????? ???? ?????????? ?????? ?????? \"???????????\".',NULL,NULL,1,NULL,2,NULL,1,0,'2013-02-19 18:15:28','2013-02-19 18:15:28','2013-02-19',0,NULL,NULL,55,1,2,0),(56,1,13,'16. ?????? ? ?????????????','???????????  ?????, ??????????? ????????????? ??? ?????????????? ?????????????? ??? ? ??????????? ???????, ?????????? ? ??????????? https://ittour.worksection.com/project/45487/830387/\r\n\r\n????, ??????????? ??? ???????????? ???????????:\r\n\r\n- ?????\r\n\r\n-  ????????????? ??????????\r\n\r\n    ???? ??? (???? ? ?????)\r\n\r\n    ???? ??? ? ????? (????? ?????? ? ?????)\r\n\r\n    ???? ??? ? ??? ?? ????\r\n\r\n- ?????? ?????????? (???????????)\r\n\r\n    ? ???????\r\n\r\n    E-mail\r\n\r\n    ???\r\n\r\n\r\n\r\n??????? ??????????? \r\n\r\n- ???????\r\n\r\n- ????????? ???????, ??? ?? ??????? ?????????? ?? ????\r\n\r\n- ?????????? ??????? ? ???? ????????\r\n\r\n\r\n\r\n????????????? ????? ??????? ??????????? ? ??????? ?????????, ???????? ????? ???????? ??? ???????????',NULL,NULL,1,NULL,2,NULL,1,0,'2013-02-19 18:15:56','2013-02-19 18:15:56','2013-02-19',0,NULL,NULL,56,1,2,0),(57,1,13,'17. ?????? ? ????????????? ???????????','1. ??? ??????????? ?????? ?????? ???????? ??????????? ????????? ??????:\r\n\r\n    1.1. ????? ?????????????? ?????????? ? ?????? ???????? ?? ??????:\r\n\r\n        1.1.1 ?????????? ???????????? ????????\r\n        1.1.2. ?????????? ??????????? ??????, ?????\r\n                      ? ? ??????? ???????? ?????????:\r\n                             - ??????????\r\n                             - ? ??????\r\n                             - ????????????\r\n                             - ?????\r\n                             - ????????????\r\n                             - ?????????\r\n        1.1.3. ??????????? ????? ????????? ? ???????? \r\n        1.1.4. ?????????? ???????????? ???????? (?? ????????? ??????? ??????                  ????????? ?? ??????????? ??????), ????? \r\n              ? ?? ????????? ? ?????????? ????????????:\r\n                              - ??????\r\n                              - ???\r\n                              - ....\r\n       1.1.5 ????????????? ?????????? ?????????? (???? ? ????????? ?????????? ??????????, ?? ??????? ???? ????????? ????????? ????????):\r\n \r\n \r\n \r\n 1.2. ????? ???????????????? ????? ? ?????????????? ????????:\r\n\r\n  - ??????????? (??????)\r\n  - ??????????? \r\n  - ????????\r\n  - ?????? (? ??)\r\n  - ?????\r\n          ???????????? ????????\r\n          ??????????? ??????\r\n          ??????????? (??????/??????)\r\n          ???????????? ????????\r\n \r\n \r\n1.3. ????????????? ?????? ??????????? ? ??????????\r\n\r\n???????:\r\n \r\n  - ????????\r\n  - ???????????\r\n  - ???????????\r\n  - ?????? (? ??)\r\n  - ?????\r\n          ????? ??????\r\n          ???????????? ????????\r\n          ???????? ?????\r\n          ??????? ????????    \r\n          ?????? ?? ?????????? ????????\r\n          ?????? ?? ??????\r\n \r\n??? ????????????? ????????? ??????? \"??? ?????????\" ? ??????? ??????????? ??????????? ??????? ?????????',NULL,NULL,1,NULL,2,NULL,1,0,'2013-02-19 18:18:35','2013-02-19 18:18:35','2013-02-19',0,NULL,NULL,57,1,2,0),(58,1,13,'????????','???????? ???? ??????? ?? ?????? ????? ? ?????????? ?????????????, ??????? ????? ???????????? ???????.\r\n\r\n???????? ???? (??????, ???????, ????) ?????????? ?? ???????:\r\n\r\n                       ??? ???????? ????: ??????        ??????? ??????: 190.00\r\n\r\n                                           ?? 2-?                  3-5            6-10  (?????????????)\r\n???????? ??????:\r\n\r\n??????? ??????                 ????? 0.00 ???\r\n\r\n???. ??????:\r\n\r\n?????????? ???????        ????? 90.00 ???\r\n????????????? ???.         ????? 50.00 ???\r\n??? ??????? ???????        ????? 40.00 ???\r\n\r\n???? ????????:  (1 ?????, 2 ?????? (?????? 5%), 3 ?????? (?????? 10%), 6 ??????? (?????? 20%), 12 ??????? (?????? 40%))\r\n-------------------------------------------------------------------------------------\r\n?????, ????????? ????????: 456.00 ???\r\n \r\n????? ????? ????????? ??????????? ??????? ?????????? ???????? ?????????? ?????????????  \r\n                                                             ??????   ???????? ????????\r\n\r\n\r\n- ????? ??????????? ????? ?? ?????? ??????? ??????? ?????? (?????? ????? ?????????????), ??????????? ??????????? ???????? ?? ??????????????? ?????????????? ?????? ??? ?????????? ?????? ??????? ?? ???? ????????? (?????? ?????? 300*250).\r\n\r\n- ???????? ????????? ?????????????? ????? ??? ?????? ? ?????? ??????????? ????????????? ??????.        \r\n\r\n- ?? ????????? ????? ???? ???????? 1 ?????\r\n\r\n- ?????????? ????????????? ??????? ???????? ?????????????? ???????.\r\n\r\n- ????? ????? ????????? ??????????? ??????? ?????????? ???????? ?????????? ????????????? ?? ????????? ???????? \r\n\r\n- ?????, ????????? ???????? ?????????? ??????????? ?? ?????????? ????????? ?????, ?????????????? ????? ? ????? ????????\r\n\r\n- ??? ????????? ????????, ????????? ???????? ? ???? ? ????????? ? ?????????? ??????? ????????? ???????? ?????? ? ??????? ?????? ? ?????????? ???? ??????? (???? ????????? ???????? ? 01 ????? ?????????? ??????) ?? ???????.\r\n\r\n- ??????? ?? ????? ??????? ???????? ???? ?????????????? ? 01 ????? ?????????? ?????? ?? ??????? ????????? ????? ????????. ? ??????? ?????? ??????? ? ??????? ?? ????????????.\r\n\r\n- ??? ???????? ?? ???????? ???? ? ??????? ??????????? ????????????? ???????????? ??????? ?????????????, ??????? ????? ??????? ? ????? ???????? ?????. ????????? ???????????? ?????????? ???????????, ?? ??? ?????????? ?? ??? ??????????? ? ???????????? ??? ???????? ?? ????? ??????? ???????? ????.\r\n\r\n- ??? ??????? ?????? \"???????? ????????\" ?????????? ?????????????? ? ?????, ?? ??????? ????? ???????? ?????? (????? ??????? ???????? ?????? ?? ?????????? ?? ????? ?????? ??? + ????????? ???????? ?? ????? ???????? ???? ???????? ?????????? ?????).\r\n\r\n- ???? ????? ?? ????? ???????????? ??? ????????? ????????, ?? ???? ?????????? ????????? ??? ??????? \"???????? ????????\"\r\n\r\n????????? ??????????????? ????????? ????????? ????? ??? ??????????????? ??????? ?? ??????? ??????? https://ittour.worksection.com/project/46982/835115/',NULL,NULL,1,NULL,2,NULL,1,0,'2013-02-19 18:19:21','2013-02-19 18:19:21','2013-02-19',0,NULL,NULL,58,1,2,0),(59,1,13,'???????','?? ?????? ??????? ??????????? ????.\r\n??????? ??????? ?? ????? ?????????? ????????.\r\n\r\n?????????? ?????.\r\n\r\n??????? ?????????? ??????????????:\r\n             - ????????? ????????? ????? (??????????)\r\n             - ??????24 (??????????)\r\n             - Liqpay (??????????)\r\n             - webmoney\r\n             - ????????? ?????????\r\n\r\n??????? ?????????? ??????:\r\n             - ?????????? ?????????? ????? ? ???????????\r\n             - ??????????? ??????\r\n\r\n?????????????? ??????? ?????????? ????? ???? ???????? ?????? ????? ??????? ??? ? ??????????? ?????? ??? ???????? ? ??????.\r\n\r\n??? ??????? ??????? ?????????? ????? ????? ??????? ???????? ?????????? ????????????? ? ????????????? ??????????, ??????? ????? 1 ??? ????????????? ???????? ??????.\r\n??? ???????? ????????? ? ????????????? (??? ??????) ??????????????? ??? ? ??.\r\n??? ??? ??????????? ? ????-??? http://www.ittour.com.ua/finances.html (??????? ?????????? ???????)\r\n\r\n????????\r\n\r\n- ???????? ?????????? 1-?? ????? ??????? ??????. \r\n- ???? ?? ????? ???????????? ??????? ?? ????????? ??????, ?? ?????? - ??????????, ???????????? ??????? ??????, ? ???????????? ???????????? E-mail ? ??? ??????????? ? ????????????? ????????? ??????.\r\n- 05-?? ????? ?????? ?????????????????, ? ??????? ??????????? ?? ???????? ???? ??????.',NULL,NULL,1,NULL,2,NULL,1,0,'2013-02-19 18:19:42','2013-02-19 18:19:42','2013-02-19',0,NULL,NULL,59,1,2,0),(60,1,13,'????????????????? ????????????????? ????????','? ???????????????? ???????? ?????????? 3 ???? ?????????????:\r\n - ?????????????\r\n - ????????\r\n - ?????????\r\n\r\n????????????? ???????? - ????????????, ??????? ???????? ?????? ??????? ??????????.\r\n- ????????????, ??????? ???????????? ???????, ????????????? ??? ??????????????. \r\n????????????? ????? ?????????????? ????? ????? ?????????????, ??????? ???????????????.\r\n\r\n- ??????? ??????? ????????? ? ?????????? ??????????????? ???????? ?? ?????????. ????? ???? ???????? ????? ???????? ????????????? ????????.\r\n\r\n- ????????? ?? ???????? ?????? ????????, ??? ????, ??? ? ?????? ?????? ??????????.\r\n\r\n\r\n??????? ?????????:                   ??????               ??????????????\r\n\r\n???????? ????? ????????               ??                     ?? \r\n???????? ???? ????????                ???                    ???\r\n\r\n???? ???????                               ??                     ?? \r\n??? ???????                                 ???                    ???\r\n\r\n???? ??????                                   ??                     ??  \r\n??? ??????                                    ???                    ??? \r\n\r\n????????????? ??????????        ???                    ??? \r\n\r\n????????????? ????????                ??                     ?? \r\n\r\n\r\n??????? ??????????:\r\n\r\n??? ??????                                     ??                     ???\r\n????????????? ????????               ??                     ??\r\n\r\n????????? ????                           ???                    ???',NULL,NULL,1,NULL,2,NULL,1,0,'2013-02-19 18:20:10','2013-02-19 18:20:10','2013-02-19',0,NULL,NULL,60,1,2,0),(61,1,13,'??????????? ? ?????? ??????','??????????? ?????????? ?? ??????? ???????? ???????.\r\n\r\n???? ???????????:\r\n\r\n???????? ??????????? (???)\r\n?????\r\n?????\r\n???????\r\n?.?.?. ?????????\r\nE-mail\r\n?????\r\n??????\r\n????????????? ??????\r\n??????\r\n\r\n????? ??????????? ?? E-mail ????????? ?????? ? ?????????? ???????????, ??? ???????? ? ???????? ??????? ?????????? ????????.\r\n\r\n?????? ???????????.\r\n\r\n??? ?????? ??????????? ?????????? ???? ? ??????????? ? ???, ??? ? ?????? ???????? ?????? (3 ??????) ??????? ????? ??????????????? ? ???????? ????? \"????\" ? ??????????? ????? ??????????????? ????????.\r\n? ???? ?? ???? ?????? ???? ??????????? ??????? ?\r\n-  ??????? ? ?????????? ?? ?????? ??????\r\n-  ???????????????? ??????????????? ????????????\r\n-  ???????????????? ?????? ???????\r\n-  ??????? ????? ???????? ? ????????\r\n-  ??????? ??????\r\n-  ???????? ??????\r\n-  ??????? ???????????\r\n\r\n??????????? ?????? ?????? ????????.\r\n\r\n- ??? ?????? ??????????? ???????????? ?????? ????? ?? ?????? ? ??? ?? ??????? ?? ??????????????? ?????? ??????. ?????? ???? ? ????? (????? ????? ??????????? ???????????? ????? ?????). ?? ???? ?????? ????? ??????? ? ?????????? ??????. ??? ?????? ????? ?????????.\r\n\r\n- ?? ????????? ????????? ??????? ??? ?????????? ??????? ?? ??????? ?????? ????????????? ?????????? ???????? ???? \"??????\" (??????????).\r\n??? ???? ???????????? ????????? ????????? ??????????:\r\n\r\n- ?? 7 ???? ?? ????????? ????????? ??????? \"? ????????????? ??????? ???????? ???? ??? ??????????? ??????\"\r\n\r\n- ?? 3 ??? ?? ????????? ????????? ??????? \"? ????????????? ????????? ?????? ??? ?????????? ???????? ????????? ?????\"\r\n\r\n- ?? ????????? ???? ????? ????????? ????????? ??????? \"? ???????? ?? ???????? ???? \"??????\" ? ????????????? ?????????? ????? ?????????????\"\r\n\r\n- ????? 5 ???? ????? ????????? ????????? ??????? \"? ???????? ?? ???????? ???? \"??????\" ? ??????????? ????????????? ??????? ? ????????\"\r\n???????? ????????? ?????????????? ????????, ? ???? ????????????? ????, ?? ? ???????????? ? ???????? ?? ??????? ????? ????????.. ',NULL,NULL,1,NULL,2,NULL,1,0,'2013-02-19 18:20:41','2013-02-19 18:20:41','2013-02-19',0,NULL,NULL,61,1,2,0),(62,1,13,'????????????? ??????? ??????','?????? ?????? ??????? ?? 2-? ??????:\r\n      - ?????????? ?? ?????? ? ???????? ?? ???????????\r\n      - ??????????????? ?? ?????? ? ????????\r\n\r\n- ????????? ?????? ?????????? ????????????? ????? ??????????? ???? \"???????\", ???????????? ????? ?????? ??????????? ??????? ???????????? ?? ??????? ????.\r\n\r\n- ?? ????????? ??????? ??????????? ????? ? ??????? ????????? ????????? ??????? ? ?? ???????? ?? ?????? ??????.',NULL,NULL,1,NULL,2,NULL,1,0,'2013-02-19 18:21:29','2013-02-19 18:21:29','2013-02-19',0,NULL,NULL,62,1,2,0),(63,1,13,'????????? ???????? ???????','????????? ?????????????? ????????\r\n\r\n1. ????? ???????? ????? ??????????\r\n\r\n2. ??????? ?????????? ???????, ???????????? ?? ??????? ???????? ? ??????:\r\n         - ???????\r\n         - ??????\r\n         - ???????????\r\n         - ??????????\r\n\r\n3. ????????? ?????????? (??????? ????????? ?? ?????????)    ? ???. ????\r\n\r\n- ? ??? ???????? ???????                     ??   5  ????   ? ??  0 ????         ??\r\n\r\n- ? ??????????? ??????? ?? ???????   ?????  3 ????                            ??      \r\n\r\n- ? ?????? ??????? ? ???                      ??  1 ????                                 ??\r\n\r\n- ? ??????? ??????? ? ????? ????????????                                           ??\r\n\r\n- ?? ????????? ??????? ?????? (??? ??????? ?????????, ??? ? ??????? ??????)                                                                                                 ???          \r\n\r\n- ? ??????? ????????? ?? ??????? ?? ???????? ???????                      ??\r\n\r\n- ????????? ?????????? ???????                                                        ??\r\n\r\n\r\n\r\n4. ????????????????? ??????? ???????:\r\n\r\n      ????????? ????? ?????? ???? ??????                                            ??\r\n\r\n      ????????? ????? ?????? ????? ????????                                       ??\r\n\r\n\r\n5. ????????????????? ??????? ???????????:\r\n\r\n      https://ittour.worksection.com/project/46982/834769/\r\n\r\n6. ?????????????? ?????????? ?????? ???????????\r\n\r\n  - ?????????\r\n\r\n       - E-mail\r\n\r\n       - ??????\r\n\r\n      - ?????? ?????\r\n\r\n\r\n7. ?????????????? ?????? ???? ?????????????, ? ??? ????? ????????? ??????.\r\n\r\n8. ?????????? ???????? ?? ??????? ????????\r\n\r\n9. ????????? ????????????????? ????? \"??? ??????\"\r\n\r\n10. ????????? ????????????? ? ????-???\r\n\r\n11. ????????? ????????????? ? ??????????????\r\n\r\n12. ????????? ??????? ?????? ??? ????????? ????\r\n\r\n  ? ????????????:\r\n\r\n- ? ???????\r\n- ? ????????\r\n- ? ????????\r\n\r\n\r\n\r\n\r\n????????? ???????????? (?????????).\r\n\r\n\r\n1. ????????? ????????????????? ????? \"??? ??????\"\r\n\r\n2. ????????? ????????????? ? ????-???\r\n\r\n3. ????????? ????????????? ? ??????????????',NULL,NULL,1,NULL,2,NULL,1,0,'2013-02-19 18:22:15','2013-02-19 18:22:15','2013-02-19',0,NULL,NULL,63,1,2,0),(64,1,13,'???????????? ?????????????? ????? ?? ????????? ?????','1. ? ?????? ??????????????? ??????? ?? ??????? ??? ????????? ????? ?? ???????????? ????????? ????? ?????????? ????????? ????????:\r\n\r\n1.1. ?? 3 ??? ?? ????????? ???????? ???????????? ?????????? ??????????, ?????? ?? ?????????? E-mail ? ??? ?? ?????????? ??????? \"? ????????????? ????????? ?????? ??? ?????????? ???????? ????????? ?????\"\r\n\r\n1.2. ?? ????????? ???? ????? ????????? ???????? ?????????? ??????? ?? ???????? ????????? ?????. ?????? ?????? ? ????? ? ???????????? ?????????? ??????????, ?????? ?? ?????????? E-mail ? ??? ?? ?????????? ??????? \"? ????????????? ?? 05 ????? ???????? ????????????? ?? ??????????????? ??????\"\r\n\r\n1.3. ????? 5 ???? ????? ????????? ????????? ??????? ???????????? ?????????? ??????????, ?????? ?? ?????????? E-mail ? ??? ?? ?????????? ??????? \"? ???????? ?? ???????? ???? \"??????\" ? ??????????? ????????????? ??????? ? ????????\".\r\n- ?????????? ???????? ???? \"??????\". ??????????? ?????? ? ?????????????? ??????? (???? ??? ???? ? ??????? ????????).\r\n- ????? ????????, ??????? ???? ????????????? ???????? ?? ????????? ???????? ?? ??????? ?????, ???????????? ?? ??????? ?????????\r\n- ???????? ????????? ?????????????? ????????, ? ???? ????????????? ????, ?? ??? ? ???????????? ? ???????? ?? ??????? ????? ????????.\r\n\r\n1.4. ??? ????????????? ?????????????? ????? ?? ????????? ????? ?????????? ????????? ?????? ? ???????? ??????????????? ????????.\r\n???????????? ????? ????? ????????????. ',NULL,NULL,1,NULL,2,NULL,1,0,'2013-02-19 18:22:45','2013-02-19 18:22:45','2013-02-19',0,NULL,NULL,64,1,2,0),(65,1,13,'????????????? ?????? ? ??????? ???????? ?? ????-???','???????????? ??? ????? ? ?????????? ???????? ????? ????????????? ? ???????? \"????-???\".\r\n???????????????? ????? \"??????\" ? \"???????\"\r\n\r\n1. ????????????? ?????? ? ????-???\r\n\r\n1.1. ??? ????????? ????????????? ?????????? ? ???????????????? ?????????? ???????????? ?????? ?????? ??????????? ? ????-???, ??????? ????, ? ??????? ????? ?????????? ?????????????, ? ?????? ?????? \"????????????????\".\r\n??? ????, ????? ????????????? ??? ?????? ?? ????????? ??????, ? ????? ????? ?????? ????? ??????????? ? ??? ????? ????? ?? ?????????? ? ????-???.\r\n\r\n1.2. ????? ?????? ????? ?????? ? ??? ????????????? ?????????? ?????? ?? ??????? ????????? ?????? ? ????????? (?????????? ?? ?????????? ????, ??????? ???????????? ? ??????).\r\n\r\n1.3. ????????????? ????????? ?????? ????? ????????, ???? ??????????????? ????? ? ?????????? ??????.\r\n\r\n1.4. ??? ?????? ????????????? ?????? ??????? ????????? ??????????????? ???????? ? ?????? ????? ???????? ????????? ????????????? (????????? ?? ? ??????? ?????? ? ????-??? ?????????????? ???????? ??? ??????? ?????????).\r\n??? ?????????? ?? ?????? ????????:\r\n  -  ???? ? ???????? ????-??? ??????? ????? (??? ????? ?????? ????), ?? ? ???? ?????? ?????? ???????? ??? ????????????? ???????? ?????? ?????? ??????. ??? ?????????? ????? ?????? ????????????? ???????? ??? ????? ???????? ????????????? ??????. ????? ?? ?????????? ????????????? ? ?????? ????????? ??????? ????????? ?????? ? ????-???, ?? ?????? ????? ??????????? ????????? ?????? ? ?????? ??????? ??????.\r\n  - ???? ????????????? ???????? ???????? ??????????? ??????, ?? ????? ?????? ???????? (??? ????????) ????????? ?????????????.\r\n\r\n1.5. ????????????????, ??? ??????, ??????????? ? ??????? ????-???, ??? ? ??????, ??????????? ? ???????? ?????? ???????????? ?????????????, ??????? ???????????????? ? ???????? ????-???. \r\n? ????-??? ???? ?????? ????????? ????????????? ??????? ?????? ? ??????????????. ?????? ????? ??????? ????? ?? ????? ??????? (?????? ???????? ???????? ? ????-???)\r\n\r\n2. ??????? ???????? ?? ????-???.\r\n\r\n?? ??????? ??????? ???????? ???????? ? ????-??? ?????? ???????????, ??????? ?? ? ?????????? ? ?????? \"??? ????\".\r\n????? ??????????? ???????? ????? ????????? ? ??? ? ?????? ???????.\r\n????? ???????? ???????? ????? ?????????? ? ???? ???????? ??????? ??? ????????? ??????? ? ??????????????? ???? ?? E-mail  \r\n\r\n3. ????????????? ??????? ?????? ? ?????????? ? ??????????????.\r\n\r\n3.1. ????????????? ??????? ?????? ????? ?????????? ? ???????????????? ??????????. ??? ????? ?????????? ??????? ???????????? ?? ?????? (? ???????? ??????????? ?????????????), ??????? ?????? ?????? ????????????? ?????? ??????????????? ?????? ??? ????? ? ??????? ?????? ???????????? ???????????? ? ?????? ?????? \"????????????????\".\r\n\r\n3.2. ??? ????????????? ? ??? ????????????? ????? ???? ?????? ?? ????????? ??????. \r\n\r\n3.3.?? ??????? ??????? ???????????????? ?????? ????????? ?????? ? ????????. ???? ?????? ????????? ?????? ? ???????????? ?? ????????????? ????????, ???????????? ? ???, ???????????? ?????? ????????????.\r\n\r\n3.4. ????????????? ????? ???? ???????? ? ????? ??????, ??? ?? ?????????, ??? ? ?? ????????? ??????.',NULL,NULL,1,NULL,2,NULL,1,0,'2013-02-19 18:23:04','2013-02-19 18:23:04','2013-02-19',0,NULL,NULL,65,1,2,0),(66,1,13,'?????? ???? ??????','?????? ???? ?????? - ??? ?????? ??? ???????? ??????????. ??? ????????? ????????????? ?????????? ?????? ? ?????????? ??????, ??????????? ??? ?????? ??????????.\r\n\r\n???? ????? ????????:\r\n\r\n- ???????? ?????? ? ?????????? ? ????????, ??????????? ?? ????????????? ???\r\n- ????????????? (????? ??????????????? ? ????-???)\r\n- ??????? ?????????? (????? ??????????????? ? ????-???)\r\n- ?????????? ?? ??????????, ????????????? ? ????????? ????? (????? ??????????????? ? ????-???)\r\n- ???????? ??????? ?? ????? ? ???????????? ???????? ???? ?????? ??? ????? ??????',NULL,NULL,1,NULL,2,NULL,1,0,'2013-02-19 18:23:22','2013-02-19 18:23:22','2013-02-19',0,NULL,NULL,66,1,2,0),(67,1,13,'??????? ??????. ?????? ??????????? ???????? ???? ??????????? (???) ? ??','??????? ?????? ????? ???????? ?????????????? ??????? ???.\r\n\r\n??? ????? ??? ??????? ???????, ??? ? ???????????????? ????? (??)\r\n\r\n? ?????? ?????? ? ?? ??????????? ???? \"????????????\" ? \"?????\"\r\n\r\n\r\n1. ?????? ? ???????? ? ??\r\n\r\n? ???? ?????????? ?????? ???? ??????????? ????????? ???????????:\r\n\r\n1.1. ?????????? ??????? ???? ????? ?????? (?? 150 ?????? ?? ????? ????????).\r\n\r\n1.2. ?????????? ???? ??????????? ?? ????????? ??????????\r\n\r\n1.3. ??? ??????, ??????????????? ????????????? ? ???, ? ?? ? ???????????? ????????, ??????????? ???? ??? ?????????? ????????????? ????????:\r\n - ????? ?????? ????????????? (???? ??????????? ?????? ???????? ??? ????????????) ????????????? ????????? ??? (? ??????? ? ????? ???????? ??????????? ???????? ???? ????? ????????????? ??????????????) \r\n  - ????? ?????? ???????????? ?? ??? ?????? ????????? ???\r\n  - ??? ????????? ?????? ???????????? ????? ???????? ??????????? ??? \r\n?? ???? ??? ???????????? ?????? ?? ??????????, ?????? ? ???????? ???????????? ?? ?????? ? ??? ????????? ??? (?? ?????? ? ????????????? ????).\r\n??? ??? ? ???????? ??????? ????????? ????????????.\r\n\r\n1.4. ??????? ????????? ?????? ? ?????? ???????????? ????? ??? ?????? ???????? ???. ??????? ?????? ??????????????? ????????????? ????? ?????????? ??????.\r\n??? ????? ??????? ?????? ????????????? ? ??????? ?????? ????????????. \r\n\r\n1.5. ??????, ??????? ????????? ???????????? - ???????? ????, ??????????????? ??????????????? ??? ? ????????? ??????.  \r\n\r\n1.6. ??? ??????, ?? ???????? \"?????????\" ??????????? ? ?????? ?????? ????? 1 ????? ????? ????????? ??????? \"?????????\"\r\n\r\n\r\n2. ?????? ? ?????????\r\n\r\n2.1. ????????????? ??? ????? ???????????????? ????? ??????????? ???? (?? ?????? ????????? ???????) ?????? ???????, ????????? ??????????? ??? (?????? ? ?????, ?????? ????????).\r\n?????? ???????? ? ??????? ?????????????? ????????????. ????? ?? ????? ???? ??????????????? ?????????.\r\n\r\n2.2. ?????? ? ??????? ????????? ??????????? ?????????? ? ????????? ??????.\r\n\r\n\r\n3. ?????? ? ?????????.\r\n\r\n3.1. ??? ????????? ????????? ???????? ????????? ??? ? ????????, ??????????? ???????? ???????? ? ???????? ???????.\r\n????? ?????, ????????????? ??? ????? ???????????? ????? ??????? (? ???????? ????????) ? ??????? ???????????? (??????????????).\r\n???????? ????? ???? ???????????? ??????????????? ?????????.\r\n\r\n4. ?????? ? ????????????\r\n\r\n4.1. ??? ????????????? ??????? ??? ??????? ??????????????? ??? ? ??????? ????????????, ? ?????????? ????????????? ?????????? (? ??? ????? ? ?????????? ?????). ?????????? ???????? ???? ?????????? (?? ?????????) ??? ?????? ?????????????? ???????? (???????? ? ?????????? ???????? ???????????????)\r\n\r\n4.2. ?????????? ????? ???? ????????????? ? ????????? ???? ? ????????? ????????? ?????????? ????.\r\n??? ?????????? ????????????? ? ????? ?????????? ???????? ???????????? ? ?? ??????????? ????. ',NULL,NULL,1,NULL,2,NULL,1,0,'2013-02-19 18:23:43','2013-02-19 18:23:43','2013-02-19',0,NULL,NULL,67,1,2,0),(68,1,13,'??????? ??????. ?????? ??????????? ???????? ???? ??????????? (???) ? ??????? ???????? 1','1. ??????? ??? ?????????? ?? ???????? ???????? ??????? ??????????? ??????? ????????????? ?????????\r\n- ????????\r\n- ???????? ?????????\r\n- ???????? ????????\r\n\r\n2. ?? ???????? ??? ???????? ??? ?????????:\r\n  - ???????? ???????? ???? ???????? ????\r\n  - ???????? ????????? ???? ???????? ????\r\n\r\n3. ?? ???????? ??? ????? ????????? ?????????? ??? ?????? ???? ?????????? ???? (??? ????????? ??????????)',NULL,NULL,1,NULL,2,NULL,1,0,'2013-02-19 18:24:17','2013-02-19 18:24:17','2013-02-19',0,NULL,NULL,68,1,2,0),(69,1,13,'??????? ??????. ????????????? ?????????? ? ?????????? ? ??','1.1. ????? ?????????????? ?????????? ? ?????? ???????? ???? ?? ?????? (?????? ??????????????? ????????) :\r\n\r\n        1.1.1 ?????????? ???????????? ????????\r\n        1.1.2. ?????????? ??????????? ??????, ?????\r\n                      ? ? ??????? ???????? ?????????:\r\n                             - ??????????\r\n                             - ? ??????\r\n                             - ????????????\r\n                             - ?????\r\n                             - ????????????\r\n                             - ?????????\r\n        1.1.3. ??????????? ????? ????????? ? ???????? \r\n        1.1.4. ?????????? ???????????? ???????? (?? ????????? ??????? ?????? ????????? ?? ??????????? ??????), ????? \r\n              ? ?? ????????? ? ?????????? ????????????:\r\n                              - ??????\r\n                              - ???\r\n                              - ....\r\n       1.1.5 ????????????? ?????????? ?????????? (???? ? ????????? ?????????? ??????????, ?? ??????? ???? ????????? ????????? ????????):\r\n \r\n 1.2. ???????????????? ????? ? ?????????????? ????????:\r\n\r\n  - ?????\r\n  - ????????????\r\n  - ?????? (? ??)\r\n  - ??????????? (??????)\r\n  - ?????\r\n          ???????????? ????????\r\n          ??????????? ??????\r\n          ??????????? (??????/??????)\r\n          ???????????? ????????\r\n \r\n \r\n\r\n1.3. ????????????? ?????? ??????????? ? ??????????\r\n???????:\r\n  - ?????\r\n  - ????????????\r\n  - ????????\r\n  - ?????? (? ??)\r\n  - ?????\r\n          ???????????? ????????\r\n          ??????????? ??????\r\n          ??????????? (??????/??????)\r\n          ???????????? ????????\r\n          ?????? ?? ?????????? ????????\r\n          ?????? ?? ??????\r\n \r\n2. ?????? ??????????? ? ????????? ????     ',NULL,NULL,1,NULL,2,NULL,1,0,'2013-02-19 18:24:36','2013-02-19 18:24:36','2013-02-19',0,NULL,NULL,69,1,2,0),(70,1,13,'????????? ???????? ???????????? ??? ?????????? ? ????','??? ?????????? ? ???? ???????????? ???????? ?????? ? ?????????? ????? \"????????? ??????? ??????\" ? ????????????:\r\n- ? ???????\r\n- ? ????????\r\n- ? ????????\r\n\r\n??????: ???? ?? ???????, ??? ???? ??????????? ??????? ?????? (??????????? ???????? ????)?',NULL,NULL,1,NULL,2,NULL,1,0,'2013-02-19 18:25:04','2013-02-19 18:25:04','2013-02-19',0,NULL,NULL,70,1,2,0),(71,1,13,'???????????????? ????????','?? ???? ????????? (????????), ?????????? ? ???????? ??????? ????????????????.\r\n\r\n- ???? ????????\r\n- ?????\r\n- ????????????\r\n- ???????????? ????????\r\n\r\n??????? ???????? ???????? ?????????????? ????????.',NULL,NULL,1,NULL,2,NULL,1,0,'2013-02-19 18:25:27','2013-02-19 18:25:27','2013-02-19',0,NULL,NULL,71,1,2,0),(72,1,17,'????????. ???????? ??????? ????????','1 ????? ??????? ???????? \r\n\r\n2. ????? ???????? (????????????????? ??????)\r\n\r\n    - ???? ? ?????? (?? ??????)\r\n    - ????? ?????\r\n    - ????\r\n    - ??????? ????\r\n    - ????????????? ???? ? ??????\r\n    - ????????????? ????\r\n    - ??????? ???? ? ?????? (?? ??????)\r\n\r\n3. ????????? ? ?????????:\r\n\r\n   3.1. ???? ? ?????? (?? ??????)\r\n          ?????????? ??????? \"??????????? ???\" ? ?????????????????? ???????????\r\n\r\n   3.2. ????? ?????\r\n          ????? ????? ?????? ????? (????? ??????)\r\n\r\n   3.3. ????\r\n          ????? ????? ?????? ?????\r\n\r\n   3.4. ????????????? ???? ? ??????\r\n          ??????? \"????????????? ????\" ? ?????????????????? ???????????\r\n\r\n   3.5. ????????????? ????\r\n         ????? ?????? ????? + ??????? \"????????????? ????\" + ?????? ?? ????????????? ???? ? ??????\r\n\r\n   3.6. ??????? ???? ? ?????? (?? ??????)\r\n         ??????? \"??????????? ???\" ? ?????? ??????? ? ?????????????????? ???????????\r\n\r\n   3.7. ??????? ????\r\n          ??????? ??????????? ???\" ? ?????? ??????? + ?????? ?? ???????? \"??????? ???? ? ?????? (?? ??????)\"\r\n\r\n4. ?????????????\r\n\r\n   ???? ??????? ????????? ?????????? \"??? ?????????!\"\r\n\r\n? ??????? ???????? ???????????? ???????:\r\n- ??????????? ???\r\n- ? ????????? ??????\r\n? ??????? ????? ?????\r\n\r\n???????? ???????:\r\n - ??????? 300*250, 200*300, 600*120 (??? ???????)\r\n- ?????? ??????????? (?????)\r\n- ???? ?????????? \"?????? ???????\" \r\n- ???? ??? \"??? ?????? ???\"\r\n- 4 ?????? \"??? ?????????!\"\r\n- ??????? ????? ?????\r\n- ???? ????????\r\n- ???? ????????',NULL,NULL,3,26,2,NULL,1,3,'2013-02-19 18:31:30','2013-03-19 11:32:59','2013-02-19',0,NULL,NULL,72,1,2,0),(73,1,13,'????????? ??????????? ??????? ??? ??????','?? ???? ?????????? ????? ???????????. \r\n????????? ????????? ???????????',NULL,NULL,1,NULL,2,NULL,1,0,'2013-02-19 18:35:24','2013-02-19 18:35:24','2013-02-19',0,NULL,NULL,73,1,2,0),(74,1,13,'????????????? ????????','1. ????? ?????????\r\n\r\n- ???????? ??????? ? ??????????? ????????? ???? ? ??? ????????\r\n- ??????????? ?? ??????.\r\n- ???????????? ???????? ?????????? ?? ????, ???????? ????? ? ?????????? ?????? \"?????????\" \r\n\r\n2. ???????????? ???????? ?? ????????? ? ????????????? \r\n\r\n- ????????? ???? ? ?????? \r\n- ?????? ????????????\r\n- ??????? ??????\r\n- ??????? ?????????????\r\n- ????? ?? ?????????\r\n\r\n3. ???????????? ???????? ?? ????????? ? ???????? \r\n\r\n- ????????? ???? ? ?????? \r\n- ?????? ????????\r\n- ??????? ?????? ???????\r\n- ??????? ?????????????\r\n- ????? ?? ?????????\r\n',NULL,NULL,1,NULL,2,NULL,1,0,'2013-02-19 18:36:44','2013-02-19 18:36:44','2013-02-19',0,NULL,NULL,74,1,2,0),(75,2,6,'??????????? ??????? API ? ???? ????? ??????? ????-???','?????? ????????? ??? ??????????? ??????? ? ?????? ?????, ??? ?????????? ??????????.\r\n??? ??????????? ????? ?? ????? ??? ????????? ?????? ? ????? ?? ????? \"??????????? ???\", \"? ????????? ??????\", \"????????????? ????\", ? ?.?.\r\n??? ?????????? ?????? ?? ?????? ? ????????? ??????????, ??? ?????????? ???? ?????, ???????? ?????, ?????? ? ??? ??????????, ????? ?????, ????????? ??? ?????? ?? ???, ??????? ??????, ????? ? ?.?.',NULL,NULL,3,NULL,3,NULL,1,9,'2013-02-19 18:44:38','2013-03-06 01:21:12','2013-02-19',0,NULL,NULL,75,1,2,0),(76,2,6,'?????????? ???????????? ?? ????????? ???????????','> ?????????????? ? ???????? ?????????????? ? ??????? ??????? ? ????? ?????????? ????:\r\n> \r\n> <form id=\'checkout_order_{$order_id}\' name=\'checkout_order_{$order_id}\' method=\'POST\' action=\'https://api.privatbank.ua/p24api/ishop\'>\r\n> <input type=\'hidden\' name=\'amt\' value=\'{$price}\' />\r\n> <input type=\'hidden\' name=\'ccy\' value=\'UAH\' />\r\n> <input type=\'hidden\' name=\'merchant\' value=\'{$merchant}\' />\r\n> <input type=\'hidden\' name=\'order\' value=\'{$orderID}\' />\r\n> <input type=\'hidden\' name=\'details\' value=\'?????? ?? ???????? ?{$order_id}\' />\r\n> <input type=\'hidden\' name=\'ext_details\' value=\'???????? ????????? ?{$order_id}\' />\r\n> <input type=\'hidden\' name=\'pay_way\' value=\'privat24\' />\r\n> <input type=\'hidden\' name=\'return_url\' value=\'{$merrespurl}\' />\r\n> <input type=\'hidden\' name=\'server_url\' value=\'{$merrespurl}\' />\r\n> </form>\r\n> ???:\r\n> {$order_id} - ????? ??????\r\n> {$price} - ????? ?????? ? ??????? ?? 2-?? ????? ????? ????? (999.00)\r\n> {$merchant} - ID ????????\r\n> {$orderID} - ?????????? ????? ???????? (? ??? ???????? ? ?????? ??????)\r\n> {$order_id} - ID ??????\r\n> {$merrespurl} - ?????? ??? ?????? ? ???????? ????? ??????\r\n> \r\n> ?? ?????? ???????? ? {$merrespurl} ????????? ?????? ??????? ????????? ?????????? ?????? ? ?????? ??????????????? ?????? ? ???? ???? ??????.\r\n> \r\n> \r\n> ????? ? ??? ??????????? ??????? ?????? ?????????? ??????? ? ????? ??????? Webmoney',NULL,NULL,3,NULL,2,NULL,1,2,'2013-02-19 18:52:59','2013-02-28 17:50:56','2013-02-19',0,NULL,NULL,76,1,2,0),(77,2,6,'??????? ? ?????? ?????? ? ????????????? ????????','?????????? ??????????? ??????????? ????????-??????? ?????? ????? ??? \"?????? ? ???\" ? ??????? ????-??? ? ?? ????? \"?????? ? ???\".\r\n\r\n1. ??????? ?? ?? \"?????? ? ???\" ? ??? ?????????????? ? ??????????? ?? ???????? ????????????? (????? ????? ?????????? ?????? ? ???? ????????\") ??? ??????? (????? ???????????? ?????? ?? ??????? ? ?? \"?????? ? ???\").\r\n\r\n????? ???????? ?????? ???????? ? ?????? \"?????????????? ??????\" (???????? ?????? \"??????????????\") ? ????? ???????? ???? ??????? ?????????? ??????????? ???????.\r\n\r\n?? ????????? ?????????? ?????? (????????, ?????? ??????) ?????? ????????????? ???????????, ??? ? ????-??? ??? ? ? ?????????.\r\n\r\n?? ???? ?????? ? ??????? ?????????? ????????, ?? ?????? ??????? ??????? ????-??? ????????? ??????? ? ???????? ??????????:\r\n -  ? ??????? \"??????????????\"\r\n -  ? ??????? \"????-???\"\r\n -  ? ??????? ????-??? ? ? ?????????\r\n\r\n????? ?????????? ???????????????? ?????? ??????? ?????? \r\n\r\n2. ??????? ?? ??? \"?????? ? ???\" ? ?? \"?????? ? ???\"\r\n\r\n?????????? ?????????????, ????? ????? ?????????? ??????.\r\n\r\n????? ?????????? ???????????????? ?????? ??????? ??????',NULL,NULL,3,NULL,3,NULL,1,4,'2013-02-19 18:58:40','2013-03-06 13:55:48','2013-02-19',0,NULL,NULL,77,1,2,0),(78,2,6,'1.?????? \"??????????? ???\"','> ??? ?????????? ???????:\r\n> 1.?????? ????????? ?????\r\n> 2.?????? ??????? ????????? ?????? (????????)\r\n> 3.??????? ?? ???-?? ?????(?? ???? ??????? ??????????, ???????????? ??? ??? ???????? ?????? ??????)\r\n> ???????? ?????? ?????? ? ???????:\r\n> ??????, ??????, ?????, ??? ??????? (???????? AI, ??? ????????), ???-?? ????? ?????, ???-?? ?????, ????? ??????, ???? ??????, ????? ??????, ????, id ????.\r\n> ????? ???-?? ??????????????? ???????????.\r\n\r\n\r\n? ????????? ????? ????? ????????? ??????? ????????? ???????? ??? ??????? \"??????????? ???\" ? ??????????? ????????. ?????? ??????? ????? ????????? ??????? ?????? - ??????? - ????? ??????. ??????????? ?????? ?? ???????? (?????? ??????? ????????? ?????? (????????) )  ?? ???????????. ??? ?????? ??????? ????? ????????? ? ??????????? ???????? ?????????? ? ???? ??????.\r\n\r\n???-?? ??????????? ?????????? ???????? items_per_page, ??? ????????? ?????????? ????? ?????? ????? ???????? ???????? page ?????????? ????? ??????????? ????????.\r\n? ?????????? ?????????? ??????? ??????? ?????????? ??????????? ?????? ????? ?????????? ??? ??????????? ??????????.\r\n??????????? ???????? \"????? ???-?? ??????????????? ???????????\" ?? ?????? ?????? ???????????.\r\n???? ?????? ?? ???????? id ??????, ?????? ? ????????, ?? ????? ?????? \"??????\" ??????????? ???.\r\n\r\n????????? ?????? ?????????????? ????? ??????????? ????????? ??????? ? ?????? ????????? ??? ???????:\r\n\r\n$this->exec(\'package_tour_search\', $param,$cache);\r\n???:\r\n$param - ?????? ?????????? ??????.\r\n$cache - ???? ???????????? ??????????? ??? ???, ?? ????????? false.\r\n$param[\"type\"] = 48 - ??? ??????? ??????????? ???.\r\n????? ?????? $param ????? ????????? id ?????, ????????? ? ?????? ??????.\r\n\r\n?????? ????? ? ??????? ????? ???????? ? ??????? ??????? $this->exec(\'get_showcase_filter\', $param, true);\r\n??? ?????? $param ???????? ??? ??????? ? ??? ????????????? ???????? $param = array(\'result\' => \"country\", \'showcase\' => 48);\r\n??? $param = array(\'result\' => \"city\", \'showcase\' => 48);, ?? ? ???? ?????? ?????????? ????? ???????? ???????? \"country\" ?????????? id ?????? ??? ??????? ????? ?????? ?????? ???????.\r\n????? ????? ???????? ???????? \"language\" ?? ????????? \"ukrainian\", ????????? ???? ???????? ????? ? ??????? ????? ?? ?????????? ?????.\r\n\r\n?????? ????????? ?? ?????? ?????? ????? ???????? ?? ?????? ?????? ???????? ???????, ??????? ????? ???????? ????? ??????\r\n$this->exec(\'get_search_form_fields\', $param, true);\r\n??? ?????? $param ????? ???? ?????? ??? ????????? ???????? \"language\" ?? ????????? \"ukrainian\".',NULL,NULL,5,NULL,2,NULL,1,10,'2013-02-19 19:05:01','2013-03-15 17:05:20','2013-02-19',0,NULL,NULL,78,1,2,0),(79,2,6,'4. ?????? \"??????\" ','> ?? ?????????? ??? ????? ?????? ?? ???, ??????? ?????? ??? ????????????, ??? ?????? ???\r\n> \r\n> \r\n> \r\n> ?????????? (????? ??????, ???????? ?????? id ????), ???????????? ?????? ????? ?????? ? ?? ???\r\n> \r\n> \r\n> \r\n> ???? ??? ????????????, ???? ???? ?????? ???????? ??? ?? ????.\r\n> \r\n> \r\n> \r\n> ? ????? ??? ???? ????? ?? ????????? id ??????, ???? ???????? (??? ??? ???? ????? ?? ?????????\r\n> \r\n> \r\n> \r\n> ????????, ???????? ??? ?????? ???????? ?? ???? ????? ??? ?? ??????, ? ?????? ???? ????????\r\n> \r\n> \r\n> \r\n> ??????, ??? ???????? ???????????? ??????? ?????? ? 23:59 13.02.2013, ? ? ??? ???? ????????\r\n> \r\n> \r\n> \r\n> ?????? 13.02, ? ? ??? ???? ?????? ??????????? ????????? 14 ?????, ? ? ??? ? ???? ????? 14 ?????\r\n> \r\n> \r\n> \r\n> ???????? ??????, ?????? ?? ???????), ?????? ??????, ?????? ??????.\r\n> \r\n> \r\n> \r\n> ??? ???????? ??????, ??? ????????? ???? ?????????????, ???? ???????, ????????? ?????????,\r\n> \r\n> \r\n> \r\n> ??????? ???????.\r\n> \r\n> ???????????? ???. ??????? ???? ??????????.\r\n> \r\n> \r\n> \r\n> ??? ??? ???????????????? ?????? ??????? ?? ??? ?????? ???? ??????? ????? ? ?????? ???????, ???\r\n> \r\n> \r\n> \r\n> ???????? ????? ?????? ? ????? ?? ????? ???????, ????? ??? ???? ??????????? ??????? ?? ???.\r\n> \r\n> ???????????? ?????? ?? ???????? ?? ???????? ?????, ? ????? ?????? ??????? ??? ????? ??????????.\r\n> \r\n> \r\n> \r\n> ?? ??????? ?????? ????????? ?????????? ???????.\r\n\r\n\r\n?? ?????? ?????? ??????????? ??????? ???????? ?????? ? ????? ??????? ????? ??????.\r\n\r\n$param = array( \'tour_id\' => $tour_id\r\n, \'first_name\' => $first_name\r\n, \'second_name\' => $second_name\r\n, \'middle_name\' => $middle_name\r\n, \'city\' => $city\r\n, \'email\' => $email\r\n, \'phone\' => $phone\r\n, \'comment\' => $comment\r\n);\r\n$this->exec(\'package_order_save\', $param);\r\n\r\n?????? ?????? ??? ????????? ?????? ???????????? ?????? ?? ???????????.',NULL,NULL,3,NULL,2,NULL,1,5,'2013-02-19 19:10:48','2013-03-06 13:55:32','2013-02-19',0,NULL,NULL,79,1,2,0),(80,2,6,'6. ?????? \"??????? ???\"','> ???????? ?????? ?????? ? ???????:\r\n> ??????, ??????, ?????, ??? ??????? (???????? AI, ??? ????????), ???-?? ????? ?????, ???-?? ?????, ????? ??????, ???? ??????, ????? ??????, ????, ?????? ??????, id ????, ????????? ????.\r\n> \r\n> ????? ???-?? ??????????????? ???????????.\r\n\r\n?????? ?? ??????????, ??? ?????????? ?????????? ?????????? ? ??????? ?????????? ???????.',NULL,NULL,5,NULL,2,NULL,1,15,'2013-02-19 19:13:55','2013-03-16 17:15:05','2013-02-19',0,NULL,NULL,80,1,2,0),(81,2,6,'7.?????? \"????????????? ????\"','> ?????? ?? ?????? ?????? ???? ????????????? ?????, ?????????? ?? ???? ???????.\r\n> ???????? ????, ?????? ????? ????, ?????? ??????? ????, ?????????, ?????, ???-?? ???? ???????,\r\n> ????? ??????, ???? ???? ?-??, id ????, ????????? ????.\r\n\r\n? ????? ??????? ????? ????????????? ????? ?????? ?? 2 ?????: ????? ???? ? ????? ???????????.\r\n- ?? ?????? ????? ??????????? ????????? ?????? (??????, ?????? ?? ????????, ?????? ??????, ?????????, ???????? ??? ? ????) ? ? ?????????? ?????????? ??????? ???????? ????? ?????????? ? ?????.\r\n- ?? ?????? ????? ?? ???????? ????????? ?????????? ? ???? ? ????????? ? ???????????? ?????? ??? ? ?????? ??????????.\r\n\r\n??? ????????? ?????? ???????? ?????????? ????????? ?????? $this->exec(\'get_hike_search_form_fields\', array(), true)\r\n\r\n??? ?????? ?? ?????? ????? ?????????? ??????? ??????\r\n\r\n$result = $this->exec(\'hike_tour_search\', $param);\r\n\r\n?????? ?????????? ??????????? ?????????\r\n$search_array = $this->parse_hike_search_url($_SERVER[\'QUERY_STRING\']);\r\n$search_array = $this->prepare_hike_search_array($search_array);\r\n?? $_SERVER[\'REQUEST_URI\']; :\r\ncity    2014\r\ncountry    26 39\r\nhike_date_from    23.01.13\r\nhike_date_till    24.03.13\r\nhike_price_till    5000\r\nhike_tour_type    -1\r\nitems_per_page    50\r\ntour_city    5136 4052\r\ntransport    2\r\n\r\n??? ????????? ?????? ?? ?????? ????? ?????????? ??????? ??????\r\n$this->exec(\'hike_tour_price_search\', $param);\r\n??? $param[\'tours\'] = array($tour_id)\r\n\r\n> ????????????? ????, ? ????? ?????? ???? ?????? ??\r\n> ????????? ? ??????? ??????????, ?????? ??????? ??????? ???, ??????????, ????????\r\n??? ??????? ??????? ???????????? ?? ????? ?????? ????? ???????? ??? ???????.\r\n? ?????? ?????? ???????????? ???????? night_moves, ???????? ??????????? ???????? \"0\".\r\n\r\n> 1) ?????? ????????????? ????\r\n> \r\n> ????????? ??????:\r\n> \r\n> Array\r\n> \r\n> (\r\n> \r\n> [items_per_page] => 10\r\n> \r\n> [price_till] => 10000\r\n> \r\n> [countries] => Array\r\n> \r\n> (\r\n> \r\n> [0] => 0\r\n> \r\n> )\r\n> \r\n> \r\n> \r\n> [transport_types] => Array\r\n> \r\n> (\r\n> \r\n> [0] => 0\r\n> \r\n> )\r\n> \r\n> \r\n> \r\n> [departure_cities] => Array\r\n> \r\n> (\r\n> \r\n> [0] => 0\r\n> \r\n> )\r\n> \r\n> \r\n> \r\n> [date_from] => 2013-01-28\r\n> \r\n> [date_till] => 2013-02-28\r\n> \r\n> [is_ticket_price_included] => -1\r\n> \r\n> [city_search_type] => and\r\n> \r\n> [current_url] => /app_dev.php/hike_tours\r\n> \r\n> [use_uah_price] => 1\r\n> \r\n> )\r\n> \r\n> \r\n> \r\n> ? ?????????? ?????? ????? offers\r\n??????????? ?????? ?????? ??? ?????? ?? ??????????? ?????? ???? ????? ?????????? ????? ??? ??? ???????.',NULL,NULL,2,NULL,2,NULL,1,5,'2013-02-19 19:17:27','2013-03-06 18:49:50','2013-02-19',0,NULL,NULL,81,1,2,0),(82,2,6,'8.?????? \"????? ????? - ????????? ??????\"','?????? ???',NULL,NULL,1,NULL,2,NULL,1,2,'2013-02-19 19:22:01','2013-02-19 20:25:27','2013-02-19',0,NULL,NULL,82,1,2,0),(83,2,6,'9. ?????? \"????? ?????\"','> ?????? ?? ?????? ?????? ???? ?????, ?????????? ?? ???? ???????.\r\n> ??? ???? (????????????? ????????, ?????? ??????), ?????? ????? (???????? ???? ????) ????, ??????\r\n> ???????? ???? (???????? ????????? ??????), ????????? ????? (???-?? ????? ??-??), ?????? ?????\r\n> ???????, ???????? (???-??), ???? (???-??), ????? ??????????? (??????), ???? ?????? ??-??, ???-??\r\n> ???? ???? +- 5 ???? (5 ????????), ????????? ???? ??-?? ? ?????? ??????? (uah, usd, eur), id ????, ????????? ???? ?? ???? ? ??????? ???????.\r\n> \r\n> ??????? ?????? \"???????? ?????\"\r\n> ?????? ????????? ????? ?? ???????? ?????, ??????, ?????? ??????? ??????, ??????????? ???? ??\r\n> ?????? ????.\r\n> \r\n> ??????? ?????? \"????????????? ?????\"\r\n> ?????? ????????? ????? ?? ????????????? ?????, ??????, ?????? ??????? ??????, ??????????? ????\r\n> ?? ?????? ????.\r\n> \r\n> ?????? ?? ????????? ??????????? ?????? ?? ?????? ??????.\r\n> ?????? ?? ????????? ??????????? ?????? ?? ??????????? ????, ? ?????? ????.\r\n> \r\n> ?????? ?? ?????? ?????? ???? ?????, ?????????? ?? ???? ???????.\r\n\r\n?????? ???? ????? ??????????? ?????????? ?? ??????? ???????? ???-?? ?????? ? ???????.\r\n\r\n> ??? ???? (????????????? ????????, ?????? ??????), ?????? ????? (???????? ???? ????) ????, ??????\r\n> ???????? ???? (???????? ????????? ??????), ????????? ????? (???-?? ????? ??-??), ?????? ?????\r\n> ???????, ???????? (???-??), ???? (???-??), ????? ??????????? (??????), ???? ?????? ??-??, ???-??\r\n> ???? ???? +- 5 ???? (5 ????????), ????????? ???? ??-?? ? ?????? ??????? (uah, usd, eur), id ????, ????????? ???? ?? ???? ? ??????? ???????.\r\n??????? ???????? ? ???????? ???? ??????????? ? ??????? ??????. ??????? ??????????? ?????? ?? ????????? ????? ??????? ????????:\r\n\r\n$this->exec(\'get_search_form_fields\', $param, true);\r\n$this->exec(\'get_hike_search_form_fields\', $param, true);\r\n?????? $param ????? ???? ?????? ??? ????????? \"language\"\r\n\r\n? ??????????  ??? ????????? ????????? ??????? ????? ???????????? ??????? ???????????:\r\n\r\nif(get(\'action\') == \'get_package_search_filtered_field\') {\r\n$field = $this->get_package_search_filtered_field(\'ajax\', get(\'event_owner_level\'), explode(\' \', get(\'country_id\')), explode(\' \', get(\'region_id\')), explode(\' \', get(\'hotel_rating_id\')), get(\'tour_type\', 0), get(\'tour_kind\', 0));\r\necho get(\'callback\') . \'(\' . $field . \');\'; // field ??? json\r\nexit;\r\n}  \r\n\r\n?\r\n\r\nif(get(\'action\') == \'get_hike_search_filtered_field\') {\r\n$field = $this->get_hike_search_filtered_field(\'ajax\', get(\'event_owner_level\'), explode(\' \', get(\'country_id\')), explode(\' \', get(\'transport_id\')), explode(\' \', get(\'city_id\')), explode(\' \', get(\'tour_city_id\')) );\r\necho get(\'callback\') . \'(\' . $field . \');\'; // field ??? json\r\nexit;\r\n}\r\n\r\n?? webclient\r\n\r\n> ?????? ?? ????????? ??????????? ?????? ?? ?????? ??????.\r\n> ?????? ?? ????????? ??????????? ?????? ?? ??????????? ????, ? ?????? ????.\r\n??????? ?? ????? ??????? ? ?????????? ??????? ? ????????? ???????? ?????????? ??? ? ????????? ???? ????????, ??? ? ?????? ?????. ?????? ?????? ???????? ???????????? ? ????? ??????????? ??????.\r\n\r\n> ??????? ?????? \"???????? ?????\"\r\n> ?????? ????????? ????? ?? ???????? ?????, ??????, ?????? ??????? ??????, ??????????? ???? ??\r\n> ?????? ????.\r\n> \r\n> ??????? ?????? \"????????????? ?????\"\r\n> ?????? ????????? ????? ?? ????????????? ?????, ??????, ?????? ??????? ??????, ??????????? ????\r\n> ?? ?????? ????.\r\n\r\n?????? ???????? ?????????? ????? ????????? ??? ??????? ? ???????? ?????? ??????????? ?? ??????? ? ???? ???? ????.\r\n\r\n?????????? ?? ??????????? ????? ???????? ????? ?? ????? ????? ?? ?????? ????????????? ?????(??????????? ??? ? ??????).\r\n?????? ?? ??????????? ????? ??? ????????????? ????? ? ?????????? ????????? ???? ?????? ???????????.\r\n\r\n> ?????????? ?? ??????????? ????? ???????? ????? ?? ????? ????? ?? ?????? ????????????? ?????(??????????? ??? ? ??????).\r\n??? ??????? \"??????????? ????\"\r\n\r\n\r\n',NULL,NULL,5,NULL,3,NULL,1,7,'2013-02-19 19:36:12','2013-03-13 19:23:07','2013-02-19',0,NULL,NULL,83,1,2,0),(84,2,6,'10. ?????? \"? ????????? ??????\"','> ?????? ?? ?????? ?????? ???? ????? \"? ????????? ??????\", ?????????? ?? ???? ???????.\r\n> ???????? ?????? ?????? ? ???????:\r\n> ??????, ??????, ?????, ??? ??????? (???????? AI, ??? ????????), ???-?? ????? ?????, ???-?? ?????, ????? ??????, ???? ??????, ????? ??????, ????, ?????? ??????, id ????, ????????? ???? ? ??????? ???????.\r\n\r\n????????? ???????????.\r\n\r\n> > ? ?????????? ?????? ? ??? ????? ????????????? ???? ?????? ???? ???? ? ???????? ?? ?????????.\r\n> > \r\n> > ? ?????????? ?????? ? ??? ????? ????????????? ????????? ??????????:\r\n> > 1. ??????? ????? ???\r\n> > 2. ????????? ??? ? ??\r\n> > 3. ???????? ????, ????????? ?????? ???? ? ??????? ????????? ????\r\n> > 4. ???????? ????? ????? ???? ?? ??????? ???????? ? ??????? \"? ????????? ??????\" ? ?????????? ? ??????????????? ??????\r\n> > \r\n> > ? ????? ??????????? ????????? ????? ???????????????? ???? ??????? \"? ????????? ??????\".\r\n> > \r\n> > ?? ????, ??????????, ??? ??????? \"? ????????? ??????\" ?? ?????? ?????????????????? ? ?????? ????????? ???????. ?????? ?? ?????? ????????????? ? ?????????? \"? ????????? ??????\", ??????????????? ? ???????????.\r\n> > \r\n> > ????? ?? ??? ?????? ??????????? ??????? ?????????????:\r\n> > - ???????????????? ? ????-???\r\n> > - ?? ???????????????? ? ????-???\r\n> > ??? ?????????????? ??????????????? ?????? ???????????? ????. ???? ???????????????? ??? ???????? ???? ?????????? (? ????-???) ?? ??????????? ? ?? ????? ?????? ? ???',NULL,NULL,5,NULL,2,NULL,1,13,'2013-02-19 19:45:05','2013-03-13 19:39:25','2013-02-19',0,NULL,NULL,84,1,2,0),(85,2,6,'11. ????????? ?????????? ?? ?????????? ???? ???????? id ????.','> ??? ????????? ?????? ?????????? ? ???????? ???? (??????? ??????? ? ?????????? ? ?????) ?????????? ????????? ????????? ??????:\r\n> \r\n> $this->exec(\'package_tour_search\', $param,$cache);\r\n> ???:\r\n> $param - ?????? ?????????? ??????.\r\n> $cache - ???? ???????????? ??????????? ??? ???, ?? ????????? false.\r\n> $param[\"requested_tours\"] - ?????? ????????? id ????, ?????????? ? ??????? ??????????.\r\n> \r\n> ??? ??? ?????????????:\r\n> \r\n> $this->exec(\'hike_tour_price_search\', $param, $cache);\r\n> ???:\r\n> $param - ?????? ?????????? ??????.\r\n> $cache - ???? ???????????? ??????????? ??? ???, ?? ????????? false.\r\n> $param[\"tours\"] - ?????? ????????? id ????, ?????????? ? ??????? ??????????.\r\n> \r\n> ? ?????????? ??????? ????? ??? ??????????? ?????????? ? ????.',NULL,NULL,3,NULL,2,NULL,1,2,'2013-02-19 19:47:11','2013-02-28 17:22:03','2013-02-19',0,NULL,NULL,85,1,2,0),(86,1,6,'???. ???????: 8.????? ??? ????? ? ??????????','??? ??????',NULL,NULL,10,NULL,2,NULL,1,2,'2013-02-19 19:47:45','2013-03-06 00:54:07','2013-02-19',0,NULL,NULL,86,1,2,0),(87,2,6,'2.?????? \"???? ? ?????? ?? ??????\"','> ????? ???-?? ??????????? ?????? ?????.\r\n> ???????? ?????? ?????? ? ???????:\r\n> ??????, ??????, ?????, ??? ??????? (???????? AI, ??? ????????), ???-?? ????? ?????, ???-?? ?????, ????? ??????, ???? ??????, ????? ??????, ????, id ????.\r\n\r\n????? ?????? ???????????. ???? ?? ???????? ?????????? ???????? ?????????? ??????? ? ????????? ?????? ? ???????, ?, ????????, ????????????? ?????????? ???-?? ????????/?????, ????????? ??? ? ?.?.\r\n\r\n???????????? ????? ????????? ???????? ??????.\r\n\r\n> > ????? ????? ???????? ??????? \"??????????? ???\" ? ?????????????????? ?????????\r\n\r\n',NULL,NULL,3,NULL,2,NULL,1,2,'2013-02-19 19:51:35','2013-03-06 00:22:19','2013-02-19',0,NULL,NULL,87,1,2,0),(88,1,10,'????? ??????? ????????','??????????:\r\n\r\n> ??????? ???????? ??????:\r\n> \r\n> http://dribbble.com/shots/452022-Easter-Egg-Broken?hex=9BD458&list=color&percent=30&variance=50\r\n> http://dribbble.com/shots/915451-Enjoy\r\n> http://dribbble.com/shots/698541-Floating-Froggy\r\n\r\n> ???, ? ???? ????? ??????, ??????? ??????:\r\n> - ?? ????????????? ????????\r\n> - ????? ????? ???????? ? ???????? ????\r\n> - ???? ??? ?????? ?????? ??? ???????',NULL,NULL,1,1,2,NULL,1,1,'2013-02-19 20:33:52','2013-02-19 20:37:38','2013-02-19',0,NULL,NULL,88,1,2,0),(89,3,21,'??????????? ?? ??????? CRM','? ????? ? ??????? ?????????? CRM ????????? ?????????? ?????? ?? ??????? CRM, ?.?. ? ????????? ????? ??????????? ???????.',NULL,NULL,1,NULL,2,NULL,1,0,'2013-02-19 21:10:14','2013-02-19 21:10:14','2013-02-19',0,NULL,NULL,89,1,2,0),(90,1,26,'??','???????????? ?????? ?? ??????????, ???? ????? ??????????? ???????, ???????, ? ??????? ?? ? ???? ??????? ??? ?????????? (??????????? ????, ??????? ????, ????????????? ????).\r\n??????? ????????????, ?????? ????? ??????????? ? ??? ?? ?????? ?????? ?? ?????? ??????.\r\n??????? ?????????? ???????????? ?? http://www.touradmin.ru',NULL,NULL,1,NULL,2,NULL,1,0,'2013-02-23 18:35:06','2013-02-23 18:35:06','2013-02-23',0,NULL,NULL,90,1,2,0),(91,3,23,'????????? ????? ? ?????','???? ????? ?? ??? ?????.\r\n?????? ?? ??????? ????????? ???????????? - 54 ???? ?? ?????? 25$\r\n??????????????? ?????? ?? ????????, ????????? ??????? ?? ??????????????, ??????????, ?????? ?????? -  98 ????? ?? ?????? 10$\r\n?????? ?? CRM 48 ???? ?? ?????? - 25$\r\n???????? ?????? ?????? ?????? ?? ?????? ? ???, ??????? ??? ??????? - ??? ?? ????? ?????.\r\n?? ????????? ?????????? ? ???????? ?????.\r\n???????????? ?????????? ?????????? ?????????????? (????) - 100$\r\nZ363626958529\r\n?????: 2550+980$+100=3630\r\n\r\n?? ??????????? ?? ?????????, ??? ? ?? crm ? ?? ?????? ????????, ????? ???? ??????? ??????, ?? ? ?????? ????? ????????.\r\n??????? ?? ? ??????? ?????? ? ?????, ?? ?????????? ??? ?????? ?? ?????? ? ?????? ?????????, ? ???? ???????? ?? ????????, ????????????, ?.?. ? ???? ???????? ??? ?????????? ????????, ?? ?????? ????? ????? ?? ???? ??????, ???? ????? ??????????? ??????? ????? ? ???? ?????? ??????, ??? ??????? ?? ?????????? ?? ???? ?????, ?? ??? ??????? ????????, ??? ? ? ??????????? ?????, ???? ?????????? ? ?????? ??????? ????????? ????????????, ??????? ? ?????? ???????? ????? ?????? ??? ????????? ??? ????? ?????, ?.?. ????????? ?????? ?? ?????????? ???????? ? ?????????? ?????????.',NULL,NULL,5,16,2,NULL,1,1,'2013-02-26 19:36:39','2013-03-06 13:49:33','2013-02-26',0,NULL,NULL,91,1,2,0),(92,1,9,'??????????? ??????? Coral','',NULL,NULL,2,17,4,NULL,17,35,'2013-02-28 09:20:51','2013-03-21 00:14:06','2013-02-28',0,NULL,NULL,92,1,2,0),(93,2,6,'???????? ??????','??? ?????? 4-?? ???????? ???????????? ???? ?? ??????, ??????? ??????????????? ???????????\r\n\r\n*??????*: ??? ? ????? ?????? ????, ??? ?? ?????? ??????????\r\n\r\n??? ?????? 5-?? ???????? ?????????? ??????? ?? ???????? ?????? ????????-????????, ? ??? ????? ?? ?????? ???????????? ?????? ? ID ???? ? ? ?????????? ?????????? ????????, ??????? ??????????????? ???????????, ? ????? ?? ???????????? ???????? ? ??????????? ??????? ??????????.\r\n\r\n*??????*: ??? ?????? ?????? ??????????',NULL,NULL,10,NULL,2,NULL,22,1,'2013-03-04 17:16:51','2013-03-06 00:53:22','2013-03-04',0,NULL,NULL,93,1,2,0),(94,1,24,'???????? ????????? ?? ?????','?? ???????? ??????????? ?????? ???????? ????? ??????? ??????? ? ?? ???????? ??????? ??????????? ???? ?????? ????????? ?? ?????  ?????? ???????? ????',NULL,NULL,8,NULL,2,NULL,22,2,'2013-03-04 17:19:46','2013-03-06 01:01:53','2013-03-04',0,NULL,NULL,94,1,2,0),(95,1,24,'???????????-online ','???? ????????, ??? ?????? ???????? ?????? ??????',NULL,NULL,3,22,2,NULL,22,4,'2013-03-04 17:23:06','2013-03-06 01:01:00','2013-03-04',0,NULL,NULL,95,1,2,1),(96,1,6,'??? ???????->???????? ','??? ???????->???????? - ???? ?????? ??????? ?? ????????  ???? ????????\r\n\r\n??? ???????->????????->???? ???????? - ???? ?????? ?????????????  ???????? ????\r\n',NULL,NULL,3,NULL,2,NULL,22,1,'2013-03-04 17:23:47','2013-03-06 00:52:45','2013-03-04',0,NULL,NULL,96,1,2,0),(97,1,24,'?????? ??????','??? ?????????? ?????? ?????? http://www.gismeteo.ua/\r\n\r\n????????? api - ?? ?????. ? ?? FAQ ???????? ?????????:\r\n\r\n??? ??? ???????? ?????? ??? ?????? ??????\r\n?? ?????? ?????????? ???? ?? ???????? ??? ???????? ????????. ???? ????? ?????????? ????????????, ?? ?????? ????? ????? ????????? ? ???????? ?????? ?????? ?? ???? ???? ? ????????? ???? (CSV, XML) ??? ? ???? HTML-???????? ?? ????????? ???????.',NULL,NULL,9,22,1,NULL,22,4,'2013-03-04 17:27:08','2013-03-06 18:40:25','2013-03-04',0,NULL,NULL,97,1,2,0),(98,1,24,'???????? ??????? ? ittour.com.ua','???????? ??????? ??????????? ???????? ??? ????????? ?????? ? ????????? ? ????????\r\n\r\nittour.com.ua\r\n\r\nmango.company\r\nmango777',NULL,NULL,3,22,1,NULL,1,0,'2013-03-06 01:13:29','2013-03-06 01:13:29','2013-03-06',0,NULL,NULL,98,1,2,0),(101,1,9,'?????? ?????? ????','????????????.\r\n',NULL,NULL,3,25,2,NULL,1,1,'2013-03-14 16:01:03','2013-03-14 16:53:44','2013-03-14',0,NULL,NULL,101,1,2,0),(102,1,22,'?????????????? ????????','',NULL,NULL,10,NULL,2,NULL,1,0,'2013-03-25 16:37:03','2013-03-25 16:37:03','2013-03-25',0,NULL,NULL,102,1,2,0),(103,2,28,'?????? ???????? ? ??????? API','????? ?????? ???????? ? ????. ???????? ? ???????? ???????',NULL,NULL,1,NULL,2,NULL,18,0,'2013-03-25 18:57:58','2013-03-25 18:57:58','2013-03-25',0,NULL,NULL,103,1,2,0),(104,2,28,'???????????? API','???????? ????????? ? ??????? ?????? API',NULL,NULL,1,NULL,2,NULL,18,0,'2013-03-25 18:59:23','2013-03-25 18:59:23','2013-03-25',0,NULL,NULL,104,1,2,0),(105,2,28,'?????? ??????????????','???????? ??????? ?????????????? ? ???????, ? ??????:\r\n- ???????????? ??????\r\n- ?????????? ??????? ??????\r\n- ?????????? ??????? ??????',NULL,NULL,1,NULL,2,NULL,18,0,'2013-03-25 19:01:16','2013-03-25 19:01:16','2013-03-25',0,NULL,NULL,105,1,2,0),(106,1,29,'?? ?????????? ?????????','??????? ?? ??????? ??? ????????????? ????????? ?? ???? ???????? ??? ??????? ?????, ?.?. ???? ???? ?? ??????? ?? ?????? ?? ????? ?????? ??????? ??????, ???? ?? ????? ? ?? ?????? ????? ?? ??????, ?? ???? ???????? (??? ?? ????? ???????? ? ?????? ? ????????? ??? ????? ??????? ? ?????????.) ',NULL,NULL,9,27,2,NULL,1,2,'2013-03-26 11:29:13','2013-03-26 12:49:42','2013-03-26',0,NULL,NULL,106,1,2,0),(107,1,29,'????? ? ??????????','??? ???? ????? ? ?????? ?? ??????, ???? ??????? ?????? ????????, ???????? ? ???????, ? ????? ????????? ?????? ? ?????? ??????: ? ??????????? ?? ???????? ????? ??????? ????? ??? ??? ??????.. \r\n??????? ????? ??? ??????????? ??????? ???? ????? ?????? ???????? ?? ?????? ??????? ????? ?????? ???????. \r\n??????? ? ??????? ????????? ????? ??? ????? ??????, ???????? ??? ????? ???????? ??????????? ? ??????? ?????, ??? ???? ??????? ????????, ? ?????? ?????? ???? ???? (???????? ??????? #000), ? ?????? ???????? ????? ?????? ?? ????? ??????? ????????.',NULL,NULL,9,27,2,NULL,1,4,'2013-03-26 11:32:46','2013-03-26 12:26:40','2013-03-26',0,NULL,NULL,107,1,2,0),(108,1,29,'??????????? ?? ?????','? ???????????? ?? ?????? ??? ???? ????? ???????? ? ????????? ??? ????????????????, ? ????? ?????? ?? ?????? ???????, ??? ??? ????? ? ?????? ?? ???? ???????????? ??? ???????? ? ????? ???????, ?????? ??? ??? ??????? ????????? ???????? ??? ????? ??? ? ???????, ? 2 ????????? ???????? ?? ????? ???????. ',NULL,NULL,3,NULL,2,NULL,1,0,'2013-03-26 11:33:40','2013-03-26 11:33:40','2013-03-26',0,NULL,NULL,108,1,2,0),(109,1,29,'????? ???? ???? ?????','??? ???? ??????? ????? ??? ?????? ?? ??????, ? ??? ????????? ? ???? ? ????????? (???????? ?? ?????? ?????? ??? ????????? ?? ????? ???????) ',NULL,NULL,3,NULL,2,NULL,1,0,'2013-03-26 11:34:11','2013-03-26 11:34:11','2013-03-26',0,NULL,NULL,109,1,2,0),(110,1,29,'???????????? ??????','???? ???????? ??????????? ????????????? ????? ????? ?????? ? ???????, ? ?? ?????? ??? ?? ?????? ????? ?????????, ????? ?????? ?????.',NULL,NULL,9,27,2,NULL,1,3,'2013-03-26 11:34:40','2013-03-26 12:50:35','2013-03-26',0,NULL,NULL,110,1,2,0),(111,1,29,'??????? ??????? ? ip ?? ????? ?????','????????? ????? ??????? ?? ????? ?????',NULL,NULL,1,NULL,2,NULL,1,0,'2013-03-26 11:57:07','2013-03-26 11:57:07','2013-03-26',0,NULL,NULL,111,1,2,0);
/*!40000 ALTER TABLE `issues` ENABLE KEYS */;
UNLOCK TABLES;

--
-- Table structure for table `journal_details`
--

DROP TABLE IF EXISTS `journal_details`;
/*!40101 SET @saved_cs_client     = @@character_set_client */;
/*!40101 SET character_set_client = utf8 */;
CREATE TABLE `journal_details` (
  `id` int(11) NOT NULL AUTO_INCREMENT,
  `journal_id` int(11) NOT NULL DEFAULT '0',
  `property` varchar(30) NOT NULL DEFAULT '',
  `prop_key` varchar(30) NOT NULL DEFAULT '',
  `old_value` text,
  `value` text,
  PRIMARY KEY (`id`),
  KEY `altered_journal_details_journal_id` (`journal_id`)
) ENGINE=InnoDB AUTO_INCREMENT=108 DEFAULT CHARSET=utf8;
/*!40101 SET character_set_client = @saved_cs_client */;

--
-- Dumping data for table `journal_details`
--

LOCK TABLES `journal_details` WRITE;
/*!40000 ALTER TABLE `journal_details` DISABLE KEYS */;
INSERT INTO `journal_details` VALUES (2,5,'attr','priority_id','2','3'),(3,6,'attachment','4',NULL,'koral.doc'),(4,6,'attachment','5',NULL,'nqyus_trevel.doc'),(5,7,'attachment','8',NULL,'ittour_modules.27.11.2012 (1).zip'),(6,26,'attr','tracker_id','1','2'),(7,27,'attr','tracker_id','1','2'),(8,28,'attr','tracker_id','1','2'),(9,29,'attr','tracker_id','1','2'),(10,30,'attr','tracker_id','1','2'),(11,31,'attachment','10',NULL,'piligrim.png'),(12,31,'attachment','11',NULL,'piligrim-logo-2.jpg'),(13,35,'attr','status_id','1','2'),(14,35,'attr','assigned_to_id',NULL,'17'),(15,42,'attr','status_id','1','3'),(16,45,'attr','status_id','1','3'),(17,51,'attr','tracker_id','1','2'),(18,57,'attr','assigned_to_id',NULL,'22'),(19,57,'attr','is_private','0','1'),(20,59,'attr','tracker_id','2','1'),(21,59,'attr','project_id','6','24'),(22,60,'attr','tracker_id','2','1'),(23,60,'attr','project_id','6','24'),(24,60,'attr','assigned_to_id',NULL,'22'),(25,61,'attr','tracker_id','2','1'),(26,61,'attr','project_id','6','24'),(27,62,'attr','status_id','1','3'),(28,63,'attr','status_id','2','3'),(29,64,'attr','status_id','1','2'),(30,65,'attr','status_id','1','2'),(31,66,'attr','status_id','1','3'),(32,67,'attr','status_id','1','2'),(33,68,'attr','tracker_id','2','1'),(34,68,'attr','status_id','1','3'),(35,69,'attr','status_id','1','10'),(36,70,'attr','tracker_id','2','1'),(37,70,'attr','status_id','1','10'),(38,71,'attr','status_id','1','2'),(39,72,'attr','status_id','1','2'),(40,72,'attr','priority_id','2','3'),(41,73,'attr','status_id','1','2'),(42,74,'attr','status_id','1','9'),(43,75,'attr','status_id','1','8'),(44,76,'attr','status_id','1','3'),(45,77,'attr','status_id','1','8'),(46,78,'attr','status_id','2','3'),(47,79,'attr','status_id','1','3'),(48,80,'attr','status_id','9','2'),(49,83,'attr','status_id','3','2'),(50,86,'attr','status_id','1','5'),(51,87,'attr','status_id','2','3'),(52,88,'attr','status_id','2','3'),(53,91,'attr','status_id','8','9'),(54,91,'attr','priority_id','2','1'),(55,96,'attr','status_id','3','1'),(56,97,'attr','status_id','1','3'),(57,99,'attr','status_id','3','2'),(58,100,'attr','status_id','2','3'),(59,102,'attr','status_id','3','1'),(60,107,'attr','status_id','1','8'),(61,107,'attr','priority_id','2','4'),(62,109,'attr','status_id','2','3'),(63,111,'attr','status_id','2','3'),(64,113,'attr','status_id','3','2'),(65,114,'attr','status_id','2','3'),(66,115,'attr','status_id','8','1'),(67,115,'attr','priority_id','4','2'),(68,116,'attr','status_id','3','5'),(69,118,'attr','status_id','3','5'),(70,119,'attr','status_id','2','3'),(71,120,'attr','status_id','3','2'),(72,122,'attr','status_id','1','3'),(73,123,'attachment','12',NULL,'changes.zip'),(74,123,'attr','status_id','3','1'),(75,124,'attr','status_id','1','3'),(76,125,'attr','status_id','3','1'),(77,126,'attr','status_id','1','3'),(78,127,'attr','status_id','2','3'),(79,128,'attr','status_id','3','8'),(80,129,'attr','status_id','3','2'),(81,131,'attr','status_id','2','3'),(82,132,'attr','status_id','3','8'),(83,133,'attachment','13',NULL,'11.png'),(84,134,'attr','status_id','1','10'),(85,134,'attr','assigned_to_id',NULL,'26'),(86,135,'attr','status_id','2','5'),(87,136,'attr','status_id','8','5'),(88,143,'attr','status_id','10','3'),(89,144,'attr','status_id','8','3'),(90,145,'attr','status_id','3','8'),(91,146,'attr','status_id','8','3'),(92,147,'attachment','14',NULL,'changes.zip'),(93,147,'attr','status_id','3','8'),(94,148,'attr','status_id','8','2'),(95,148,'attr','priority_id','2','4'),(99,151,'attachment','15',NULL,'custom_import_diff.JPG'),(100,151,'attr','status_id','2','3'),(101,152,'attr','status_id','3','2'),(102,153,'attr','status_id','2','8'),(103,154,'attr','status_id','8','2'),(104,156,'attr','status_id','1','3'),(105,159,'attr','status_id','3','9'),(106,160,'attr','status_id','3','9'),(107,161,'attr','status_id','3','9');
/*!40000 ALTER TABLE `journal_details` ENABLE KEYS */;
UNLOCK TABLES;

--
-- Table structure for table `journals`
--

DROP TABLE IF EXISTS `journals`;
/*!40101 SET @saved_cs_client     = @@character_set_client */;
/*!40101 SET character_set_client = utf8 */;
CREATE TABLE `journals` (
  `id` int(11) NOT NULL AUTO_INCREMENT,
  `journalized_id` int(11) NOT NULL DEFAULT '0',
  `journalized_type` varchar(30) NOT NULL DEFAULT '',
  `user_id` int(11) NOT NULL DEFAULT '0',
  `notes` text,
  `created_on` datetime NOT NULL,
  `private_notes` tinyint(1) NOT NULL DEFAULT '0',
  PRIMARY KEY (`id`),
  KEY `journals_journalized_id` (`journalized_id`,`journalized_type`),
  KEY `index_journals_on_user_id` (`user_id`),
  KEY `index_journals_on_journalized_id` (`journalized_id`),
  KEY `index_journals_on_created_on` (`created_on`)
) ENGINE=InnoDB AUTO_INCREMENT=164 DEFAULT CHARSET=utf8;
/*!40101 SET character_set_client = @saved_cs_client */;

--
-- Dumping data for table `journals`
--

LOCK TABLES `journals` WRITE;
/*!40000 ALTER TABLE `journals` DISABLE KEYS */;
INSERT INTO `journals` VALUES (1,4,'Issue',1,'????? ?????? PROJECT Manager ?????(?):\r\n> ???? ??? ??? ? ??? ?????????????, ????? ?? ?????? ??? ??????????? ??????? ??????? ??????? ?????????? ?????.\r\n\r\n???????? ?????????','2013-02-15 19:58:07',0),(5,7,'Issue',1,'???? ???????? ????? ? ?????????????? ????????? ????????\r\n','2013-02-19 12:44:45',0),(6,43,'Issue',1,'???????:\r\nhttp://www.ittour.com.ua/documents.html      ?????? \"??????\"\r\n','2013-02-19 17:57:31',0),(7,75,'Issue',1,'> ? ?????? PHP ?????? ?????????? ????? ???????. ??? ???? ??????? ?????????? ?? ????????? ? ?????????.\r\n> ????????? ???????????? ???, ?????? ?? ??????? ??????? ?????????? ????? ??????????? ??? ????????????? ???????.','2013-02-19 18:45:12',0),(8,75,'Issue',1,'??? ?????? ?? ???\r\nwebservice_url - URL ??????? (?? ????????? http://service.ittour.com.ua/)\r\nwebservice_login - ????? ??? ??????????? ? ???????\r\nwebservice_password - ?????? ??? ??????????? ? ???????\r\n????? ????? ? ??????\r\n','2013-02-19 18:45:43',0),(9,75,'Issue',1,'> ?????:\r\n> webservice_url - ?? ?????????\r\n> webservice_login - zavtra_v_tur\r\n> webservice_password - zavtra_v_tur_tFc8a33','2013-02-19 18:46:53',0),(10,75,'Issue',1,'1. ???? ?? ???????????? ? ????????? ????????? ?????????\r\n???????? ??? ???? ? ?? ????? ???????? ?????? ????? ?????????????? ?? ??????, ? ????? ?????????? ??????? ? ????????? ?????.\r\n2. ??????? ????????? ?????? ????.\r\n???? ???????????? ?????? ?????? ???????? ??? ? ???????, ???????? ????????? ? ?????? ? ??? ??????????? ????????, ?????????? ?????? ???? ???? ???? ?? ????????. ? ????? ???????????? ????????? ? ??????? ? ???? ????? ? ???????? ??????????????\r\n??? ?? ????????? ???? ? ???????, ? ?? ??????? ?? ????????? ????????? ?????? (???? ??????) ??? ????????? ? ??????? ? ?????????? ? ??????? ?????? ? ?????? ?????????? ????????? ?????????. ? ??.\r\n? ????? ??????? ??? ?????????. \r\n3. ????? ?? ???? ?????? ?? ??? ????????? ?? ??? ??????? ?????? ????? ?????? ?????? ??? ?????? ??? ????? ?????????.','2013-02-19 18:47:27',0),(11,75,'Issue',1,'> 1.?????? \"??????????? ???\"\r\n?????????? ????????? ?????? ??? ?????????? ??????? ?????? ?? ??????.\r\n\r\n> 2.?????? \"???? ? ?????? ?? ??????\"\r\n?????????? ? ????????? ???????????.\r\n\r\n> 3. ??????  \"????????? ????????\"\r\n???????? ?????? ????, ?????? ??????? ????????? ?? ?????????? (215 ? 80) ? ??????????? ? ??????????? ????????, ??? ? ???????????? ?? ????? ??? ????.\r\n????? ?? ???????? ?????? ??????????? ??????????\r\n????????? ???????????.\r\n\r\n> 4. ?????? \"??????\"\r\n????????? ???????????.\r\n\r\n> 6. ?????? \"??????? ???\"\r\n?????????? ? ????????? ???????????.\r\n\r\n> 7.?????? \"????????????? ????\"\r\n?????? ?? ????????? ??????? ?????? ????? ???????????, ??????? ???????? ?????? ? ?????? ?????? ? ????????? ????????. ????? ?????????? ??????????? ????????? ?????? ????????.\r\n\r\n\r\n> 8.?????? \"????? ????? - ????????? ??????\"\r\n?????????? ? ????????? ???????????.\r\n\r\n> 9. ?????? \"????\"\r\n?????? ?? ????????? ??????? ?????? ????? ???????????, ??????? ???????? ?????? ? ?????? ?????? ? ????????? ????????. ????? ?????????? ??????????? ????????? ?????? ????????.\r\n\r\n\r\n> 10. ?????? \"? ????????? ??????\"\r\n?????? ?? ????????? ??????? ?????? ????? ???????????, ??????? ???????? ?????? ? ?????? ?????? ? ????????? ????????. ????? ?????????? ??????????? ???????? ?????? ??????-????? ??????.\r\n\r\n> 11. ????????? ?????????? ?? ?????????? ???? ???????? id ????.\r\n????????? ??????????, ?????? ?????????? ?? ?????, ??? ? ? ?????????? ?? ?????? ????????????.\r\n????? ???????? ????? ????.\r\n\r\n\r\n??????? ??? ????? ????? ??? ?????????? ?????? ?????? ????? ?? ??????? 7, 9, 10. ???????? ?? ?????? ???????????? ??? ??????????? ?????????????? ?????????? ??? ????????? ?????????? ??????.\r\n\r\n???? ??????????? ?????? ? ?????????? ??????????? ??????????? ?????????? ??????????? ? ???????????? IT-tour.\r\n\r\n????????? ??? ????????? ?????? ?????????? ? ???? ??:\r\n> 11. ????????? ?????????? ?? ?????????? ???? ???????? id ????.\r\n???? ???????????? ?????????? ????????? ? webclient.php, ?? ?????????? ??????? SOAP ?????? ????? ??????? exec:\r\n\r\n$this->exec(\'package_tour_search\', $param,$cache); ??? ???????? ?????\r\n???:\r\n$param - ?????? ?????????? ??????.\r\n$cache - ???? ???????????? ??????????? ??? ???, ?? ????????? false.\r\n$param[\"requested_tours\"] - ?????? ????????? id ????, ?????????? ? ??????? ??????????.\r\n\r\n???\r\n\r\n$this->exec(\'hike_tour_price_search\', $param, $cache); ??? ????????????? ?????\r\n???:\r\n$param - ?????? ?????????? ??????.\r\n$cache - ???? ???????????? ??????????? ??? ???, ?? ????????? false.\r\n$param[\"tours\"] - ?????? ????????? id ????, ?????????? ? ??????? ??????????.\r\n\r\n? ?????????? ??????? ????? ??? ??????????? ?????????? ? ????.','2013-02-19 18:48:51',0),(12,75,'Issue',1,'\r\n> - ? ??????????? ?????? ????  ???? ??????\r\n???????? ????? ? ?????????????? ?????????? ?? ?????? ?????? ??????????? ??? ??????? ??????.\r\n???? ???? ????????????? ???????? ??? ?????????? ??????????????? ??? ????? ?????? - ????????.\r\n\r\n> - ? ??????????? ?????? ???? ?????? ?????????? ????????? ???????????\r\n??????????? ???????? ?????????? ? ?????? ???-?? ????????? ????? ???????????, ?????? ? ??????? ??????????? ?????? ???????????? ?????? pager, ??????? ???????? ???? ?????? ???-?? ????????? ?????, ???? ????? ??????? ????? ????????? ?? ???????:\r\n???-?? ??????????? ?? ???????? * 3 + ??????????? ?? ???????? * ????? ????????.\r\n\r\n> - ? ??????????? ?????? ???? ?????????? ????????? ????? ? ?????????? ?????\r\n?????????? ??????????? ? ???????.\r\n\r\n> - ??????? - ??? ??? ?????????? ? ???? ????, ????? ?????? ????????? ?????????\r\n> - ???? - ??? ??? ?????????? ? ???? ????, ????? ?????? ????????? ?????????\r\n> - ????????????????? ???? - ??? ??? ?????????? ? ???? ????, ????? ?????? ????????? ?????????\r\n??????????? ????????? ????????????? ?????????? ???????????.\r\n\r\n3) ????????? ?????? - \"? ????????? ??????\", \"??????? ???\", \"??????????? ???\"\r\n?????? ?????? ??????? ????? ??????? ????? ? ???????????? ??????????? ???????. ? ??????? ???????\r\n$search_array = $this->parse_showcase_search_url($_SERVER[\'QUERY_STRING\']);\r\n$search_array = $this->prepare_showcase_search_array($search_array);\r\n????? ???????? ????????????? ? ???????? ??? ??????.\r\n??? ??????? ???????????? ???????? \"type\":\r\n42 - ??????? ????\r\n44 - ??????????? ????\r\n\r\n48 - ??????????? ???\r\n66 - ????????????? ????\r\n??????? 48 ? 66 ????????? ? ??????????.\r\n\r\n> 4) ???????? ?????????-????????  ??? ??????, ??? ? ??????, ????? ??? ??? ??????\r\n????????? ?? ??????????.\r\n\r\n> 5) ?? ???????? ??????????? ?????? ???? ?????? ???????? ??? ????????? - ??????? ?????? ? ???? ???????? ????\r\n> 6) ?? ???????? ??????????? ?????? ???????? ????? ??????? ??????? ? ?? ???????? ??????? ??????????? ???? ?????? ????????? ?? ?????  ???????? ? ????????? ?????  ????\r\n???????? ??? ??????? ?????\r\n\r\n> 7) ???????? ?? ??????????? ?????????? ?????? (?? ????, ???? ??????)? ???? ??, ?? ???.\r\n??? ???? ?? ????????? ????????????? ?? ????. ?????????? ?? ???? ???? ?? ???????????.\r\n\r\n> 8) ?? ???????? ?????? ?? ??? ???? ????? ??? ????? ? ??????????, ???? ?????????? ???????\r\n? ?????????? ??????? ?????????.\r\n','2013-02-19 18:49:49',0),(13,75,'Issue',1,'??????????? ???????? ?????????? ? ?????? ???-?? ????????? ????? ???????????, ?????? ? ??????? ??????????? ?????? ???????????? ?????? pager, ??????? ???????? ???? ?????? ???-?? ????????? ?????, ???? ????? ??????? ????? ????????? ?? ???????:\r\n???-?? ??????????? ?? ???????? * 3 + ??????????? ?? ???????? * ????? ????????.\r\n?? ?????? ??? ???? ??????? ???? ?? ?????? ???????????, ? ??????? ?????? ????????, ???? ? ?? ?????? ???????? ? ? ???? ?? 10 ????? ?? ????????, ?? ????? 40 ?????, ? ???? ? ?? 2 ???????? ?? ?????????? 50, ??? ????\r\n\r\n48 - ??????????? ???\r\n66 - ????????????? ????\r\n??????? 48 ? 66 ????????? ? ??????????.\r\n','2013-02-19 18:50:56',0),(14,75,'Issue',1,'> ?? ?????? ??? ???? ??????? ???? ?? ?????? ???????????, ? ??????? ?????? ????????, ???? ? ?? ?????? ???????? ? ? ???? ?? 10 ????? ?? ????????, ?? ????? 40 ?????, ? ???? ? ?? 2 ???????? ?? ?????????? 50, ??? ????\r\n?????? ???-?? ????? ??? ??????? ?????????? ?.?. ?????????? ?????? ????? ???????. ????????? ?????? ????????????? ????????? ???? ?? ??? ???? ?? ????????? 3 ????????. ????? ?????? ????????? ???????? ???????????? ?????????? ??????? (1, 2, 3 ????????? / 1, 2, 3 ... 7, 8, 9 ) ? ??? ???? ?? ??????? ???? ??????? ??????????.\r\n? ??????? ?????????? ???????????? ??? \"??????? ????? ??? 40(50, 60 ? ??) ?????\" ????, ???? ??????? ??????, ?? \"??????? 45 ?????\".\r\n\r\n\r\n\r\n> ? ???????? ????? ??? ????? ???????\r\n?????? ?????? ??? ??????????? ? ??? ??? ???? ????. ?? ?????? ?????? ?????????????? ??????? ??? ??????? ? ??????? ??????????????? ?????????? ??????. ????????????? ??????????? ?????? ???? ?????????? ??? ?????????? ? ????? ???????.','2013-02-19 18:51:24',0),(15,78,'Issue',1,'> ???? ?????? ?? ???????? id ??????, ?????? ? ????????, ?? ????? ?????? \"??????\" ??????????? ???.\r\n????? ??????:\r\n\r\n    $params[\'items_per_page\'] = 10;\r\n\r\n    $params = $this->parse_showcase_params($params);\r\n\r\n    $params = $this->prepare_showcase_search_array($params);\r\n\r\n    $params[\'type\'] = 48;\r\n\r\n    $params[\'use_uah_price\'] = true;\r\n\r\n    return $this->exec(\'package_tour_search\', $params, false);\r\n\r\n \r\n\r\n?????????:\r\n\r\noffers => array(empty)\r\n\r\n \r\n\r\n\r\n?????? \"??????\" ??????????? ??? ??????? ??????, ????? ??? ???-?? ????? ???????????','2013-02-19 19:05:41',0),(16,78,'Issue',1,'> $params = $this->parse_showcase_params($params);\r\n> $params = $this->prepare_showcase_search_array($params);\r\n\r\n????? ????????, ??? ??? ??????? ????? ??? ?????????????? ?????????? ?????(????????? ? ??????) ? ?????????? ???????????? ? ??????????.\r\n\r\n> $params[\'type\'] = 48;\r\n\r\n???????? ?? $params[\'showcase_type\'] = 48;','2013-02-19 19:06:55',0),(17,78,'Issue',1,' ?????? ??????????? ???, ???????? page ?? ????????','2013-02-19 19:07:16',0),(18,78,'Issue',1,'????? ?????? ?????(?):\r\n> ?????? ??????????? ???, ???????? page ?? ????????\r\n\r\n????????? ??? ? ?????? ?????????? ?????????? ???????? page ? ?????? ?????? ??????? ????????? ??????? ?????????? ??? ?? ?????????.\r\n??? ???????? ?????? ? ????????? ??????, ???? ? ?????????? page ? ??? ??? ? ??????? - ????????, ? ??????? ??????? ?????? ?????????, ??????? ?????????? ??? ?????????? ??????.','2013-02-19 19:07:34',0),(19,79,'Issue',1,'> > ???? ???? ? ???? ???????? ???????, ? ??????? ?? ?????:\r\n> > - ????????? ????????? ????\r\n> > - ????????? ???????\r\n> > - ????????? ??????\r\n> > - ??????????? ?????? ??????\r\n> > - ??????? ????? ????? ??????\r\n> > \r\n> > ?????? ??????? ????????????? ? ????????? ??????, ???????, ????? ??? (??? ????????????? ??? ??? ???????????).\r\n> > ? ?????????? ??? ????? ????????, ???????? ?? ??? ??? ? ?? ????? \"?????? ? ???\" ??? ??????? ????????????? ? ????????? ?????? ????-????.\r\n> > \r\n> > ???? ?????? ?????????????, ????? ??????????? ?????? ?????? ? ????????? ??????? ?????? ? ???????????:\r\n> > - ??????????? ???????\r\n> > - ????????? ?? ???? ??????\r\n> > - ???????? ??????? ?? ???? \"???? ?????????\" ?????? ? ???\r\n> > - ???????????? ????????????? ????? (??????????? ??????????? ?? ?????)\r\n> > \r\n> > ??????, ?????????? ? ???????????.\r\n> > ? ??? ???-????? ???????? ??????????????????????','2013-02-19 19:11:13',0),(20,79,'Issue',1,'> > ?????? ???? ??????? ???????.\r\n> > - ?????? ????????????? ? ???? ???????? ??????? ? ? ?? \"?????? ? ???\".\r\n> > - ???????? \"?????? ? ???\" ????????? ?? ??????? ? ????-??? ??? ??????????????? ? ????????????\r\n> > - ???????? ?????? ? ??? ???????? ??????? ?????? ???????\r\n> > - ???????? ?????? ? ??? ????? ????????? ??????????????? ? ?????????? ????? \"?????? ? ???\" (????????????? ????? ???? ??????, ????? ????? ?????? ?????? ???????????)\r\n> > - ???????? ?????? ? ??? ??????????? ? ?????? ??????????? ????????? ? ?? ?????? ? ???\r\n> > \r\n> > ?????? ???? ???????? ???????.\r\n> > - ?????? ????????????? ? ?????????? ?????? ? ???\r\n> > - ? ????????? ????? ????-??? ????????? ????? ??????, ??????? ????? ??????????? ??? ???????????? ????-??? (? ??????????????? ?????????)\r\n> > - ??????? ?????? ???????????????? ? ????????? ?????? ????-???\r\n> > - ????????? ????? ????????????????\r\n> > \r\n> > ?????? ???? ???????? ???????.\r\n> > - ????? ?????? ????????? ? ?????????? ??? (??????? ????? ???? ???????????????, ??? ? ????-???, ??? ? ??????????????? ? ??????????????)\r\n> > - ??? ????????????? ? ????????? ?????????? ????? ????????? ???','2013-02-19 19:12:10',0),(21,80,'Issue',1,'> ?????? ??????? ???, ?? ????? ? ??????????? ???????? ?????? ???? ????, ?????????? ???????? ????? ??? ????????.\r\n> \r\n> ?? ???? ?? ??????????, ????? ??????? ??????? ?????? ?? ?????????? ??????? ??? ??????? ??????? ???, ? ?? ???? ??????? ?????? ??? ??????, ??????? ???????? ??????.\r\n> \r\n> ???????????\r\n\r\n> > 1)      ?????? ??????? ???(??? ??????? = 44) ?? ?? ????? ? ?????????? ?????\r\n\r\n?????????? false, ????????? ?????? ?????','2013-02-19 19:14:54',0),(22,82,'Issue',1,'????????? ?? ??????????','2013-02-19 19:32:00',0),(23,83,'Issue',1,'????? ??????\r\n\r\n- ??????? - ??? ??? ?????????? ? ???? ????, ????? ?????? ????????? ?????????\r\n\r\n- ???? - ?? ?? ?????\r\n\r\n- ????????????????? ???? - ?? ?? ?????\r\n\r\n?.?. ??? ????? ?????? ?????????? ? ???, ????? ???? ? ??? ? ????? ??????????? ?? ????????? ????????? ? ????? ???????.','2013-02-19 19:36:22',0),(24,84,'Issue',1,'?????? ? ????????? ?????? - ??? ????? ?????? ?????? ?????? ?????/??????? ??? ?? ???????????\r\nid 42 - ?????? \"??????? ????\", ??? ??? ????? ?????? ??????? ? ????? ?????????????? ??? ??? ???????? ?????????? ?????? ?? ??????? \"package_search_form_data\".\r\n\r\n??? ?????? ? ?????? ??????? ???? ??????????? ????? ????????? ??????.','2013-02-19 19:46:26',0),(25,87,'Issue',1,'??? ?? ?? ????? ?????? ??????? ????????, ??????? ???. ??? ???????\r\n???? ? ?????? ?? ??????  ??? ??????? ???????? ?????','2013-02-19 19:51:51',0),(26,86,'Issue',1,'','2013-02-19 20:24:12',0),(27,85,'Issue',1,'','2013-02-19 20:24:52',0),(28,84,'Issue',1,'','2013-02-19 20:25:09',0),(29,82,'Issue',1,'','2013-02-19 20:25:27',0),(30,76,'Issue',1,'','2013-02-19 20:25:50',0),(31,88,'Issue',1,NULL,'2013-02-19 20:37:38',0),(32,88,'Issue',1,'??? 2 ???????? ???? ?? ?????????, ? 1 ???? ????? ?? ???? ','2013-02-19 20:37:38',1),(33,5,'Issue',13,'???? ??????? ??? ?????????? https://e-pay.by/  http://plati.tut.by/  http://www.ipay.by/ . ? ????????? ???????? ??????????? ???? ???????? ?? ??? https://e-pay.by/ ?  http://plati.tut.by/ ?? ???? ???????? ????? ???????? ?  ???  ?????? http://www.ipay.by/  ?????? ?? ???????? ????????? ???????? ??????????? ??? ??? ?????????? ? ????? ????????? ????????? ??????, ??? ?????? ?????????? ??? ?????? ???????? ??????? ??????? ?? ????? ?????????? ????????? ??? ???? ????. \r\n  ??????? ??????????? ???????? ?????? https://e-pay.by/ ?? ?? ? ????????????? ??? ?????? ??? ??????? http://plati.tut.by/.?????? ?????? http://plati.tut.by/ , ???????? ?????? ????????? ??? ???????? ?????????  https://e-pay.by/ .\r\n\r\n      ???????? ?????? ??????   https://e-pay.by/  ?? ???? ?????????  ??????? ?????????????? ????????. ???? ???? ????????? ? ?????????? ???????? ? ?????? https://e-pay.by/ .\r\n\r\n                                                     ???????? 1 \r\n                                         ???????? ?????? ??? ??????     \r\n                                                           ???????? 2\r\n                                         ?????? 16-??????? ????? ?????\r\n                                                           ???????? 3\r\n                                         ??? ?? ?????? ?????? ????????????? ??? ??????. ???? ?? ??????????? ????????? ????? ?? ??????? ???? ????? ?????????? ?????????, ???? ??????????? ???????????? ?????? ?? ??????? ????? ???????? ?????.\r\n                                                           ???????? 4\r\n                                          ?????? ????? ??????. ??? ???? ?????? ???????? ????? ?????? ????? ????? ?????. ? ???? ?????? ?????? 6 ????.\r\n                                                           ???????? 5\r\n                                          ??? ???????? ?????????? ??? ? ??? ?? ???????? ???? ???? ??? ?????? ????????? ???? ?? ?????.\r\n                                               ??????:  \r\n                                               ?????:  \r\n                                               ????? ????????:  \r\n                                               ????? ???????:  \r\n                                               ????? (???. ??????): \r\n                                                             ???????? 6\r\n                                            ?????? ???????? ?????????? ?????????? ? ???????. ???? ?????? ????????? ????? ? ???? ??? ??????????.\r\n??? ?????:  \r\n????? ?????:    \r\n??? ??? ?? ?????: \r\n???? ?? ???????? ????????? ?????:   \r\nCVC/CVC2:    \r\n??????????? ?????, Email:   \r\n?????????? ???????:  \r\n ???????? ???(?????):        \r\n  \r\n??? ????? ???? ????? ?? ?? ??????? ?????????? ??????!\r\n \r\n\r\n                                                             ???????? 7\r\n                                ??? ??????????? ???????? ?? ????? ???????.??? ?? ?????? ???????? ??? ??? ?????? ??????? ?? ??????.\r\n????? ????:  193233489  \r\n????? ??????????:  735984769  \r\n??? ???????????:  652061  \r\n???? ???????:  20.02.2013 13:22  \r\n????? ?????:  4xxxxxxxxxxx9982  \r\n?????????? ?????:  305101280568  \r\n  \r\n \r\n  \r\n???? ?:  880-1513668798  \r\n?????????? ???????:  e-pay.mobile  \r\n?????:  5000 BYR  \r\n  \r\n \r\n  \r\n     ?????? ????????? ?????? \r\n                                         \r\n\r\n\r\n','2013-02-20 13:03:50',0),(34,7,'Issue',1,'https://subversion.assembla.com/svn/parser-optimization-ittour/ svn ???????????\r\n?????????? ????? ? ??????????? ?????? ??????????, ?? ???????? ????? ?????? ?????? ????????? ??????.','2013-02-21 16:46:10',0),(35,7,'Issue',17,'???????? ? ????????? ??????.\r\n? ??????? /modules/ittour/jobs/import_soap_coral__allserver.php ???????????? ???????????????? ???? /modules/ittour/def.php, ? ??????? ??????????????? ????????? GENERIC_PATH ? APPROOT_PATH ? ???????? ????????? \'/cms/generic.2/\' ? \'/cms/\' http://clip2net.com/s/2SvOx , ?? ??? ???????? ??????????? ? ???????.\r\n?????????????? ??? ? ???????????? ?????? (????? ?? ??????? ?? ???????? ?????? ????? ?? ???? ???????????):\r\n<pre>\r\n    require_once(GENERIC_PATH.\'config.php\');\r\n    require_once(GENERIC_PATH.\'init.php\');\r\n</pre>\r\n??? ??? ?? cms ? ??? ?? ????? ????????','2013-02-26 11:49:54',0),(36,7,'Issue',23,'? ??????? ???????????? CMS ??????????? ?????????? ???????? \"Itera Research\".\r\n????? \"??????\" ?????, ??????? ?? ????? ??????????? ????? ?????? ? ?????????.\r\n?? ????????? \"????????\" ?????? ??????????? ??? ??????? ???????, ????? ????????? ?? ????????? ?? ???????? ??????, ?? ?????? ?????? ???????? CMS ???????.\r\n\r\n??? ?????? ?? ?????, ??????? ???? ??????????? ????? ? ???????????:\r\nhttp://www.ittour.com.ua/files/itt/ittour2-2012-02-26-sources-cms.zip\r\n','2013-02-26 17:14:20',1),(37,7,'Issue',23,'???? ??????????? ?????? ??????? ? ??????????? ?????? ????? ????? - ??? ??????? \"andrey.turko\".','2013-02-26 17:30:23',0),(38,7,'Issue',1,'?? ?????? ???????? ????? ????????? ???????? ??????? ?????, ?.?. ????? ??? ?????? ?????? ???? ?? ?????? ?? ?????????.\r\n??????? ?????? ????? ? ?? ??????, ?? ???????? ?????????? ???? ????????? ?????.\r\n????, ??? ?????????? ?????, ???? ??? ??????, ?????????? ????? ??????, ????? ?????????, ????? ????? ????? ??????? ????????? ??????, ? ?????? ?????? ????????? ? ??????? ?? ????????? ??? \"???????\" - ?????? ???? ??????? ??????????????? ?????? ? ????????? ??????? (??? ????????? ???????), ? ?????????? ??? ????? ???????? ??? ???????????? ??????? ? ??? ? ??? ??????? ? ??? ??? ???.','2013-02-26 18:18:35',0),(39,7,'Issue',17,'???? ?? ????? ??????????? ????, ??????? ??????? ?? ? ???? ??????????? ?????????? ??? ??????? ?????????? ? ??? ?????????? ??????? ????????? ???? ???????????? ????? ????????, ?? ??????? ?????? ?????????? ????? ???????? ?? ?????.','2013-02-28 09:21:58',0),(40,7,'Issue',23,'??????, ?????? ??????????? ???? ??????? ???????.\r\n??? ????? ??? ?? ????? ???????? ??????, ?? ? ???? bulk-????????.\r\n??????????? ??????????? ???????, ?? ??????? ????????? ???????????? ?????? ??????????? ? ??????? MySQL.','2013-02-28 11:36:40',0),(41,7,'Issue',23,'??? ?????? ?? ???? ? ???? bulk-????????:\r\nhttp://www.ittour.com.ua/files/itt/ittour2-2012-02-22-testdb-bulk.zip\r\n\r\n????? ???????? ???? ????, ?????? ????? ??????????? ????????? ???????? ????????? \"max_allowed_packet \" ? \"my.ini\".\r\n\r\n? ? ???? ???????? ??? ???:\r\nmax_allowed_packet = 500M','2013-02-28 16:48:10',0),(42,85,'Issue',22,'','2013-02-28 17:22:03',0),(43,84,'Issue',22,'????? ???????? id ?????? \"? ????????? ??????\", ??????? ????? ???????????? ? ????????.\r\n? ????? ???????? ?????? ?????? ?????? ?????/???????.','2013-02-28 17:35:19',0),(44,83,'Issue',22,'?????? ? ?????:\r\n????? ?????? ?????? ?? ? ?????????????, ??? ?? ????? ?????? ??? ????????? ????? ???????, ??? ???? ? ????????? ???? ??????. ?? ???? ?? ??? ?????????? ?????? ? ?????? ????????? ??????? ?????? ????????? ??? ????????????. ??????? ???? ?????? ?????? ????????? ? ??????? ???????? ??????????? ?????? ??????, ?????? ? ????????????. ??? ?? ????????? ? ???? ? ????????????????? ????.','2013-02-28 17:49:55',0),(45,76,'Issue',22,'','2013-02-28 17:50:56',0),(46,81,'Issue',22,'???????????? ????????? ??? ??????? ?????? ???????? ?? ?????????\r\n\r\n??? ?????? ??? ????????, ?????? ?? ???????????? ????? 50 ???????.\r\n?? ????? ???????? ? ?? ?? ??????? (? ??????? 11, 20,49) ???? ???????? ????????, ??? ????? ? ??? ??? ?? 1 ????????, ?? ??? ??????? ?????????? ??? ? ?? ?????? ????????','2013-02-28 17:59:10',0),(47,80,'Issue',22,'????? ??????? ???????','2013-02-28 18:01:12',0),(48,78,'Issue',22,'????? ???????? id ??????? ??????.\r\n???????????? ????????? ??????????? ? ??????.\r\n\r\n??? ???????\r\nexec(\'package_tour_search\', $params, false)\r\n?? ?????????? ???????????\r\n[price_from] => 0\r\n[hotel_ratings] => Array\r\n(\r\n            [0] => 7\r\n            [1] => 3\r\n            [2] => 4\r\n            [3] => 78\r\n)\r\n[items_per_page] => 15\r\n[date_from] => 2013-02-28\r\n[date_till] => 2013-03-30\r\n[adult_amount] => 2\r\n[types] => Array\r\n(\r\n            [0] => 1\r\n            [1] => 2\r\n)\r\n[showcase_type] => 48\r\n[use_uah_price] => 1\r\n\r\n? ?????? ????? ?????????\r\n [pager] => Array\r\n        (\r\n            [page_param] => page\r\n            [page_size_param] => _ps\r\n            [first_page_index] => 1\r\n            [page_size] => 15\r\n            [pager_length] => 2\r\n            [title] => ??????\r\n            [items_limit] => \r\n            [labels_mode] => pages\r\n            [current_page] => 1\r\n            [current_page_size] => 15\r\n            [pages_amount] => \r\n            [pages] => \r\n            [pager_info] => \r\n            [page_no_rule] => \r\n            [items_total_amount] => \r\n            [first_item_index] => \r\n            [last_item_index] => \r\n            [pager_error] => \r\n            [additional_url_params] => Array\r\n                (\r\n                )','2013-02-28 18:10:24',0),(49,81,'Issue',21,'????????? ?????? ???????????? ?????????. ???? ?????????? ?????? ???????? ? ?????? ????????, ?? ??????? ?? ????? ????????.','2013-03-04 15:54:53',0),(50,78,'Issue',21,'??????? \"??????????? ???\" ????? id 48 ? ????? ???????.\r\n\r\n???????? ?????????? ?????? ? ?????????? ???? ???????? ??????????? (?? ??????????? ???)\r\n\r\n@\r\n\r\n    [price_from] => 0\r\n    [items_per_page] => 15\r\n    [date_from] => 2013-03-04\r\n    [date_till] => 2013-04-03\r\n    [adult_amount] => 2\r\n    [types] => Array\r\n        (\r\n            [0] => 1\r\n            [1] => 2\r\n        )\r\n    [showcase_type] => 48\r\n    [page] => 1\r\n    [hotel_ratings] => Array\r\n        (\r\n            [0] => 7\r\n            [1] => 3\r\n            [2] => 4\r\n            [3] => 78\r\n        )\r\n\r\n@\r\n\r\n? ??????? ???????? ??????? ????????? ??????????:\r\n\r\n@\r\n\r\n            [page_param] => page\r\n            [page_size_param] => _ps\r\n            [first_page_index] => 1\r\n            [page_size] => 15\r\n            [pager_length] => 2\r\n            [title] => ??????\r\n            [items_limit] => 59\r\n            [labels_mode] => pages\r\n            [current_page] => 1\r\n            [current_page_size] => 15\r\n            [pages_amount] => \r\n            [pages] => Array\r\n                (\r\n                    [0] => Array\r\n                        (\r\n                            [text] => 1\r\n                            [type] => page\r\n                        )\r\n                    [1] => Array\r\n                        (\r\n                            [href] => /modules/ittour/webservice/service.php?page=2\r\n                            [text] => 2\r\n                            [type] => page\r\n                        )\r\n                    [2] => Array\r\n                        (\r\n                            [href] => /modules/ittour/webservice/service.php?page=3\r\n                            [text] => 3\r\n                            [type] => page\r\n                        )\r\n                    [3] => Array\r\n                        (\r\n                            [href] => /modules/ittour/webservice/service.php?page=4\r\n                            [text] => 4\r\n                            [type] => page\r\n                        )\r\n                    [4] => Array\r\n                        (\r\n                            [href] => /modules/ittour/webservice/service.php?page=2\r\n                            [text] => ????????? &gt;&gt;\r\n                            [is_nav] => 1\r\n                            [is_next] => 1\r\n                            [type] => navigation\r\n                        )\r\n                )\r\n            [pager_info] => \r\n            [page_no_rule] => \r\n            [items_total_amount] => 60\r\n            [first_item_index] => \r\n            [last_item_index] => \r\n            [pager_error] => \r\n            [additional_url_params] => Array\r\n                (\r\n                )\r\n            [current_url] => __PHP_Incomplete_Class Object\r\n                (\r\n                    [__PHP_Incomplete_Class_Name] => url_dynamic\r\n                    [elements] => Array\r\n                        (\r\n                            [scheme] => http\r\n                            [host] => service.ittour.com.ua\r\n                            [path] => /modules/ittour/webservice/service.php\r\n                        )\r\n                    [path_elements] => Array\r\n                        (\r\n                        )\r\n                    [url] => http://service.ittour.com.ua/modules/ittour/webservice/service.php\r\n                    [values] => Array\r\n                        (\r\n                        )\r\n                    [website_url] => http://service.ittour.com.ua\r\n                    [complete_url] => http://service.ittour.com.ua/modules/ittour/webservice/\r\n                    [current_url] => http://service.ittour.com.ua/modules/ittour/webservice/service.php\r\n                    [relative_url] => /modules/ittour/webservice/\r\n                    [script_name] => service.php\r\n                    [params] => \r\n                    [domain_name] => service.ittour.com.ua\r\n                    [base_url] => /modules/ittour/webservice/\r\n                    [current_url_wo_params] => http://service.ittour.com.ua/modules/ittour/webservice/service.php\r\n                    [url_wo_params] => http://service.ittour.com.ua/modules/ittour/webservice/service.php\r\n                    [current_relative_url] => /modules/ittour/webservice/service.php\r\n                    [relative_url_wo_params] => /modules/ittour/webservice/service.php\r\n                    [original_url] => http://service.ittour.com.ua/modules/ittour/webservice/service.php\r\n                )\r\n\r\n@\r\n\r\n???????? ??????????? ?? ?????? ? ??? ?????? ????????.','2013-03-04 16:11:31',0),(51,97,'Issue',22,'','2013-03-04 17:27:23',0),(52,83,'Issue',22,'??????, ?? ????????? ?????, ???-?? ?????????? ? ??? ??????? ??????.\r\n\r\n<pre>\r\n$tour_module = array();\r\n$tour_module[\'name\'] = \'tour_search_\';\r\n$tour_module[\'params\'] = array(\'custom_config\' => $tour_module[\'name\']);\r\n$tour_module[\'client\'] = new \\webclient($tour_module[\'params\']);\r\n$tour_module[\'client\']->get_package_search_form_fields();\r\n$tour_module[\'package_tour_default_form_value\'] = $tour_module[\'client\']->fill_default_package_form_value();\r\n$tour_module[\'package_tour_form_field\'] = $tour_module[\'client\']->prepare_optimize_package_search_filtered_field(\'php\', 1, array_keys($tour_module[\'package_tour_default_form_value\'][\'country\']), array(), array_keys($tour_module[\'package_tour_default_form_value\'][\'hotel_rating\']));\r\n</pre>\r\n\r\n?????????? ?????? ???????\r\n\r\n<pre>\r\narray (size=5)\r\n  \'country\' => \r\n    array (size=0)\r\n      empty\r\n  \'region\' => \r\n    array (size=1)\r\n      0 => \r\n        array (size=2)\r\n          \'id\' => int 0\r\n          \'name\' => string \'??? ???????\' (length=21)\r\n  \'hotel\' => \r\n    array (size=1)\r\n      0 => \r\n        array (size=2)\r\n          \'id\' => int 0\r\n          \'name\' => string \'??? ?????\' (length=17)\r\n  \'departure_city\' => \r\n    array (size=1)\r\n      0 => \r\n        array (size=2)\r\n          \'id\' => int 0\r\n          \'name\' => string \'????? ?????\' (length=21)\r\n  \'period\' => int 21\r\n</pre>','2013-03-04 20:02:38',0),(53,78,'Issue',22,'???????, ???????? ? ????????? ??????.\r\n\r\n?? ????????? ??????, ????? ???? ??????? ?????????:\r\n> ?????? ????? ? ??????? ????? ???????? ? ??????? ??????? $this->exec(\'get_showcase_filter\', $param, true);\r\n> ??? ?????? $param ???????? ??? ??????? ? ??? ????????????? ???????? $param = array(\'result\' => \"country\", \'showcase\' => 48);\r\n\r\n????????? ????? ????? ?????? ?????? ??????? ?????????, ?? ?????? ?????????? ?????????:\r\n<pre>\r\narray (size=1)\r\n  \'country\' => \r\n    array (size=2)\r\n      0 => \r\n        array (size=3)\r\n          \'id\' => int 0\r\n          \'name\' => string \'??? ??????\' (length=19)\r\n          \'flag_small\' => string \'\' (length=0)\r\n      1 => \r\n        array (size=3)\r\n          \'id\' => string \'318\' (length=3)\r\n          \'name\' => string \'??????\' (length=12)\r\n          \'flag_small\' => string \'tur.gif\' (length=7)\r\n</pre>','2013-03-04 20:40:01',0),(54,81,'Issue',22,'?? ???????.\r\n??????\r\n<pre>\r\n$param = Array\r\n(\r\n    [items_per_page] => 10\r\n    [is_ticket_price_included] => -1\r\n    [city_search_type] => and\r\n    [current_url] => /app_dev.php/hike_tours\r\n    [use_uah_price] => 1\r\n)\r\n$result = $this->exec(\'hike_tour_search\', $param);\r\n</pre>\r\n\r\n?????????? ????????? ???????:\r\n<pre>\r\n \'pager\' => \r\n    array (size=20)\r\n      \'page_param\' => string \'page\' (length=4)\r\n      \'page_size_param\' => string \'_ps\' (length=3)\r\n      \'first_page_index\' => int 1\r\n      \'page_size\' => int 10\r\n      \'pager_length\' => int 2\r\n      \'title\' => string \'??????\' (length=12)\r\n      \'items_limit\' => int 501\r\n      \'labels_mode\' => string \'pages\' (length=5)\r\n      \'current_page\' => int 1\r\n      \'current_page_size\' => int 10\r\n      \'pages_amount\' => null\r\n      \'pages\' => \r\n        array (size=51)\r\n          0 => \r\n            array (size=2)\r\n              \'text\' => int 1\r\n              \'type\' => string \'page\' (length=4)\r\n          1 => \r\n            array (size=3)\r\n              \'href\' => string \'/app_dev.php/hike_tours?page=2\' (length=30)\r\n              \'text\' => int 2\r\n              \'type\' => string \'page\' (length=4)\r\n          2 => \r\n            array (size=3)\r\n              \'href\' => string \'/app_dev.php/hike_tours?page=3\' (length=30)\r\n              \'text\' => int 3\r\n              \'type\' => string \'page\' (length=4)\r\n          3 => \r\n            array (size=3)\r\n              \'href\' => string \'/app_dev.php/hike_tours?page=4\' (length=30)\r\n              \'text\' => int 4\r\n              \'type\' => string \'page\' (length=4)\r\n          4 => \r\n            array (size=3)\r\n              \'href\' => string \'/app_dev.php/hike_tours?page=5\' (length=30)\r\n              \'text\' => int 5\r\n              \'type\' => string \'page\' (length=4)\r\n          5 => \r\n            array (size=3)\r\n              \'href\' => string \'/app_dev.php/hike_tours?page=6\' (length=30)\r\n              \'text\' => int 6\r\n              \'type\' => string \'page\' (length=4)\r\n          6 => \r\n            array (size=3)\r\n              \'href\' => string \'/app_dev.php/hike_tours?page=7\' (length=30)\r\n              \'text\' => int 7\r\n              \'type\' => string \'page\' (length=4)\r\n          7 => \r\n            array (size=3)\r\n              \'href\' => string \'/app_dev.php/hike_tours?page=8\' (length=30)\r\n              \'text\' => int 8\r\n              \'type\' => string \'page\' (length=4)\r\n          8 => \r\n            array (size=3)\r\n              \'href\' => string \'/app_dev.php/hike_tours?page=9\' (length=30)\r\n              \'text\' => int 9\r\n              \'type\' => string \'page\' (length=4)\r\n          9 => \r\n            array (size=3)\r\n              \'href\' => string \'/app_dev.php/hike_tours?page=10\' (length=31)\r\n              \'text\' => int 10\r\n              \'type\' => string \'page\' (length=4)\r\n          10 => \r\n            array (size=3)\r\n              \'href\' => string \'/app_dev.php/hike_tours?page=11\' (length=31)\r\n              \'text\' => int 11\r\n              \'type\' => string \'page\' (length=4)\r\n          11 => \r\n            array (size=3)\r\n              \'href\' => string \'/app_dev.php/hike_tours?page=12\' (length=31)\r\n              \'text\' => int 12\r\n              \'type\' => string \'page\' (length=4)\r\n          12 => \r\n            array (size=3)\r\n              \'href\' => string \'/app_dev.php/hike_tours?page=13\' (length=31)\r\n              \'text\' => int 13\r\n              \'type\' => string \'page\' (length=4)\r\n          13 => \r\n            array (size=3)\r\n              \'href\' => string \'/app_dev.php/hike_tours?page=14\' (length=31)\r\n              \'text\' => int 14\r\n              \'type\' => string \'page\' (length=4)\r\n          14 => \r\n            array (size=3)\r\n              \'href\' => string \'/app_dev.php/hike_tours?page=15\' (length=31)\r\n              \'text\' => int 15\r\n              \'type\' => string \'page\' (length=4)\r\n          15 => \r\n            array (size=3)\r\n              \'href\' => string \'/app_dev.php/hike_tours?page=16\' (length=31)\r\n              \'text\' => int 16\r\n              \'type\' => string \'page\' (length=4)\r\n          16 => \r\n            array (size=3)\r\n              \'href\' => string \'/app_dev.php/hike_tours?page=17\' (length=31)\r\n              \'text\' => int 17\r\n              \'type\' => string \'page\' (length=4)\r\n          17 => \r\n            array (size=3)\r\n              \'href\' => string \'/app_dev.php/hike_tours?page=18\' (length=31)\r\n              \'text\' => int 18\r\n              \'type\' => string \'page\' (length=4)\r\n          18 => \r\n            array (size=3)\r\n              \'href\' => string \'/app_dev.php/hike_tours?page=19\' (length=31)\r\n              \'text\' => int 19\r\n              \'type\' => string \'page\' (length=4)\r\n          19 => \r\n            array (size=3)\r\n              \'href\' => string \'/app_dev.php/hike_tours?page=20\' (length=31)\r\n              \'text\' => int 20\r\n              \'type\' => string \'page\' (length=4)\r\n          20 => \r\n            array (size=3)\r\n              \'href\' => string \'/app_dev.php/hike_tours?page=21\' (length=31)\r\n              \'text\' => int 21\r\n              \'type\' => string \'page\' (length=4)\r\n          21 => \r\n            array (size=3)\r\n              \'href\' => string \'/app_dev.php/hike_tours?page=22\' (length=31)\r\n              \'text\' => int 22\r\n              \'type\' => string \'page\' (length=4)\r\n          22 => \r\n            array (size=3)\r\n              \'href\' => string \'/app_dev.php/hike_tours?page=23\' (length=31)\r\n              \'text\' => int 23\r\n              \'type\' => string \'page\' (length=4)\r\n          23 => \r\n            array (size=3)\r\n              \'href\' => string \'/app_dev.php/hike_tours?page=24\' (length=31)\r\n              \'text\' => int 24\r\n              \'type\' => string \'page\' (length=4)\r\n          24 => \r\n            array (size=3)\r\n              \'href\' => string \'/app_dev.php/hike_tours?page=25\' (length=31)\r\n              \'text\' => int 25\r\n              \'type\' => string \'page\' (length=4)\r\n          25 => \r\n            array (size=3)\r\n              \'href\' => string \'/app_dev.php/hike_tours?page=26\' (length=31)\r\n              \'text\' => int 26\r\n              \'type\' => string \'page\' (length=4)\r\n          26 => \r\n            array (size=3)\r\n              \'href\' => string \'/app_dev.php/hike_tours?page=27\' (length=31)\r\n              \'text\' => int 27\r\n              \'type\' => string \'page\' (length=4)\r\n          27 => \r\n            array (size=3)\r\n              \'href\' => string \'/app_dev.php/hike_tours?page=28\' (length=31)\r\n              \'text\' => int 28\r\n              \'type\' => string \'page\' (length=4)\r\n          28 => \r\n            array (size=3)\r\n              \'href\' => string \'/app_dev.php/hike_tours?page=29\' (length=31)\r\n              \'text\' => int 29\r\n              \'type\' => string \'page\' (length=4)\r\n          29 => \r\n            array (size=3)\r\n              \'href\' => string \'/app_dev.php/hike_tours?page=30\' (length=31)\r\n              \'text\' => int 30\r\n              \'type\' => string \'page\' (length=4)\r\n          30 => \r\n            array (size=3)\r\n              \'href\' => string \'/app_dev.php/hike_tours?page=31\' (length=31)\r\n              \'text\' => int 31\r\n              \'type\' => string \'page\' (length=4)\r\n          31 => \r\n            array (size=3)\r\n              \'href\' => string \'/app_dev.php/hike_tours?page=32\' (length=31)\r\n              \'text\' => int 32\r\n              \'type\' => string \'page\' (length=4)\r\n          32 => \r\n            array (size=3)\r\n              \'href\' => string \'/app_dev.php/hike_tours?page=33\' (length=31)\r\n              \'text\' => int 33\r\n              \'type\' => string \'page\' (length=4)\r\n          33 => \r\n            array (size=3)\r\n              \'href\' => string \'/app_dev.php/hike_tours?page=34\' (length=31)\r\n              \'text\' => int 34\r\n              \'type\' => string \'page\' (length=4)\r\n          34 => \r\n            array (size=3)\r\n              \'href\' => string \'/app_dev.php/hike_tours?page=35\' (length=31)\r\n              \'text\' => int 35\r\n              \'type\' => string \'page\' (length=4)\r\n          35 => \r\n            array (size=3)\r\n              \'href\' => string \'/app_dev.php/hike_tours?page=36\' (length=31)\r\n              \'text\' => int 36\r\n              \'type\' => string \'page\' (length=4)\r\n          36 => \r\n            array (size=3)\r\n              \'href\' => string \'/app_dev.php/hike_tours?page=37\' (length=31)\r\n              \'text\' => int 37\r\n              \'type\' => string \'page\' (length=4)\r\n          37 => \r\n            array (size=3)\r\n              \'href\' => string \'/app_dev.php/hike_tours?page=38\' (length=31)\r\n              \'text\' => int 38\r\n              \'type\' => string \'page\' (length=4)\r\n          38 => \r\n            array (size=3)\r\n              \'href\' => string \'/app_dev.php/hike_tours?page=39\' (length=31)\r\n              \'text\' => int 39\r\n              \'type\' => string \'page\' (length=4)\r\n          39 => \r\n            array (size=3)\r\n              \'href\' => string \'/app_dev.php/hike_tours?page=40\' (length=31)\r\n              \'text\' => int 40\r\n              \'type\' => string \'page\' (length=4)\r\n          40 => \r\n            array (size=3)\r\n              \'href\' => string \'/app_dev.php/hike_tours?page=41\' (length=31)\r\n              \'text\' => int 41\r\n              \'type\' => string \'page\' (length=4)\r\n          41 => \r\n            array (size=3)\r\n              \'href\' => string \'/app_dev.php/hike_tours?page=42\' (length=31)\r\n              \'text\' => int 42\r\n              \'type\' => string \'page\' (length=4)\r\n          42 => \r\n            array (size=3)\r\n              \'href\' => string \'/app_dev.php/hike_tours?page=43\' (length=31)\r\n              \'text\' => int 43\r\n              \'type\' => string \'page\' (length=4)\r\n          43 => \r\n            array (size=3)\r\n              \'href\' => string \'/app_dev.php/hike_tours?page=44\' (length=31)\r\n              \'text\' => int 44\r\n              \'type\' => string \'page\' (length=4)\r\n          44 => \r\n            array (size=3)\r\n              \'href\' => string \'/app_dev.php/hike_tours?page=45\' (length=31)\r\n              \'text\' => int 45\r\n              \'type\' => string \'page\' (length=4)\r\n          45 => \r\n            array (size=3)\r\n              \'href\' => string \'/app_dev.php/hike_tours?page=46\' (length=31)\r\n              \'text\' => int 46\r\n              \'type\' => string \'page\' (length=4)\r\n          46 => \r\n            array (size=3)\r\n              \'href\' => string \'/app_dev.php/hike_tours?page=47\' (length=31)\r\n              \'text\' => int 47\r\n              \'type\' => string \'page\' (length=4)\r\n          47 => \r\n            array (size=3)\r\n              \'href\' => string \'/app_dev.php/hike_tours?page=48\' (length=31)\r\n              \'text\' => int 48\r\n              \'type\' => string \'page\' (length=4)\r\n          48 => \r\n            array (size=3)\r\n              \'href\' => string \'/app_dev.php/hike_tours?page=49\' (length=31)\r\n              \'text\' => int 49\r\n              \'type\' => string \'page\' (length=4)\r\n          49 => \r\n            array (size=3)\r\n              \'href\' => string \'/app_dev.php/hike_tours?page=50\' (length=31)\r\n              \'text\' => int 50\r\n              \'type\' => string \'page\' (length=4)\r\n          50 => \r\n            array (size=5)\r\n              \'href\' => string \'/app_dev.php/hike_tours?page=2\' (length=30)\r\n              \'text\' => string \'????????? &gt;&gt;\' (length=27)\r\n              \'is_nav\' => boolean true\r\n              \'is_next\' => boolean true\r\n              \'type\' => string \'navigation\' (length=10)\r\n      \'pager_info\' => null\r\n      \'page_no_rule\' => null\r\n      \'items_total_amount\' => int 501\r\n      \'first_item_index\' => null\r\n      \'last_item_index\' => null\r\n      \'pager_error\' => boolean false\r\n      \'additional_url_params\' => \r\n        array (size=0)\r\n          empty\r\n      \'current_url\' => \r\n        object(__PHP_Incomplete_Class)[326]\r\n          public \'__PHP_Incomplete_Class_Name\' => string \'url_dynamic\' (length=11)\r\n          public \'elements\' => \r\n            array (size=1)\r\n              \'path\' => string \'/app_dev.php/hike_tours\' (length=23)\r\n          public \'path_elements\' => \r\n            array (size=0)\r\n              empty\r\n          public \'url\' => string \'http:///app_dev.php/hike_tours\' (length=30)\r\n          public \'values\' => \r\n            array (size=0)\r\n              empty\r\n          public \'website_url\' => string \'http://\' (length=7)\r\n          public \'complete_url\' => string \'http:///app_dev.php/\' (length=20)\r\n          public \'current_url\' => string \'http:///app_dev.php/hike_tours\' (length=30)\r\n          public \'relative_url\' => string \'/app_dev.php/\' (length=13)\r\n          public \'script_name\' => string \'hike_tours\' (length=10)\r\n          public \'params\' => null\r\n          public \'domain_name\' => null\r\n          public \'base_url\' => string \'/app_dev.php/\' (length=13)\r\n          public \'current_url_wo_params\' => string \'http:///app_dev.php/hike_tours\' (length=30)\r\n          public \'url_wo_params\' => string \'http:///app_dev.php/hike_tours\' (length=30)\r\n          public \'current_relative_url\' => string \'/app_dev.php/hike_tours\' (length=23)\r\n          public \'relative_url_wo_params\' => string \'/app_dev.php/hike_tours\' (length=23)\r\n          public \'original_url\' => string \'http://service.ittour.com.ua/app_dev.php/hike_tours\' (length=51)\r\n</pre>','2013-03-04 20:49:20',0),(55,7,'Issue',23,'?? ? ????? ?????? ???? ???? \"????? ?????\" ? ?????? ????????. ? ? ??? ?? ?????? ?????? ???? ????????????? ?????????? ? ???????????, ???????? ?? ?? ?????? ?????????? ?????.\r\n\r\n??? ???????? ???? ?? ??????? MySQL, ??? ???? ????????????? ??????????? \"??????\" ?????/?????????????????? ????? ?????????? ???????? ?????? ? ????????:\r\n\r\n(1)\r\n? ??????? \"itt_tour\" ???? ??? ???? - \"service_hash\" ? \"hash\" - ???????? \"hash\" ??????.\r\n\r\n(2)\r\n??????? \"utf8\" ?? \"ascii\", ??????? ?????? ???, ??? ??????? ?????, ? ????? ???? ?????? \"???????\" ? \"??????????\", ?? ????? ???????? ???????????? ?????????.\r\n\r\n(3)\r\n??????? \"???????\" ?? \"fixed length chars\" ??? ????? ??? \"???\" (??????, ??? ????, ??? ???????).\r\n\r\n(4)\r\n? ??????? \"itt_tour\" ???? \"additional_hash_value\" - \"char(50)\" - ???????? ???? \"Early\".\r\n\r\n(5)\r\n?????? \"id\" ?? ????? ??????? ??????.\r\n\r\n(6)\r\n???? \"currency_kn_id\" ? \"itt_tour_price\" ????? ?????, ???? ?? ????????? ????????, ??????? ??? ???????????, ???????? ???????? ??????? (???? 1,2,3).\r\n\r\n(7)\r\n? ??????? \"itt_tour\" ???? ????????? ????? ? ????????? \"kn\", ???????? ? ??????? ?? ????? ????????????, ?? ???? ????? ???????.\r\n\r\n(8)\r\n???? ????? ????? \"child_ageXX\" ?????, ??????? ???????? ????? ?????.\r\n\r\n(9)\r\n\"operator_id\" ? \"kind_id\" ? \"itt_tour\" - \"int(11)\" - ???????? ?? ?????? ?? ?????????.\r\n','2013-03-04 21:07:02',0),(56,7,'Issue',23,'? ??? ???????? ???? ?? ??????? PHP-???? ????????:\r\n\r\n(1)\r\n???????? ???????? ??? ?????? ????????? ???????? ???? ???????? ? ????????? ?????????? (????????, ??? ?????? \"???????\").\r\n\r\n(2)\r\n????? ????????? MD5 - ????? ?? ??? ???????? ????? ????????????, ?????? ?????? ?????? ?????, ??????? ?????? ???? ??? ?? ???????\r\n\r\n(3)\r\n?????????? ????????? ?????????? ?? ?????.\r\n\r\n(4)\r\n?????????? ????????? ? PHP ???? ???? ????? - Perl ? POSIX - ? ???? ???????, ? ???????? 17000 ???. ????????? ? ???????, ??????? ????????, ??? ?? ?????? ?????????? ?????????? ? ????????? ??? ?? ???? ??????, ?? ??????.\r\n\r\n(5)\r\n??????? XML-????? ???? ???????????? ????????? ???????? (XMLReader ?? ????? IBM ?????????? ?????? ???????).\r\n\r\nXML ??? PHP-?????????????: ????? 2. ??????????? ?????? ???????? XML\r\nhttp://www.ibm.com/developerworks/ru/library/x-xmlphp2/index.html\r\n<<\r\n??????? ??????? ????????????? ??????? SAX ?????? XMLReader ??????????? ? ???,\r\n??? ?????? SAX ?????? ????? ?????????? ? ?????? ????? ??????.\r\n?????? ?????????? - ??? ??? ??????? SAX ?????????? ???????,\r\n? ??? ??????? ??????, ??? ??? XMLReader.\r\n\r\n...????????? ?????? XMLReader, ??????? ????? ? ???????, ??? SAX, ?????????????? ??? ????? ??????? ??????????.\r\n>>\r\n\r\n??? ????? ?? ???????????? ????? (Simple API for XML (SAX) - xml_parser_create), ?? ?????????? ??? ?????????? ????? ??????, ? ?? ????????.\r\n(\\ittour2\\modules\\ittour\\generic\\custom_import_tours_xml.php)\r\n<<\r\n  function parse($content) {\r\n  ... \r\n    $this->parser = xml_parser_create();\r\n  ...\r\n    xml_set_object($this->parser, $this);\r\n    xml_set_element_handler($this->parser, \'start_element\', \'end_element\');\r\n  ...\r\n    try {\r\n      if (!xml_parse($this->parser, $content)) {\r\n  ...\r\n>>\r\n\r\n(6)\r\n?????????? ??? ????????? ??????????? ? ????????? ?????????? ? ????? ???????????? ?? ????????? ????.\r\n(\\ittour2\\modules\\ittour\\generic\\custom_import.php)\r\n<<\r\n  function load_queue_item($row) {\r\n  ...\r\n                  if (eregi(\'([^?]+)[?]([^;]+)[;]POST\', $row[\'external_url\'], $matches)) {\r\n                    $content = $this->requestPOST($matches[1], $matches[2], $row[\'is_live\'], $this->curl_options);\r\n                  } else {\r\n                    $content = $this->requestGET($row[\'external_url\'], $row[\'is_live\'], $this->curl_options);\r\n                  }   \r\n              if ($content) {\r\n                save_to_file($temporary_file, $content);\r\n>>\r\n\r\n(7)\r\n???????????? ????? ?????? ? ????? ???????????? (??? ??????????, ??? ????? ?? ??? ??? ???????).\r\n\r\n(8)\r\n? \"itt_queue\" ???? ???? \"try_parse_count\" - ??????????? ???????? ??????? 71, 104, 145.\r\n\r\n????? ??????? ???-?? ????????? ?????????? ?? ???????? ????????\r\n????? ?????????? ??????? ????????? ????????, ???? ??????? ???????? ?????? ?????, ? ??? ????? ????? ??? ?? ?????????? ??? ????? 10 ??????? ???????? ????????????...\r\n\r\n(9)\r\n? ?????????? ?????? ???????????? \"xmlparser.php\", ??????? ?????? ?? ???????????? ?????.\r\n<<\r\n\\ittour2\\modules\\ittour\\generic\\custom_import.php\r\n\\ittour2\\modules\\ittour\\generic\\custom_validator.php\r\n\\ittour2\\modules\\ittour\\generic\\custom_validator_extended.php\r\n\r\nrequire_once(GENERIC_PATH.\'formats/xmlparser.php\');\r\n>>\r\n\r\n(10)\r\n??????????????? \"file_size\" (?? ? \"file_exists\" ? ???????? ????)\r\n(??? ??????????? ??????????? ???? ????????) -\r\n?????? ?????? ? ???? ?? ????? ????????????? ????????????? ???? ??? -\r\n?? 40 ????????? ??????? ???????? ?????? ???????,\r\n??? ?? ??????? ? ??????? ????????? ????? ????? ?????? ???????????.\r\n\r\n(11)\r\n??????? ?????? ?? ??????? ?????? ???????? ???????.\r\n\"\\modules\\ittour\\generic\\custom_import.php&line=947\"\r\n<<\r\n...\r\n922     while ($row = SPFactory::dbs(\'itt_queue\')\r\n923                     ->row(\"SELECT que.*\r\n924                              FROM itt_queue que USE INDEX (idx_queue_complex1)\r\n...\r\n>>\r\n\r\n(12)\r\n????? ?? ????????? ?????? ???????? ?????? ????? ??????, ???? ?? ?????? \"LIMIT 1\"?\r\nSPFactory::dbs(\'itt_queue\')->row(\"SELECT que.* ...\"\r\n\r\n????????? ???????? ?????? ??????? ?? \"itt_queue\" - ????? ???????? ??? ????????? ? \"limit 1\" ? ??? - ????????, ??? ?? ???????? ????????? ??????? ?? \"itt6\" ???????? 60???. ??????? ???????? ?? 13 ???, ? ? ??????? ?? ???????.\r\n\r\n? ???????, ??? \"LIMIT 1\" ???? ???? ??????, ????? ????????? ??????? ???????, ????? ?? ????????? ???? ???????? ? ?? ????????? ?????? ?????????? ?????????? ?? ??????????????? ???????.\r\n\r\n<<\r\n??????????? MySQL ???????? ? PHP\r\nhttp://www.ljpoisk.ru/archive/1011018.html\r\n\r\nPHP: mysql_unbuffered_query - Manual\r\nhttp://www.php.net/manual/en/function.mysql-unbuffered-query.php\r\n\r\nmysql_unbuffered_query() sends the SQL query query to MySQL\r\nwithout automatically fetching and buffering the result rows as mysql_query() does.\r\n\r\nThis saves a considerable amount of memory with SQL queries\r\nthat produce large result sets,\r\nand you can start working on the result set immediately\r\nafter the first row has been retrieved\r\nas you don\'t have to wait until the complete SQL query has been performed.\r\nTo use mysql_unbuffered_query() while multiple database connections are open,\r\nyou must specify the optional parameter link_identifier\r\nto identify which connection you want to use.\r\n\r\nThe benefits of mysql_unbuffered_query() come at a cost:\r\nyou cannot use mysql_num_rows() and mysql_data_seek()\r\non a result set returned from mysql_unbuffered_query(),\r\nuntil all rows are fetched.\r\nYou also have to fetch all result rows from an unbuffered SQL query\r\nbefore you can send a new SQL query to MySQL,\r\nusing the same link_identifier.\r\n>>\r\n\r\n(13)\r\n???????????? PHP ???????????? ??????????? ??????? ?? \"mysqli extension\" ?????? ??????????? \"mysql\".\r\nhttp://www.php.net/manual/en/mysqli.overview.php\r\n- Object-oriented interface\r\n- Support for Prepared Statements\r\n- Support for Transactions\r\n- Enhanced debugging capabilities\r\n\r\n????????, ??? \"Prepared Statements\" ????? ?? ??? ??????.\r\n\r\n(14)\r\n? ????????? ?????, ??? ????? ??? ? MySQL ???????????? ??? ?????? ????????? ?????? ? ???????. ????? ????????, ?? ???????????? ?? ?? ? ???? ?? ??, ??? ?? ?? ????????????...\r\n\r\n(15)\r\n?? ??????? ?????? ????????? ? ???????? - ??? ? \"itt_queue\" ????? ?????, ?? ??????? ?? ??? ????? ?? ????.\r\n\r\n(16)\r\n????? ???????????? \"utils.php -> function safe(...)\", ??, ????????, ? \"data_manager.php -> function table(...)\" ??? ???? ????? ???? ?? ????????.\r\n\r\n? ???, ??? ??????? \"jobs\\import_piligrim.php\" ???? \"safe\" ??????????? ????? ????? ?? ??????? ????????? - \" data_manager->table\" ?????????? ????? ? ???????? 1 ??????? ??????? ?????? ?? \"safe\".\r\n\"\\cms\\generic.2\\utils\\utils.php&line=47\"\r\n<<\r\nfunction safe($array, $name, $default = null) { \r\nreturn\r\n(\r\n   is_array($array)\r\n&& strlen($name)\r\n&& array_key_exists($name, $array)\r\n&& (\r\n      $array[$name]\r\n   || (\r\n          is_scalar($array[$name])\r\n      and strlen   ($array[$name])\r\n      )\r\n   )\r\n)\r\n? $array[$name]\r\n: $default;\r\n}\r\n>>\r\n\r\n(17)\r\n????? ????? ??? ?????? ? \"sql_placeholder_ex\" ? \"sql_compile_placeholder\".\r\n\"\\cms\\generic.2\\utils\\utils.php&line=1203\"\r\n\"\\cms\\generic.2\\utils\\utils.php&line=1159\"\r\n\r\n(18)\r\n??? ???? ????? ????? - \"db->support\" - 7 ????? ??????? ?????? 4 ??????? - ? ?.?. ??-?? \"safe\".\r\n\"cms\\generic.2\\db\\db.php&line=524\"\r\n\r\n????? ????????? \"db->support\" ???????? ? ????????? ???????? ??? ????? ? ????? ???????? ??????, ? ?? ?? ?????????. ??? ?????? ??????????? ??????????? ????????????? ? ?????? ?????????? ? ?????? ?? ??????????? ??? (?????? ????? ?????????? ? ??????).','2013-03-04 21:23:11',0),(57,95,'Issue',1,'?????? Wing ?????(?):\r\n> ???? ????????, ??? ?????? ???????? ?????? ??????\r\n\r\n??? ?? ???? ?? ??????, ??? ?????????????? ? ???????? (marva.com.ua)\r\n???????? ?????? ? ???????, ???? ?????????? ?????? ?? ??????? ???? ????? ???????, ?? ????? ?? ??? ? ??? ?????????.\r\n\r\nhtml ??? ?????????? ? ???????? (?????????? ???? ??? ???, ??? ??????? ?????? ??????????? ?????? ?????? ?????????.)\r\n\r\n@<script type=\'text/javascript\'>//<![CDATA[\r\nif(typeof(marva)==\'undefined\'||marva==null){marva={};}if(!marva.load_async){marva.load_async=function(src,callback){if(callback==\'undefined\'||callback==null){callback=function(){};}var sc=document.createElement(\"script\");sc.charset=\"windows-1251\";sc.type=\"text/javascript\";sc.setAttribute(\"async\",\"true\");sc.src=(document.location.protocol==\'https:\'?\"https:\":\"http:\")+\"//\"+src;if(sc.readyState){sc.onreadystatechange=function(){if(sc.readyState==\"loaded\"||sc.readyState==\"complete\"){sc.onreadystatechange=null;callback();}}}else{sc.onload=function(){callback();};}window.onload=new function(){document.documentElement.firstChild.appendChild(sc);};}}\r\nmarva.load_async(\"account.marva.ru/js/marva_img.asp?l=zavtrtur\",function(){if(typeof reloadImg==\'function\'){reloadImg(document.getElementById(\"marvaButton\"));}});\r\n//]]>\r\n</script>\r\n<a href=\"javascript:void(0);\" onclick=\"var newWin = window.open(\'http://account.marva.ru/request.php?l=zavtrtur&x=1004000&deptid=65942&page=\'+ escape(location.toString()) +\'&unique=\'+ new Date().getTime() +\'&refer=\'+ escape(document.referrer), \'marva_marva\', \'menubar=no,resizable=0,directories=no,location=no,toolbar=no,status=no,scrollbars=0,screenX=50,screenY=100,width=450,height=360\'); if (newWin) newWin.focus();\"><img style=\"border:0\" id=\"marvaButton\" src=\"http://account.marva.ru/image.asp?l=zavtrtur&x=1004000&deptid=65942\" alt=\"????? ????????????\"/></a>\r\n@\r\n\r\n??? ?????????, ???? ????? ?????????????, skype: alex88641 ?????????\r\n\r\n???? ?? ?????\r\nzavtrtur\r\npasszavtrtur','2013-03-05 13:14:42',0),(58,95,'Issue',1,'??????, ???????? ?? ???? ?????????? ?????? ????? ? ?? ?????? ??????????.','2013-03-05 20:19:02',0),(59,95,'Issue',1,'','2013-03-05 20:49:33',0),(60,97,'Issue',1,'','2013-03-05 20:50:59',0),(61,94,'Issue',1,'','2013-03-05 20:51:28',0),(62,92,'Issue',1,'','2013-03-05 23:51:53',0),(63,7,'Issue',1,'','2013-03-05 23:52:35',0),(64,84,'Issue',1,'','2013-03-06 00:20:25',0),(65,78,'Issue',1,'','2013-03-06 00:21:12',0),(66,87,'Issue',1,'','2013-03-06 00:22:19',0),(67,80,'Issue',1,'','2013-03-06 00:22:56',0),(68,96,'Issue',1,'?????? - ??? ???????? ?? ???? ? ????????? ???????????\r\n????? ????? ????? ??????????','2013-03-06 00:52:45',0),(69,93,'Issue',1,'','2013-03-06 00:53:22',0),(70,86,'Issue',1,'??? ???????? ??????','2013-03-06 00:54:07',0),(71,79,'Issue',1,'???????, ?????????? ???. ?????????? ?? ??? ???? ?? ????? ????????\r\n???? ?????????? ?? ?????????? ???, ??? ???????? ???????','2013-03-06 00:57:57',0),(72,83,'Issue',1,'','2013-03-06 00:58:32',0),(73,81,'Issue',1,'','2013-03-06 00:59:17',0),(74,77,'Issue',1,'','2013-03-06 00:59:53',0),(75,97,'Issue',1,'','2013-03-06 01:00:40',0),(76,95,'Issue',1,'','2013-03-06 01:01:00',0),(77,94,'Issue',1,'','2013-03-06 01:01:53',0),(78,80,'Issue',1,'?????? ???????? ???????? \"???????????? ?????? ?????????? ??????.\"\r\n','2013-03-06 01:19:53',0),(79,75,'Issue',1,'','2013-03-06 01:21:12',0),(80,77,'Issue',1,'??????? ?????????? ?????????? ??? ????????????, ? ? ??? ????? ??? ????, ???????? ??????? \"???\" ? \"??\", ????? ?? ?? ???????? ? ??????? ? ????????????.','2013-03-06 01:25:32',0),(81,92,'Issue',17,'???? ??????? ? ???????? Coral. ? ?????? ???????, ??? ?????????? ??????? ???????? ?? sql, ??????? ???? ?? ????????? ??????? ????????? ??????????? ??????? ? ???????????? ???????.\r\n\r\n????? ????????? ???????? ?? mysql, ???? ??? ?????????? ?????? ???????????? bulk insert ???????, ?.? ????????? ????? ?? ????????? ????? (???? ??? ???? ???????? ????????? id ??????????? ????? ???????, ??? ????? ?????? ?????? ????).\r\n????? ?? ????????? id ??????????? ????? ????? ????? ???????? ????????? ?????? ????????? ?????? ? ????? (transport, hotel, insurance, visa ? transfer) ?????? ???????? ?? ?????? ??????:\r\n<pre>\r\nforeach($transports_ready as $transport) {              \r\n    $transport[\'data\'][\'tour_id\']   = $tour_id;                \r\n    SPFactory::dbs(\'itt_tour\')->insert( \'itt_tour_transport\', $transport[\'data\']);                \r\n}\r\n</pre>\r\n\r\n? custom_import_tours ????? ????? ?????????????? ??? ???? ?? ?????????? ????? $service_hash ? $old_service_hash, ???? ??????? ? ????????? ???? ????? ???????.\r\n$service_hash     = md5(ltrim($hotel_code.$transport_code.$service_code.$this->additional_tour_hash, \'|\'));\r\n$old_service_hash = md5(ltrim($hotel_code.$transport_code.$service_code.$this->additional_tour_hash, \'|\'));\r\n????? $old_service_hash_transport_revert, $service_hash_transport_revert ? $old2_service_hash_transport_revert ???????????? ?????? ??? ?????? ?????? ????????, ?????????????? ? ???? ????? ???????????? ?????? ? ?????? ?????? ? ???????.\r\n\r\n?????????? ????? ?????? ????? ?????????? ?? ????????? ?????????? adult_amount, child_amount ? service_hash http://clip2net.com/s/4Hfgfk . ????? ??? ??????? ?? ????????? ?? ???????????? ???? ? ????????? ? ?????? ????????????? ????????? ?? ??????? ???????????? ????. ? ??? ????? ??????? ???? ????? ????????? ???? ??????? ?????? ?? ????? ?? ?????? ? ??????? ??.\r\n\r\n> 5. \"??????? XML-????? ???? ???????????? ????????? ???????? (XMLReader ?? ????? IBM ?????????? ?????? ???????).\"\r\n> 6. \"?????????? ??? ????????? ??????????? ? ????????? ?????????? ? ????? ???????????? ?? ????????? ????.\"\r\n??? ??????? xml ? import_coral ?????? ??? ???????????? ?????????? SAX (???????? ?? XMLReader ?? ???? ??????, ?.?. ???????? ? ?????????????????? ?? ????? ?? ?????????, ? ??? ??? SAX ??? ??????? ? ????????).\r\n????? ??? ?????????? ?????????? ????????? CUrl ?? ?????????? ???????? ????? ? ????, ???? ??? ????? ??? ?????? shell ??????? ??????????? ??? ? ?? ???????? ????? ????????? ?????????? ?????? ??? ????????.\r\n\r\n? ???, ????? ?????? ??? ??????????? ?????????????? (? ?????? import_coral::get_classifiers())? (AccList, CountryList, HotelCategoryList, MealList, RoomList, SeatClassList ? ??????). ????????? ? ??????? ?????????? ?? ??? ?? ?????? ????? ??????????, ???????? ?? ????? ????????? ???????? ? ????????? ?? ??????????????\r\n\r\n??? ? ????? Andrey, ????? ??????? ????? ????????? ??????? ??????????? ??????? ??????? ?????? ??? ??????? (??? ?? sleep($this->sleep*$tries);)\r\n> \"? \"itt_queue\" ???? ???? \"try_parse_count\" - ??????????? ???????? ??????? 71, 104, 145.\"\r\n? ??????????? ??? ???????????? ???????? (limit, ??????? ?? ???? ?????).\r\n??????????? ????? ?????????????? ???? ??????? ???? ??????:\r\n> \"????? ???? ?? ??????? MySQL, ??? ???? ????????????? ??????????? \"??????\" ?????/?????????????????? ????? ?????????? ???????? ?????? ? ????????\"\r\n???? ? ????? ??????? ????? ??????????????? ???? ?????? ????? ??????????? ????????? ? ????? ?????? (? svn ? ???????? ???????? ??? ?????? ??????????? sql ??????? ? ????????)','2013-03-06 12:34:07',0),(82,7,'Issue',17,'Andrey, ???????? ? ????, ???? ????????? ?????? ????? ???? ?? ?????? ????????? ? ????? ?????? ?????_?????????/??????????_??????????????????.\r\n???? ???????????? ?????? ????? Coral, ??????? ???? ??????????? ?? ??????????? ??????? ? ??????????????? ?????? #92','2013-03-06 12:34:58',0),(83,80,'Issue',22,'??? ???? ??????? ?????\r\n\r\n> ?????? ????? ? ??????? ????? ???????? ? ??????? ??????? $this->exec(\'get_showcase_filter\', $param, true);\r\n> ??? ?????? $param ???????? ??? ??????? ? ??? ????????????? ???????? $param = array(\'result\' => \"country\", \'showcase\' => 48);\r\n\r\n????????? ???? ??????\r\n<pre>\r\n    $tour_module[\'client\']->exec(\'get_showcase_filter\', array(\r\n      \'result\' => \'country\',\r\n      \'showcase\' => 44,\r\n    ), false);\r\n</pre>\r\n\r\n????? ??????????? ?????? false, ? ??????\r\n<pre>\r\narray (size=1)\r\n  \'country\' => \r\n    array (size=2)\r\n      0 => \r\n        array (size=3)\r\n          \'id\' => int 0\r\n          \'name\' => string \'??? ??????\' (length=19)\r\n          \'flag_small\' => string \'\' (length=0)\r\n      1 => \r\n        array (size=3)\r\n          \'id\' => string \'318\' (length=3)\r\n          \'name\' => string \'??????\' (length=12)\r\n          \'flag_small\' => string \'tur.gif\' (length=7)\r\n</pre>\r\n\r\n??? ?????? ???????? ?? ??, ??? ? ??? ?????? ??????????? ???','2013-03-06 12:39:34',0),(84,79,'Issue',20,'???????? ??????. ? ???? ??? ?????. ?? ?????? ??????? ?? ????????','2013-03-06 13:44:16',0),(85,77,'Issue',20,'??? - ????????? ?????. ????? ??? ? ??????? ???????? ????????.\r\n\r\n?? - ????? ?????. ?????? ? ??????? ???????? ??????? ? ?????? ??????????? ????????','2013-03-06 13:46:28',0),(86,91,'Issue',1,'?????? ??????','2013-03-06 13:49:33',0),(87,79,'Issue',20,'','2013-03-06 13:55:32',0),(88,77,'Issue',20,'','2013-03-06 13:55:48',0),(89,84,'Issue',21,'?????? ????????? ? ??????????. ?????????????? ????? ???? ? ?????? ????. ??????. ??? ?????? ????? ?????? ????????? ????? ?? ??????????? ??? id ??? ????????? ????????.','2013-03-06 14:06:08',0),(90,92,'Issue',17,'? ????? custom_import_tours::save_offer() ?? ????? ??? (50-100) ???????? ???? ? ?????????? ????????? ?????????? $old_service_hash, ?????????????? ?? ???? ????????? ? ?? ?????????? ???? ($tour_id). ??????? ? ????? ??????????, ??????? ????? ??????? ????????? ???????????? $old_service_hash => $tour_id, ??? ???????? ????????? ??????? ?? ????? ???????? ???? ? ??.','2013-03-06 18:21:44',0),(91,97,'Issue',1,'? ?????? ?????? ?? ?????????, ?????????? ? ?????? ?? ?????.','2013-03-06 18:40:25',0),(92,80,'Issue',21,'???????? ? ??? ??? ?????? ?????????? \"false\" ?\r\n????? ???????? ????????? get_showcase_filter ?????????? ?????? \'country\' ??????? ???????? ????????? ??????, ????????? ??????????? ????? ???????? ???????? ??????, ??????? ? ?????? ??????, ??? ????? ?????? \'result\' => \'country\', ????? ??????? ?????? \'result\' => array(\'country\',\'rating\',\'city\')\r\n???? ?????????? ????? ?????????? ????????? \"false\" ? ?????? ????? ??? ????????? ?????/??????????/???????, ?? ?? ??????? ??????????????? ????????.','2013-03-06 18:46:44',0),(93,78,'Issue',21,'???????? ???????? ? ?????? http://195.16.88.5:3000/issues/80','2013-03-06 18:47:19',0),(94,81,'Issue',21,'???????? ????????.','2013-03-06 18:49:50',0),(95,80,'Issue',22,'> ???????? ? ??? ??? ?????? ?????????? \"false\" ?\r\n\r\n???, ???????? ? ??? ??? ?????? ????????? ????? ?? ????????????\r\n?? ????????? ??????????? false, ?????? ?????? ???? ??????\r\n\r\n<pre>\r\narray (size=1)\r\n  \'country\' => \r\n    array (size=2)\r\n      0 => \r\n        array (size=3)\r\n          \'id\' => int 0\r\n          \'name\' => string \'??? ??????\' (length=19)\r\n          \'flag_small\' => string \'\' (length=0)\r\n      1 => \r\n        array (size=3)\r\n          \'id\' => string \'318\' (length=3)\r\n          \'name\' => string \'??????\' (length=12)\r\n          \'flag_small\' => string \'tur.gif\' (length=7)\r\n</pre>\r\n\r\n????????? ?????? ???? ????????? ?????, ? ???????????? ?????? 1 ?????? - ??????','2013-03-06 19:10:53',0),(96,7,'Issue',1,'????????? ? ?????????????: ??? ??????? ??????? ??????? ????? ??????, ? ?????? ? ????????? ??? ???????????, ? ????????? ?????????????????? ?? ??????. 1 ??????=1??????. ????? ????? ??????????.','2013-03-06 19:59:57',0),(97,7,'Issue',1,'','2013-03-06 20:00:30',0),(98,92,'Issue',17,'??????? ?????????? ????? ? id ?????????? ???? ? ?????? modules/ittour/generic/custom_import_tours.php ??? ???????????? ?????????? id ?????????????? ????.\r\n?????????? ?????? ?????? xml ??????? ? ?????????? ???? ?? 1000 ????????????? ??????? (?????? ??????? ?? ? ????? ?????? ??????? xml_parse($this->parser, $content)). ?? ????????? ??????? ????? ?????????? ???????? 77 ??????, ????? ????????? 69, ?.?. ????????? ?????? xml ??????? ~ 10%. ??????? ????? ?????????? ?????? custom_import_tours::save_offer() ??? ??????? ??? ????????????? ? ?? ???? ?????????? ? 0.059? ?? 0.035?. \r\n????????????? ???????????? ????? ??????? ?????, ??????? ?????????????????? ?????????? ? ? ???????? ?????? ?????????????.','2013-03-07 15:11:56',0),(99,92,'Issue',17,'Ivan Koshelev ?????(?):\r\n> ? ???, ????? ?????? ??? ??????????? ?????????????? (? ?????? import_coral::get_classifiers())? (AccList, CountryList, HotelCategoryList, MealList, RoomList, SeatClassList ? ??????). ????????? ? ??????? ?????????? ?? ??? ?? ?????? ????? ??????????, ???????? ?? ????? ????????? ???????? ? ????????? ?? ??????????????\r\n\r\n','2013-03-07 16:21:13',0),(100,92,'Issue',20,'>? ????? custom_import_tours::save_offer() ?? ????? ??? (50-100) ???????? ???? ? ?????????? ????????? ?????????? $old_service_hash, ?????????????? ?? ???? ????????? ? ?? ?????????? ???? ($tour_id). ??????? ? ????? ??????????, ??????? ????? ??????? ????????? ???????????? $old_service_hash => $tour_id, ??? ???????? ????????? ??????? ?? ????? ???????? ???? ? ??.\r\n\r\n- ?????? ? ???? ?????????? (memcache), ?? ????? ????????? ??????? ??????????\r\n- ?????? ??????? $old_service_hash => $tour_id ??????, ????????? ???? ??????????? ??? ?? ???-?? ????????, ????? ? ?.?. ?????? ? ?????\r\n- $old_service_hash ?????? ????????? ?? ?????????, ????????? ????? ?? ?????? ?????????? ??????? ?? ?????? ????????, ?????. ??? ????? ???? ????? ??????? ????? ?????????? ????????\r\n\r\n>? ???, ????? ?????? ??? ??????????? ?????????????? (? ?????? import_coral::get_classifiers())? (AccList, CountryList, HotelCategoryList, MealList, RoomList, SeatClassList ? ??????). ????????? ? ??????? ?????????? ?? ??? ?? ?????? ????? ??????????, ???????? ?? ????? ????????? ???????? ? ????????? ?? ??????????????\r\n\r\n- ??????????? ?? \"?????? ???\", ? ??? ?? ????? ??? ?????????????? ? ????????? (??????? ? ???????)\r\n- ??? ??????????? ??????????? ?????????? ????? ????????? \"?????????????\" ?????????? ???????????? (???????????????)\r\n','2013-03-07 16:56:10',0),(101,84,'Issue',21,'????????? ????? ??????? ???????????. ???????? ???? ? ????????? ?????? ????? ??????????? id 90 ? ???????? ???? ???????.\r\n??????? ??? ?????? ??????? ?? ????????????? ?.?. ???-?? ????? ? ??? ????? ?????????? (5-20)','2013-03-07 17:59:02',0),(102,92,'Issue',17,'??? ??????? ?????????????????? ?????????? ????????? ????? ?????????? ??????? ??????? coral ?????. ? ????? ? ???, ??? ?????? ??? ????? ??????????? ??????????? ????? xml ?????????? ? ??? ???? ???????????/??????????? ?????? ????? ????? (???????? ?????????? ???????? ?? 7 000 000) - ???????? ?????? ??????, ??? ???????? ????? ???????????? ??? ???????????. ???????? ?? ?????? ????? ????? ?????????? ???????, ??????? xml ????????? ???? ????????? (? ?????? ????? ????? ??????? ????????, ??? ????, ????? ?? ??????? ?????????? ??????? ????????? ????? ?????????? ??????? sleep), ??????? ???? ?????????/????????? ????? ?????, ??????? ??????? ???? ?? ???????? ???????????????.','2013-03-12 09:40:15',0),(103,92,'Issue',20,'1. \"????????? ???????????\". ?? ?? ???????? ?????????????? ??????. ? ??? ??????? ?????? ??? ?????? ???????\\??. ??????? ?? ???? ???????? ?? ??????. \r\n\r\n?? ?????? ???????????????, ?? ?????????? ?? ?????????? ????????? ??? ?? ??????????.\r\n\r\n2. ?????? ?????? ? ??????? ??????????. ?? ????? ???????, ????? ? ??? ??? ???????? ??? \\ ?????? ? ??????????? ?????????????? ??? ????? ?????????','2013-03-12 10:50:24',0),(104,92,'Issue',17,'??????? ???????? ?????(?):\r\n> 2. ?????? ?????? ? ??????? ??????????. ?? ????? ???????, ????? ? ??? ??? ???????? ??? \\ ?????? ? ??????????? ?????????????? ??? ????? ?????????\r\n\r\n??? ????? ??? - Special Offer? ??? ???????????? ??? ??????? ? ???? ???? ??????. ?????? ?????? ? ????? ? ???, ??? ??? ?????????? ??????? ?????? ??? ?????????????? ?????? ????? xml ?????????? ? ???????????/??????????? ?????. ????? ??????????????? ?? ?????????? ????? ?? ?????????? ????????? ????? (???????? ??-?? ?? ???????????? ??), ? ????????? ?????? ????? ???????????? ??????? ?? ??????? ?????????? ???????, ???? ????? save_offer() ?????????????? ???? ?? ????????? ??????????. ? ??????, ???? ????????????? ?? ????? ?????, ????? ? ?????? ??????? ??????? ???????? ???????????? ????????? ???????? ? ??????????? xml ??????????.','2013-03-12 11:15:11',0),(105,92,'Issue',20,'??? (???? ??????????? ?????????) - ???? ? ??????. ? ????? ??????, ???????? ? ?????? ????? ??? ??????????? ??? ????????? ? ???? ????.\r\n\r\n?????? ??????? ???????? ????? ? ???????? ???????????? ????, ??? ???? ?? ???????? ?????? ? ???????. ??? ???????? ?????? ??????????? HASH. \r\n\r\n? ???????, ???? ???? ??? ??? ??????????? ?????????? ????, ?? ?????? ????? ???????? ????? (?.?. insert), ? ?????? ???????, ?.?. ???? ??? ?????????? (?????? ????????? select ?? hash).\r\n\r\n?.?.\r\n\r\n- \"?????? ??? ?????? ????? xml ??????????\". ?????? ??????? ???????????, ?.?. ?? ???? ??? ?????? ?????????? ????????????, ?? ????? ???????? ?? ?????? ?????: ?????????? ???, ??????? ??????? ?????, ??????? ??? ?? ??? ????????? ? ?.?.\r\n\r\n- \"????? ??????????????? ?? ?????????? ????? ?? ?????????\". ????? ????, ??? ????? ???????? ?? ??????? ??? (??????? ? ??? ?????) ? ?? ???? ??? ?? ????????? ??? \"???????????????\" - ??????? ? ?? \\ ??????????? ?????\r\n\r\n??? ?????????? - ?? ??? \"????????\" ???, ???????? ??? ????????? ???????? ???????????? ? ???????? ????????? ???: ??????? ?????????? ?????, ????????? ?????? ???????, ?????????? ?????, ?????????? ???????????? ? ?.?.\r\n\r\n?.?. ???????? ????????, ??? ??? \"?????????????????\", ?? ?? ???? ??? ?? ???????? ??? ???????? - ??? ?????? ????? ??????????? ??? ?????????, ?????, ???? ???? ????????? ?? ??????-?? ???????.\r\n\r\n???????? ?????? ?????, ??? ?? ????????? ????? ???? ????? ????? ?????????? ????? (?.?. ???????), ? ?? ????? ??????????  ??????? ???? ? ???????? ???????\r\n\r\n- ? ???????? ????????????? ????? ????? ?????. \"?????????\" ??? ?????? ?????? ? ????????? ?????????? (??????), ????? ? ??? ?? ?????????','2013-03-12 11:39:00',0),(106,92,'Issue',17,'?????????? ????? ??????????? ??? ??? ???????????? ? ?? ??? ????????? ??????? ??????????????????. ???? ?????? ?????????? ?????? ?? ???????????:\r\n\r\n1. ????????? ?? ?????? ??? ?? ??????????? (????? custom_import_tours::save_offer()), ? ????????? ????? ? ????? ??????????. ?.?. ???????? ??????, ? ??????? ????????????????? ?????? ?? ????? (offer,hotels,transports,services ? prices), ??? ?????????? ????????????? ?????????? ??????? ???????? ????? parse, ? ??????? ? ?????? ????? ?????????? ? ????? ????? ?????????/????????? ??? ???????????? ??????.\r\n @+@ ?? ?????? InnoDb ????????????? ??????? ? ????? ?????????? ???????? ????? ?????? mysql\r\n @-@ ???????? ?????? ?? 10-100 ????? ? ?????? ?? ???????, ?? ??? ?? ??????? ?????? ??????\r\n\r\n2. ??? ???????? ??????????????? ????? ????????? ??? ????? ?????? ????? ????????.\r\n??? ????? ?? ?????????????? ????? ??? ???????????? ?????? ????? ???????? (operator_id ? entity_name - ??? ?????????????? ??????????, ?????? ?? id IN (), ???????? ? ????? name ? select ??????? ?? ???????????). ????? ????????? ?????????? ??????? ? ??????? ??????????? ??????????????? - ??? ?? ???????????? ?????? ???????? ????? sql ????????.\r\n @+@ ???? ??????? ? ??? ??????? ??? ??????? ?????????????? (? ??????? ?????? ?????????????? ? ??????? itt_known_name)\r\n @-@ ?????????? ??????? ? ?????? ?????????????? ?????? ???????? ?????????????? ?? ????? ?????????? ??????? import_coral::handle_classifier()\r\n','2013-03-12 12:15:40',0),(107,92,'Issue',1,'??? ??????? ?????????? ??????, ??? ?????? ?????? ?, ??? ???????? ????????, ?????????? ??????.\r\n?? ?????? ?????????????, ?????? ???? ??????, ????????? ??????? ???????.\r\n','2013-03-12 22:38:36',0),(108,83,'Issue',21,'???????? ???? ? ????????? ?????? (???? ?????? ???????? ???????, ?? ????????? ????? ???????? ???????? ?? ?????? ??????)','2013-03-13 14:38:06',0),(109,83,'Issue',20,'','2013-03-13 14:40:30',0),(110,84,'Issue',22,'???????? ??????????, ????????? ?? ? ??? ?????.\r\n? ??????? ?????? ????? ???????????? ?????? 1 ??????, ??? ???????? ????? ???? ??????????, ????? id ??????.\r\n\r\n<pre>\r\n$params[\'showcase_type\'] = 90;\r\n$this->exec(\'package_tour_search\', $params, false);\r\n</pre>\r\n\r\n? ??????? ?????? ???? ???????? ? ?????????? ???????? ?????? ?????, ?????? ??? ?? ?????? ???????? ????????? ?????????? ?????.','2013-03-13 15:41:52',0),(111,84,'Issue',21,'??, ???? ???????? ???????, ??? ?????????????, ?????.','2013-03-13 15:48:09',0),(112,84,'Issue',22,'???????? ??????????, ? ??? ?? ???????? ??????????? ?????????? 6 ?????, ? ???? ?? ????? ???? ?? 20, ?? ??????? ??? ?? ????? ??????','2013-03-13 16:53:25',0),(113,84,'Issue',22,'','2013-03-13 16:53:42',0),(114,84,'Issue',20,'????? ??? ? ???????? ? 20-? ?????? ??????? ?????? ?? ????????? ??????? ?? 5-?? ??????\r\n\r\n?????????? ???, ?????????? ? ??????????????? ??????? ????????.','2013-03-13 17:15:28',0),(115,92,'Issue',17,'??????? ?????????? ????? ????? ? ????? ?????????? (????? ?? ????????? ???????? 1000 ??????? ?????, ?????????? @import_coral::transaction_offers_count@). ????? ??????? ???????? ?? ????????????? ????????? ??????? (???? ??? ?????????? ??????? ? ??????? php ?????????????? ?? ???? ??????).\r\n\r\n?????????? ?????? 1000 ????? ?? ????? ? ??? ?? spo (????? ???????? ???????????? ???? ???? ????? ?? ????????? ?????? ??? ????? spo).\r\n??? ???????????? ? ?????? @custom_import::go()@ ?????? ????? ??????? ?????? ???? ??? ????? @parse_queue()@, ? ??????? ???? ??????? ?? ?????????? spo @$content=file_get_contents(\'140_33_02_2013_6.xml\');@. ????? ? ?????? import_coral ??????? ??????? ???????????? ????? ? ???????? ?????? ????? ????????? 1000 ??????? (? ?????? @start_element()@ ????? ?????? @$this->save_offer();@ ??????? ????????).\r\n\r\n??? ???????????? ?? 4 ??????? (?? ????????????????) ????? ?????? SAX ??????? ?? 1000 ???????: ~500 ?????? (????? ??????? ????? @xml_parse($this->parser, $content)@ ? ??? ?????????? ??????? ????? ??????? 1000 ???????), ??? ???????????? ?? 7 ??????? ????? ??????????: ~15 ??????.\r\n\r\n???????? ????? ??????? ?????????????????? ?????? ?? ????????????? ?????? ? spo ? ??????????????? (? ???????? ???????? ????? ?? ???? ???????? ?? ????????????? ???????? ???????? ???????????????). ???? ???? ??????????? - ????? ?????????????? ?? ?????? ???????, ????????? ??????????? ??? ?????:\r\n<pre>\r\nwww/modules/ittour/generic/import_coral.php\r\nwww/modules/ittour/generic/custom_import_tours.php\r\n</pre>','2013-03-13 19:15:58',0),(116,83,'Issue',22,'???????? ???????','2013-03-13 19:23:07',0),(117,80,'Issue',22,'??????\r\n<pre>\r\n$tour_module[\'client\']->exec(\'get_showcase_filter\', array(\r\n      \'result\' => \'country\',\r\n      \'showcase\' => 44,\r\n    ), false);\r\n</pre>\r\n\r\n????? ?????????? false','2013-03-13 19:26:00',0),(118,84,'Issue',22,'','2013-03-13 19:39:25',0),(119,80,'Issue',21,'?????? ?????????. ????????? ??????.','2013-03-14 11:08:10',0),(120,80,'Issue',22,'<pre>\r\n$tour_module[\'client\']->exec(\'get_showcase_filter\', array(\r\n      \'result\' => array(\'country\', \'rating\', \'city\'),\r\n      \'showcase\' => 44,\r\n), false);\r\n</pre>\r\n\r\n?????????\r\n\r\n<pre>\r\narray (size=3)\r\n  \'country\' => \r\n    array (size=2)\r\n      0 => \r\n        array (size=3)\r\n          \'id\' => int 0\r\n          \'name\' => string \'??? ??????\' (length=19)\r\n          \'flag_small\' => string \'\' (length=0)\r\n      1 => \r\n        array (size=3)\r\n          \'id\' => string \'318\' (length=3)\r\n          \'name\' => string \'??????\' (length=12)\r\n          \'flag_small\' => string \'tur.gif\' (length=7)\r\n  \'rating\' => \r\n    array (size=0)\r\n      empty\r\n  \'city\' => \r\n    array (size=0)\r\n      empty\r\n</pre>','2013-03-14 12:39:59',0),(121,92,'Issue',1,'???? ????????? ????? ??? ??????? ????????????.','2013-03-14 12:58:00',0),(122,92,'Issue',1,'','2013-03-14 12:59:02',0),(123,92,'Issue',17,'????????? ??????????? ??? ?????:\r\n <pre>www/modules/ittour/generic/import_coral.php\r\n www/modules/ittour/generic/custom_import_tours.php\r\n </pre>\r\n\r\n????????? ????? ? ??????????? ? ??????','2013-03-14 13:14:22',0),(124,92,'Issue',1,'????? ????????????? ? ??????, ??????????? ?????????:\r\n???????? ? ??? ??? custom_improt_tours.php ???????????? ??? ???? ???????? ? ???? ??? ???-?? ?? ??? ? ??? ????? ?????????? ??????? ????????\r\n???? ?????? ? ??????? ?????? ????????????? ???? ??-?? ????? ?? ??????? ???????? ?? 4-? ????? ? ?????? ?????????? ???????\r\n???? ????????? ????? ? ???? ????????, ????????? ???? ???? ???????? ??? ? ??????? ??????, ? ?? ?? ?????????? ??????.\r\n\r\n? ????? ????????? ??????????? ???????????? ?????? ??? ?? ?????? ?????? ?????????.','2013-03-14 13:33:06',0),(125,92,'Issue',17,'????? ?????? ?????(?):\r\n> ????? ????????????? ? ??????, ??????????? ?????????:\r\n> ???????? ? ??? ??? custom_improt_tours.php ???????????? ??? ???? ???????? ? ???? ??? ???-?? ?? ??? ? ??? ????? ?????????? ??????? ????????\r\n\r\n??? ?????????????, ???????????? ????????? ???????? ??? ????????? ?????? parse(), ???? ???? ???????? ?? ??????????, ????? ???????? ?? ?????? ?????  http://clip2net.com/s/4KxDoz\r\n\r\n','2013-03-14 13:59:07',0),(126,92,'Issue',1,'? ??????????????, ??????????? ????? ? ????? ????????\r\nPS ??????? ?????? ??????? ?????? ????????? ????????, ???? ????????? ??? ?????.','2013-03-14 14:48:24',0),(127,80,'Issue',21,'???????????????? ??????? ???????? ?????. ?????? ???????????? ?????? ??????.?????????.\r\n???????? ??? ????? ???? ??????? (44) ?? ?????????????, ??????? ???????????? ?????? ??????\r\n??? ?????? ?????? ?????, ?????????? ??????? ???????? \'use_all\'=> true, ????? ?????????? ????? ?????? ???????, ???? ??????? ??????, ??? ??????? ????? ????????? ?????? ???????','2013-03-14 14:58:58',0),(128,92,'Issue',17,'????? ?????? ?????(?):\r\n> ? ??????????????, ??????????? ????? ? ????? ????????\r\n\r\n??? ????? ????? ?????????? ???? ??, ??? ???? ???????????? ??? ??? ?????? ??????? ??????? (??? ????????? ??? ?????????? ??????? ? ??????? ????? ?????? ????? ???????). ??? ????? ???????? ???????? ????? ???????. ? ???? ?? ???????? ? ???? ???????????? ?????? 1 ???? spo, ? ???? ????????? ? ???????? ?????? ? ????????? ???? ?????????? spo - ????? ????????? ??????? ????? ???????? ????? ?????. \r\n??? ?????????? ???????????? ? ????????? ?????? 1 spo, ????? ???????? ?? ???????????? ????? ?? ??????? ? ????? ??????? 1000 ??????? ???????? ??????, ? ????? ?????? ?? ??? ?????????? ?????? ????????? ?????.\r\n?????????? ????????? ? ??????? ????????? ?????????????????? ?? ???? ?????????????? ???????? ???????? ??????????????? ?? ????????????? ???????? (???? ????? ??????? ?? ??????????? ????????? ?????? php notice, ??????? ??????????? ????? error_handler, ???????????? ??? ?????????? ?????? ? ????, ??? ???? ?? ?????? ????????? ??????? ????? 20????). ???????? ? ???????? ?????? ??? ?????????????? ?? ?????, ?? ????? ?????????, ??? ?? ?????????? ????? ???????? ??????????????? ????????????? ????????? ??????? ????? ????????? ??????, ?????????????? ? ??????? ?????????????????? ????? ?? ??? ?????.\r\n\r\n??? ??????? - ????? ???????? ?????? ???? ? ????????? ?????? ? ?????????, ????? ??????? ????? ????? ????????? ?? ?????????? ???????? ??????? ????????? ????? ???? ????????? ? ?? ???????????? ????????? ??????? ? ?? ????? ?????? ?????? ? ??????????????????.\r\n\r\n','2013-03-14 15:19:23',0),(129,80,'Issue',22,'?????? ?????? ?????????? ?????????.\r\n\r\n????????? ????????? ???????:\r\n<pre>\r\n$params = Array\r\n(\r\n    [price_from] => 0\r\n    [hotel_ratings] => Array\r\n        (\r\n            [0] => 7\r\n            [1] => 3\r\n            [2] => 4\r\n            [3] => 78\r\n        )\r\n\r\n    [items_per_page] => 10\r\n    [date_from] => 2013-03-14\r\n    [date_till] => 2013-04-13\r\n    [adult_amount] => 2\r\n    [types] => Array\r\n        (\r\n            [0] => 1\r\n            [1] => 2\r\n        )\r\n\r\n    [page] => 1\r\n    [showcase_type] => 44\r\n    [use_uah_price] => 1\r\n)\r\n$this->exec(\'package_tour_search\', $params, false);\r\n</pre>\r\n\r\n?????????? ??? ? ????????? 10 ?????, ?? ??????? ??????????? ??????.\r\n\r\n???? ?? ??????, ?? ?????????? ???????????:\r\n<pre>\r\nArray\r\n(\r\n    [price_from] => 0\r\n    [countries] => Array\r\n        (\r\n            [0] => 16\r\n        )\r\n\r\n    [hotel_ratings] => Array\r\n        (\r\n            [0] => 2\r\n            [1] => 7\r\n            [2] => 3\r\n            [3] => 4\r\n            [4] => 78\r\n        )\r\n\r\n    [items_per_page] => 10\r\n    [date_from] => 2013-03-14\r\n    [date_till] => 2013-04-13\r\n    [adult_amount] => 2\r\n    [types] => Array\r\n        (\r\n            [0] => 1\r\n            [1] => 2\r\n        )\r\n\r\n    [page] => 1\r\n    [showcase_type] => 44\r\n    [use_uah_price] => 1\r\n)\r\n</pre>\r\n\r\n????????? ??? ???????? ?????? ????? ??????????????? ?? ????????? ??????, ?? ????????? ????? ????? ?? ??? ? ??? ? ?????? ???????.','2013-03-14 16:37:35',0),(130,101,'Issue',25,'?????????','2013-03-14 16:53:44',0),(131,80,'Issue',21,'? ??? ?????? ??????? ?? ????? ????????, ?????? ????? ?????? ? ?????????? ?????? ?? ????? ittour.com.ua ???? ?????????? ??????????? ??????????? ?????? ??????? - ?????????? ?????? ?????? ????? ????-???.','2013-03-14 16:57:47',0),(132,80,'Issue',22,'?????, ???????? ?????????? ?????????? ??????? ??????. ??????? ???????? ??? ?????? ? ???? ????, ?? ? ??????, ??????? ?? ??? ????????????, ?????, ??? ???? ????? ??????????? ?? ??????, ?????? ?????? ? ???????? ?????.','2013-03-14 17:15:40',0),(133,72,'Issue',1,'???? ????? ?? ???????????? ????? ????????? ?????','2013-03-14 21:09:25',0),(134,72,'Issue',1,'','2013-03-14 21:11:38',0),(135,78,'Issue',22,'','2013-03-15 17:05:20',0),(136,80,'Issue',1,'???????, ????????? ??????.','2013-03-16 17:15:05',0),(137,92,'Issue',17,'????????????? ??????? ???????? ???????????????. ????? ???????? ??????? ??????? ?? ?????? custom_import::find_entity_value()\r\n<pre>\r\nSELECT * FROM itt_known_name WHERE entity_name = \'hotel\' AND operator_id = 156 AND code = IFNULL(3, code) AND name = IFNULL(\'ARENA INN HOTEL\', name);\r\n</pre>\r\n?????????, ??? ???????????? ?????? @idx_itt_known_name_unique@ ?? ?????????. ? ?????? ?????? ????? ?????????????? ?????? ?? ???? @`name`@ ???????????? ???????. ????? ???????? ?????????? ?? ??????????? @name = IFNULL($name, name)@, ?.?. ??? ?? ???? ??????????? ???????????? ??????, ? ???????? ?????????? ????????? ? php.\r\n??????? ?????? \r\n<pre>\r\nALTER TABLE `itt_db`.`itt_known_name` ADD INDEX `idx_itt_known_name_name` (`name` ASC) ;\r\n</pre>\r\n? ??????? ?????? ? ?????????? ???? ?????? (?????? ?????? ?????? ?? ??????????, ??????? ?????? ??? ?????? ??? ?????? ? ????? ????????). ????? ?????????? ????? ??????? ??????????? ? 95 ???? ?? 2-3 ????.\r\n?? ??????????? ????? ???????? ??????????????? ??? coral ? ??????? ?????????? ~900 ?????? (??????? ????? ?? ?????????????? hotel: 721? ? RoomList: 110), ????? ??????????? ??????? ????? ???????? ??????????????? ?????????? ~50 ??????.\r\n\r\n??? ?????????? ????????? ????? ???????? ???? @www/modules/ittour/generic/custom_import.php@ (?????? ?????? ?????? ?? ??????????) ? ???????? ????? ?????? ??? ??????? itt_known_name.','2013-03-18 16:23:49',0),(138,92,'Issue',25,'SELECT * FROM itt_known_name WHERE entity_name = \'hotel\' AND operator_id = 156 AND code = IFNULL(3, code) AND name = IFNULL(\'ARENA INN HOTEL\', name);\r\n??... ?????? ??? ??????? ????????\r\n1. IFNULL(3, code) ??????????? ?????? ????? code \r\n2. IFNULL(\'ARENA INN HOTEL\', name) ??????????? ?????? ????? name\r\n?? ???? ?????? ????????? \r\nSELECT * FROM itt_known_name WHERE entity_name = \'hotel\' AND operator_id = 156 AND code = code AND name = name;\r\n??? ? ???? ??????? ?????????\r\nSELECT * FROM itt_known_name WHERE entity_name = \'hotel\' AND operator_id = 156','2013-03-18 17:17:09',0),(139,92,'Issue',17,'Alexander Samborsky ?????(?):\r\n> SELECT * FROM itt_known_name WHERE entity_name = \'hotel\' AND operator_id = 156 AND code = IFNULL(3, code) AND name = IFNULL(\'ARENA INN HOTEL\', name);\r\n> ??... ?????? ??? ??????? ????????\r\n> 1. IFNULL(3, code) ??????????? ?????? ????? code \r\n\r\n???, ? ?????? IFNULL(3, code) ????????? ????? 3, ? ? ?????? IFNULL(null, code) ????????? ????? code. ? ???? ??????? \"name = IFNULL($name, name)\", ?.?. ???? ?????????? $name - ???????? ????????, ??? ????? ??????????????, ? ???? ?????????? ????????? null, ????? ????? ?????????????? ????????? ???????? \'name\'. \r\n??????? ??????????? @\"AND name = IFNULL($name, name)\"@ ???????????? @$name ? \"AND name=$name\" : \'\'@\r\n','2013-03-18 17:28:00',0),(140,92,'Issue',17,'Ivan Koshelev ?????(?):\r\n> Alexander Samborsky ?????(?):\r\n> > @SELECT * FROM itt_known_name WHERE entity_name = \'hotel\' AND operator_id = 156 AND code = IFNULL(3, code) AND name = IFNULL(\'ARENA INN HOTEL\', name);@\r\n> > ??... ?????? ??? ??????? ????????\r\n> > 1. @IFNULL(3, code)@ ??????????? ?????? ????? code \r\n> \r\n> ???, ? ?????? @IFNULL(3, code)@ ????????? ????? 3, ? ? ?????? @IFNULL(null, code)@ ????????? ????? code. ? ???? ??????? @\"name = IFNULL($name, name)\"@, ?.?. ???? ?????????? $name - ???????? ????????, ??? ????? ??????????????, ? ???? ?????????? ????????? null, ????? ????? ?????????????? ????????? ???????? \'name\'. \r\n> ??????? ??????????? @\"AND name = IFNULL($name, name)\"@ ???????????? @$name ? \"AND name=$name\" : \'\'@\r\n\r\n??????? ??????????: http://clip2net.com/s/4LJrFU ? http://clip2net.com/s/4LJstu','2013-03-18 17:28:48',0),(141,92,'Issue',25,'IFNULL($name, name) ? ?????? ???? $name==NULL ???????? ? ?????? IFNULL(, name) ? ?? ???????? ERROR 1064 (42000): You have an error in your SQL syntax','2013-03-18 17:46:51',0),(142,92,'Issue',17,'Alexander Samborsky ?????(?):\r\n> IFNULL($name, name) ? ?????? ???? $name==NULL ???????? ? ?????? IFNULL(, name) ? ?? ???????? ERROR 1064 (42000): You have an error in your SQL syntax\r\n\r\n??, ? ???????????? ? ?????? ?????????? ? ?? ?????????, ?? ? ???? ???????????? \"Prepared statement\", ??????? ????????????? ?????? null, ? ???????? ?? ????????? ????? http://clip2net.com/s/4LJNMZ\r\n<pre>\r\n$dbs->row(\"SELECT * FROM itt_known_name WHERE entity_name = ? AND operator_id = ? AND code = IFNULL(?, code) AND name = IFNULL(?, name)\", $entity, $this->operator_id, $code, $name);\r\n</pre>','2013-03-18 17:55:47',0),(143,72,'Issue',1,'','2013-03-19 11:32:59',0),(144,92,'Issue',1,'???????????, ??? ????????? ?????? ????? ? ???????????? ?? ?????? ???????, ?????????? ????????? ??????, ? ?? ????? ?????????? ? ???????.','2013-03-19 12:15:53',0),(145,92,'Issue',17,'??, ????? ??????????? ?? ?????? ???????. ???????? ??? ??????? 5000 ????? ?? ?????? ? ???? ?? spo (???? spo ?? ?????????? ? ???????, ? ??????????? ???????) ???????? ????????? ?????:\r\n?? ???????????: 3229 ?????? (?? ??? ???????? ???????????????: 874 ??????, ?????? ??????? ?? 5000 ?????: 2351 ??????)\r\n????? ???????????: 103 ?????? (?? ??? ???????? ???????????????: 59 ??????, ?????? ??????? ?? 5000 ?????: 42 ??????)\r\n????????? ?????? ???? ? svn, ????? ?????????? ???????? ??????\r\n<pre>\r\nALTER TABLE `itt_known_name` ADD INDEX `idx_itt_known_name_name` (`name` ASC) ;\r\n</pre>\r\n','2013-03-19 12:22:29',0),(146,92,'Issue',1,'????? ?? ????? ??????? ? svn ???????????, ???????? ???? ????? ? ??????????, ???? ???? ????????????? ? ???.\r\n????? ???? ???????? ????????? ? ?????? ??????.','2013-03-19 12:48:19',0),(147,92,'Issue',17,'???????? ????? ?? ???????? www/modules/ittour/generic, ????????? ?? ? ?????????. ?????????? ???????? ????? ?? ?????? ? ???????? ?????? `idx_itt_known_name_name`.','2013-03-19 13:19:43',0),(148,92,'Issue',1,'???? ?????????? ????????????','2013-03-19 13:43:53',0),(151,92,'Issue',20,'????? ????????????????? ??? ????????? ? ??????.\r\n\r\n?? ?????????? ????????? ?????? ???? \"?????\" ????????, ??????????? known_name. ???? ?? ?????? ????????? ??????, ????? ???????? ???????? ????????? ??????????. ??? ???????? ?????? ??? ????? ??????????\r\n\r\n???? ????????, ????????? ??????? ???????.\r\n\r\n??. ???????? ? ????????','2013-03-19 22:47:53',0),(152,92,'Issue',17,'??????? ??? ??????? ???????, ??????? ???????? ? svn. ???????? ????? custom_import.php 3 ??????? (??? ?????????? ?? ??????????????? ??????): http://clip2net.com/s/4MawBF . \r\n????????? ????? ?? ?????????, ? ????????? ? ??????????, ????? ???? ??? ? ??? ?? ????????? ??? ? \"Working copy\" ?? ?????????????? ????????? ? ?????????? ?????????.\r\n\r\n??????????? ???? ????????? ????? ??????????? ? svn ? diff ??????? ???????? 7 ? 8 ??????? ( https://www.assembla.com/code/parser-optimization-ittour/subversion/commit/7 ? https://www.assembla.com/code/parser-optimization-ittour/subversion/commit/8 ).\r\n\r\n???? ? svn ?? ?????????? ???, ????? ?????????????? ?????????? ?????????? ???? ???????? ?? ? ????? ??????????? ? ?????????? ?????????? ????? ??? ???.','2013-03-20 10:25:28',0),(153,92,'Issue',20,'???????????? ?????? ? ????? ????????????.','2013-03-20 13:03:13',0),(154,92,'Issue',1,'???????, ?????? ??? ?????? ? ????????, ??? ??? ??????? ???? ? ???????????, ????????? ? ????????.\r\n','2013-03-21 00:14:06',0),(155,107,'Issue',1,'??? ???? ????? ?????? ???? ??? ???? ??? ??????? ??????? ? ??????. ','2013-03-26 11:35:13',0),(156,107,'Issue',1,'','2013-03-26 11:58:36',0),(157,107,'Issue',27,'?? ?????????? ?????? ????? ?????? ???? ?? ????????? ?????? ???????????? win 7(64) ????? ??????? ????? redmine ???????? ? ????? mysql','2013-03-26 12:24:05',0),(158,110,'Issue',27,'????? ?????? ?????(?):\r\n> ???? ???????? ??????????? ????????????? ????? ????? ?????? ? ???????, ? ?? ?????? ??? ?? ?????? ????? ?????????, ????? ?????? ?????.\r\n\r\n?? ?????????? ?????? ????? ?????? ???? ?? ????????? ?????? ???????????? win 7(64) ????? ??????? ????? redmine ???????? ? ????? mysql\r\n? ?????? ???????? ??????????? ?????????(?????????????) ????? ?? ?????????-??????','2013-03-26 12:26:03',0),(159,107,'Issue',27,'','2013-03-26 12:26:40',0),(160,106,'Issue',27,'????? ?????? ?????(?):\r\n> ??????? ?? ??????? ??? ????????????? ????????? ?? ???? ???????? ??? ??????? ?????, ?.?. ???? ???? ?? ??????? ?? ?????? ?? ????? ?????? ??????? ??????, ???? ?? ????? ? ?? ?????? ????? ?? ??????, ?? ???? ???????? (??? ?? ????? ???????? ? ?????? ? ????????? ??? ????? ??????? ? ?????????.)\r\n\r\n?? ?????????? ?????? ????? ?????? ???? ?? ????????? ?????? ???????????? win 7(64) ????? ??????? ????? redmine ???????? ? ????? mysql\r\n\r\n','2013-03-26 12:27:35',0),(161,110,'Issue',27,'?? ?????????? ?????? ????? ?????? ???? ?? ????????? ?????? ???????????? win 7(64) ????? ??????? ????? redmine ???????? ? ????? mysql','2013-03-26 12:28:03',0),(162,106,'Issue',27,'???????? ?? ??????????? ????????????:\r\n\r\nAt time of writing (3/19/2013), SQL Server support is reported broken with ruby 2.0.0 under Windows because of a database adapter gem incompatibility','2013-03-26 12:49:42',0),(163,110,'Issue',27,'???????? ?? ????????????:\r\n\r\nAt time of writing (3/19/2013), SQL Server support is reported broken with ruby 2.0.0 under Windows because of a database adapter gem incompatibility','2013-03-26 12:50:35',0);
/*!40000 ALTER TABLE `journals` ENABLE KEYS */;
UNLOCK TABLES;

--
-- Table structure for table `member_roles`
--

DROP TABLE IF EXISTS `member_roles`;
/*!40101 SET @saved_cs_client     = @@character_set_client */;
/*!40101 SET character_set_client = utf8 */;
CREATE TABLE `member_roles` (
  `id` int(11) NOT NULL AUTO_INCREMENT,
  `member_id` int(11) NOT NULL,
  `role_id` int(11) NOT NULL,
  `inherited_from` int(11) DEFAULT NULL,
  PRIMARY KEY (`id`),
  KEY `index_member_roles_on_member_id` (`member_id`),
  KEY `index_member_roles_on_role_id` (`role_id`)
) ENGINE=InnoDB AUTO_INCREMENT=83 DEFAULT CHARSET=utf8;
/*!40101 SET character_set_client = @saved_cs_client */;

--
-- Dumping data for table `member_roles`
--

LOCK TABLES `member_roles` WRITE;
/*!40000 ALTER TABLE `member_roles` DISABLE KEYS */;
INSERT INTO `member_roles` VALUES (1,1,3,NULL),(2,2,3,NULL),(3,3,3,NULL),(4,4,3,NULL),(5,5,6,NULL),(6,6,4,NULL),(10,8,3,NULL),(11,9,3,NULL),(12,10,3,NULL),(13,11,3,NULL),(14,12,3,NULL),(15,13,7,NULL),(16,14,7,NULL),(17,15,7,NULL),(18,16,7,NULL),(19,17,3,NULL),(20,18,7,NULL),(21,19,7,NULL),(22,20,7,NULL),(23,21,3,NULL),(24,22,7,NULL),(25,23,3,NULL),(26,24,3,NULL),(27,25,7,NULL),(28,26,3,NULL),(29,27,7,NULL),(30,28,3,NULL),(31,29,3,NULL),(32,30,7,NULL),(33,31,3,NULL),(34,32,7,NULL),(35,33,3,NULL),(36,34,7,NULL),(37,35,3,NULL),(38,36,3,NULL),(39,37,7,NULL),(40,38,3,NULL),(41,39,7,NULL),(42,40,3,NULL),(44,42,3,NULL),(45,43,7,NULL),(46,44,4,NULL),(47,45,5,NULL),(48,46,4,NULL),(49,47,4,NULL),(51,49,4,NULL),(52,50,4,NULL),(53,48,4,NULL),(54,51,4,NULL),(55,52,7,NULL),(56,53,4,NULL),(57,54,4,NULL),(59,56,4,NULL),(60,57,7,NULL),(61,58,3,NULL),(62,59,7,NULL),(63,60,3,NULL),(64,61,4,NULL),(65,62,4,NULL),(66,63,3,NULL),(67,1,3,66),(68,64,3,NULL),(69,9,3,68),(70,65,3,NULL),(71,66,7,NULL),(72,67,4,NULL),(73,68,4,NULL),(74,69,4,NULL),(75,70,4,NULL),(76,71,4,NULL),(77,72,4,NULL),(78,73,4,NULL),(79,74,7,NULL),(80,75,3,NULL),(81,76,4,NULL),(82,77,4,NULL);
/*!40000 ALTER TABLE `member_roles` ENABLE KEYS */;
UNLOCK TABLES;

--
-- Table structure for table `members`
--

DROP TABLE IF EXISTS `members`;
/*!40101 SET @saved_cs_client     = @@character_set_client */;
/*!40101 SET character_set_client = utf8 */;
CREATE TABLE `members` (
  `id` int(11) NOT NULL AUTO_INCREMENT,
  `user_id` int(11) NOT NULL DEFAULT '0',
  `project_id` int(11) NOT NULL DEFAULT '0',
  `created_on` datetime DEFAULT NULL,
  `mail_notification` tinyint(1) NOT NULL DEFAULT '0',
  PRIMARY KEY (`id`),
  UNIQUE KEY `index_members_on_user_id_and_project_id` (`user_id`,`project_id`),
  KEY `index_members_on_user_id` (`user_id`),
  KEY `index_members_on_project_id` (`project_id`)
) ENGINE=InnoDB AUTO_INCREMENT=78 DEFAULT CHARSET=utf8;
/*!40101 SET character_set_client = @saved_cs_client */;

--
-- Dumping data for table `members`
--

LOCK TABLES `members` WRITE;
/*!40000 ALTER TABLE `members` DISABLE KEYS */;
INSERT INTO `members` VALUES (1,1,7,'2013-02-14 16:32:08',0),(2,1,4,'2013-02-14 16:32:28',0),(3,1,11,'2013-02-14 16:32:41',0),(4,1,5,'2013-02-14 16:32:49',0),(5,13,20,'2013-02-15 18:02:47',0),(6,14,2,'2013-02-15 18:07:36',0),(8,1,3,'2013-02-19 14:16:37',0),(9,1,1,'2013-02-19 14:16:57',0),(10,1,23,'2013-02-19 14:17:22',0),(11,1,20,'2013-02-19 14:18:12',0),(12,1,2,'2013-02-19 14:18:51',0),(13,16,7,'2013-02-19 14:51:04',0),(14,16,4,'2013-02-19 14:51:11',0),(15,16,5,'2013-02-19 14:51:18',0),(16,16,1,'2013-02-19 14:51:24',0),(17,16,23,'2013-02-19 14:51:33',0),(18,16,9,'2013-02-19 17:04:33',0),(19,16,22,'2013-02-19 17:07:19',0),(20,16,13,'2013-02-19 17:09:30',0),(21,1,13,'2013-02-19 17:09:55',0),(22,16,12,'2013-02-19 17:10:47',0),(23,1,12,'2013-02-19 17:10:52',0),(24,1,21,'2013-02-19 17:11:51',0),(25,16,21,'2013-02-19 17:12:00',0),(26,1,9,'2013-02-19 17:13:14',0),(27,16,8,'2013-02-19 17:13:40',0),(28,1,8,'2013-02-19 17:13:47',0),(29,1,16,'2013-02-19 17:14:30',0),(30,16,16,'2013-02-19 17:14:35',0),(31,1,10,'2013-02-19 17:15:26',0),(32,16,10,'2013-02-19 17:15:32',0),(33,1,17,'2013-02-19 17:15:59',0),(34,16,17,'2013-02-19 17:16:05',0),(35,1,22,'2013-02-19 17:16:47',0),(36,1,15,'2013-02-19 17:17:21',0),(37,16,15,'2013-02-19 17:17:25',0),(38,1,14,'2013-02-19 17:17:51',0),(39,16,14,'2013-02-19 17:17:55',0),(40,1,6,'2013-02-19 17:18:30',0),(42,1,24,'2013-02-19 17:19:03',0),(43,16,24,'2013-02-19 17:19:07',0),(44,17,9,'2013-02-19 17:26:41',0),(45,18,13,'2013-02-19 17:32:24',0),(46,18,12,'2013-02-19 17:33:10',0),(47,22,15,'2013-02-19 20:18:37',0),(48,22,14,'2013-02-19 20:18:50',0),(49,22,6,'2013-02-19 20:19:17',0),(50,22,24,'2013-02-19 20:19:26',0),(51,20,6,'2013-02-19 20:20:43',0),(52,16,6,'2013-02-19 20:21:57',0),(53,21,8,'2013-02-19 20:26:35',0),(54,20,8,'2013-02-19 20:27:13',0),(56,21,6,'2013-02-19 20:28:04',0),(57,16,25,'2013-02-20 13:56:54',0),(58,1,25,'2013-02-20 13:57:04',0),(59,16,26,'2013-02-20 14:09:43',0),(60,1,26,'2013-02-20 14:10:01',0),(61,20,9,'2013-02-20 15:54:53',0),(62,23,9,'2013-02-21 15:58:08',0),(63,6,7,'2013-03-06 00:32:23',0),(64,6,1,'2013-03-06 00:32:32',0),(65,1,27,'2013-03-06 02:25:04',0),(66,16,27,'2013-03-06 02:25:20',0),(67,24,9,'2013-03-06 19:55:31',0),(68,25,9,'2013-03-07 14:02:01',0),(69,26,17,'2013-03-13 15:54:11',0),(70,27,9,'2013-03-21 13:22:08',0),(71,27,6,'2013-03-21 15:11:32',0),(72,28,9,'2013-03-25 16:29:55',0),(73,18,28,'2013-03-25 18:40:43',0),(74,16,28,'2013-03-25 18:40:48',0),(75,1,28,'2013-03-25 18:40:52',0),(76,20,28,'2013-03-25 18:41:37',0),(77,27,29,'2013-03-26 11:27:39',0);
/*!40000 ALTER TABLE `members` ENABLE KEYS */;
UNLOCK TABLES;

--
-- Table structure for table `messages`
--

DROP TABLE IF EXISTS `messages`;
/*!40101 SET @saved_cs_client     = @@character_set_client */;
/*!40101 SET character_set_client = utf8 */;
CREATE TABLE `messages` (
  `id` int(11) NOT NULL AUTO_INCREMENT,
  `board_id` int(11) NOT NULL,
  `parent_id` int(11) DEFAULT NULL,
  `subject` varchar(255) NOT NULL DEFAULT '',
  `content` text,
  `author_id` int(11) DEFAULT NULL,
  `replies_count` int(11) NOT NULL DEFAULT '0',
  `last_reply_id` int(11) DEFAULT NULL,
  `created_on` datetime NOT NULL,
  `updated_on` datetime NOT NULL,
  `locked` tinyint(1) DEFAULT '0',
  `sticky` int(11) DEFAULT '0',
  PRIMARY KEY (`id`),
  KEY `messages_board_id` (`board_id`),
  KEY `messages_parent_id` (`parent_id`),
  KEY `index_messages_on_last_reply_id` (`last_reply_id`),
  KEY `index_messages_on_author_id` (`author_id`),
  KEY `index_messages_on_created_on` (`created_on`)
) ENGINE=InnoDB DEFAULT CHARSET=utf8;
/*!40101 SET character_set_client = @saved_cs_client */;

--
-- Dumping data for table `messages`
--

LOCK TABLES `messages` WRITE;
/*!40000 ALTER TABLE `messages` DISABLE KEYS */;
/*!40000 ALTER TABLE `messages` ENABLE KEYS */;
UNLOCK TABLES;

--
-- Table structure for table `news`
--

DROP TABLE IF EXISTS `news`;
/*!40101 SET @saved_cs_client     = @@character_set_client */;
/*!40101 SET character_set_client = utf8 */;
CREATE TABLE `news` (
  `id` int(11) NOT NULL AUTO_INCREMENT,
  `project_id` int(11) DEFAULT NULL,
  `title` varchar(60) NOT NULL DEFAULT '',
  `summary` varchar(255) DEFAULT '',
  `description` text,
  `author_id` int(11) NOT NULL DEFAULT '0',
  `created_on` datetime DEFAULT NULL,
  `comments_count` int(11) NOT NULL DEFAULT '0',
  PRIMARY KEY (`id`),
  KEY `news_project_id` (`project_id`),
  KEY `index_news_on_author_id` (`author_id`),
  KEY `index_news_on_created_on` (`created_on`)
) ENGINE=InnoDB DEFAULT CHARSET=utf8;
/*!40101 SET character_set_client = @saved_cs_client */;

--
-- Dumping data for table `news`
--

LOCK TABLES `news` WRITE;
/*!40000 ALTER TABLE `news` DISABLE KEYS */;
/*!40000 ALTER TABLE `news` ENABLE KEYS */;
UNLOCK TABLES;

--
-- Table structure for table `notes`
--

DROP TABLE IF EXISTS `notes`;
/*!40101 SET @saved_cs_client     = @@character_set_client */;
/*!40101 SET character_set_client = utf8 */;
CREATE TABLE `notes` (
  `id` int(11) NOT NULL AUTO_INCREMENT,
  `subject` varchar(255) DEFAULT NULL,
  `content` text,
  `source_id` int(11) DEFAULT NULL,
  `source_type` varchar(255) DEFAULT NULL,
  `author_id` int(11) DEFAULT NULL,
  `created_on` datetime DEFAULT NULL,
  `updated_on` datetime DEFAULT NULL,
  `type_id` int(11) DEFAULT NULL,
  PRIMARY KEY (`id`),
  KEY `index_notes_on_source_id_and_source_type` (`source_id`,`source_type`),
  KEY `index_notes_on_author_id` (`author_id`),
  KEY `index_notes_on_type_id` (`type_id`)
) ENGINE=InnoDB DEFAULT CHARSET=utf8;
/*!40101 SET character_set_client = @saved_cs_client */;

--
-- Dumping data for table `notes`
--

LOCK TABLES `notes` WRITE;
/*!40000 ALTER TABLE `notes` DISABLE KEYS */;
/*!40000 ALTER TABLE `notes` ENABLE KEYS */;
UNLOCK TABLES;

--
-- Table structure for table `open_id_authentication_associations`
--

DROP TABLE IF EXISTS `open_id_authentication_associations`;
/*!40101 SET @saved_cs_client     = @@character_set_client */;
/*!40101 SET character_set_client = utf8 */;
CREATE TABLE `open_id_authentication_associations` (
  `id` int(11) NOT NULL AUTO_INCREMENT,
  `issued` int(11) DEFAULT NULL,
  `lifetime` int(11) DEFAULT NULL,
  `handle` varchar(255) DEFAULT NULL,
  `assoc_type` varchar(255) DEFAULT NULL,
  `server_url` blob,
  `secret` blob,
  PRIMARY KEY (`id`)
) ENGINE=InnoDB DEFAULT CHARSET=utf8;
/*!40101 SET character_set_client = @saved_cs_client */;

--
-- Dumping data for table `open_id_authentication_associations`
--

LOCK TABLES `open_id_authentication_associations` WRITE;
/*!40000 ALTER TABLE `open_id_authentication_associations` DISABLE KEYS */;
/*!40000 ALTER TABLE `open_id_authentication_associations` ENABLE KEYS */;
UNLOCK TABLES;

--
-- Table structure for table `open_id_authentication_nonces`
--

DROP TABLE IF EXISTS `open_id_authentication_nonces`;
/*!40101 SET @saved_cs_client     = @@character_set_client */;
/*!40101 SET character_set_client = utf8 */;
CREATE TABLE `open_id_authentication_nonces` (
  `id` int(11) NOT NULL AUTO_INCREMENT,
  `timestamp` int(11) NOT NULL,
  `server_url` varchar(255) DEFAULT NULL,
  `salt` varchar(255) NOT NULL,
  PRIMARY KEY (`id`)
) ENGINE=InnoDB DEFAULT CHARSET=utf8;
/*!40101 SET character_set_client = @saved_cs_client */;

--
-- Dumping data for table `open_id_authentication_nonces`
--

LOCK TABLES `open_id_authentication_nonces` WRITE;
/*!40000 ALTER TABLE `open_id_authentication_nonces` DISABLE KEYS */;
/*!40000 ALTER TABLE `open_id_authentication_nonces` ENABLE KEYS */;
UNLOCK TABLES;

--
-- Table structure for table `projects`
--

DROP TABLE IF EXISTS `projects`;
/*!40101 SET @saved_cs_client     = @@character_set_client */;
/*!40101 SET character_set_client = utf8 */;
CREATE TABLE `projects` (
  `id` int(11) NOT NULL AUTO_INCREMENT,
  `name` varchar(255) NOT NULL DEFAULT '',
  `description` text,
  `homepage` varchar(255) DEFAULT '',
  `is_public` tinyint(1) NOT NULL DEFAULT '1',
  `parent_id` int(11) DEFAULT NULL,
  `created_on` datetime DEFAULT NULL,
  `updated_on` datetime DEFAULT NULL,
  `identifier` varchar(255) DEFAULT NULL,
  `status` int(11) NOT NULL DEFAULT '1',
  `lft` int(11) DEFAULT NULL,
  `rgt` int(11) DEFAULT NULL,
  PRIMARY KEY (`id`),
  KEY `index_projects_on_lft` (`lft`),
  KEY `index_projects_on_rgt` (`rgt`)
) ENGINE=InnoDB AUTO_INCREMENT=30 DEFAULT CHARSET=utf8;
/*!40101 SET character_set_client = @saved_cs_client */;

--
-- Dumping data for table `projects`
--

LOCK TABLES `projects` WRITE;
/*!40000 ALTER TABLE `projects` DISABLE KEYS */;
INSERT INTO `projects` VALUES (1,'?????? ? ???','???????? ???????','zavtra_v_tur',0,NULL,'2013-02-14 00:44:52','2013-02-14 00:44:52','zavtra_v_tur',1,45,56),(2,'Pulsini Demond','','',0,3,'2013-02-14 00:56:31','2013-02-14 00:56:31','pulsini_demond',1,38,39),(3,'Pulsini','','pulsini',0,NULL,'2013-02-14 01:18:39','2013-02-14 01:18:39','pulsini',1,37,42),(4,'ittour','','',0,NULL,'2013-02-14 01:20:09','2013-02-14 01:20:09','ittour',1,11,24),(5,'Piligrim','','',0,NULL,'2013-02-14 01:22:21','2013-02-14 01:22:21','piligrim',1,31,36),(6,'?????????????? ?????? ? ???','','',0,1,'2013-02-14 01:37:00','2013-02-19 02:31:22','vzaimodeystvie',1,52,53),(7,'CRM Ittour','','',0,NULL,'2013-02-14 01:38:33','2013-02-14 01:38:33','crm_ittour',1,1,10),(8,'?????????????? ????? ?????????? ??????????????','?????????????? ????? ?????????? ??????????????','',0,4,'2013-02-14 01:42:16','2013-02-14 01:42:16','cooperation',1,20,21),(9,'??????????? ?????? ????????, ??????????, ???? MySQL','?????? ?? ????????','',0,4,'2013-02-14 01:43:15','2013-02-19 12:58:24','parser_optimization',1,14,15),(10,'?????????? ???????? ? ?????????? ????? Piligrim','','',0,5,'2013-02-14 01:44:26','2013-02-19 02:30:14','logo_and_style',1,32,33),(11,'oplati.by','','',0,NULL,'2013-02-14 01:44:45','2013-02-14 01:44:45','oplati_by',1,25,30),(12,'??????????? ??????? CRM Ittour','?????????? ??, ??????????','',0,7,'2013-02-14 01:45:46','2013-02-18 23:01:00','tz',1,4,5),(13,'?????? ???????? CRM Ittour','???????? ?????? ????????','',0,7,'2013-02-14 01:46:32','2013-02-19 02:29:07','business_process',1,6,7),(14,'?????? ???????? ?????? ? ???','???????? ?????? ?????????','',0,1,'2013-02-14 01:48:54','2013-02-19 02:31:35','business_process_zavtra_v_tur',1,50,51),(15,'??????????? ??????? ?????? ? ???','?? ?????? ? ???','',0,1,'2013-02-14 01:49:40','2013-02-19 02:31:04','tz_zavtra_v_tur',1,48,49),(16,'?????? ?????? ittour','?????? ?? ??????? ??????','',0,4,'2013-02-14 01:53:37','2013-02-19 02:29:36','design_vitriny_itttour',1,22,23),(17,'???????? ?????? ??????? ????? Piligrim','????? ?????? ?????','',0,5,'2013-02-14 01:54:30','2013-02-19 02:30:32','new_design_site_piligrim',1,34,35),(18,'??????????? ??????? Pulsini','?????? ?? ?? Pulsini','',0,3,'2013-02-14 01:56:45','2013-02-19 02:30:49','tz_pulsini',1,40,41),(19,'??????????? ??????? oplati.by','?????? ?? ??','',0,11,'2013-02-14 01:57:34','2013-02-19 02:29:55','oplati_tz',1,28,29),(20,'??????????????? ??????? oplati.by','??? ??????? ????????? ? ???????????? ???????','',0,11,'2013-02-15 17:28:11','2013-02-15 18:05:29','opati_organization',1,26,27),(21,'?????? ?????????? CRM Ittour','?????? ?????? ? ??????? ??????????','',0,7,'2013-02-18 20:31:18','2013-02-18 23:00:30','crm_ittour_design',1,8,9),(22,'?????? ?? ??????? ?????? ? ???','','',0,1,'2013-02-19 13:38:52','2013-02-19 13:38:52','zavtra_desigo',1,46,47),(23,'????? ???????????? ???????, ??????? ?????? - IT tour','?????????? ? ???? ?????, ???????? ??????????? ?????, ? ?????????.','',0,NULL,'2013-02-19 14:14:35','2013-02-19 14:15:32','ittour_price',1,57,58),(24,'?????????? ????? ?????? ? ???','','',0,1,'2013-02-19 15:41:09','2013-02-19 15:41:09','zvt_creat',1,54,55),(25,'???????? ?????? ittour','???????? ???????? ???????','',0,4,'2013-02-20 13:56:27','2013-02-20 13:56:27','vinos_mod',1,12,13),(26,'???????? ?????? ??????? ? ??????????? ???????? ittour','?? ???? wp','',0,4,'2013-02-20 14:08:09','2013-02-20 14:08:09','vizitka_ittour',1,18,19),(27,'???????? ????? ?????? touradmin.ru','?????????????????? ????, ????????? ????? ???????, ?? ??????????? ???????? It tour','',0,4,'2013-02-23 18:37:52','2013-03-06 02:24:50','vizitka_ittous',1,16,17),(28,'?????????????? ?? CRM','','',0,7,'2013-03-25 18:40:20','2013-03-25 18:40:20','crm_vzaimodeystvie',1,2,3),(29,'????????? ????????? ??????? Redmine','??????????? ??? ????','',0,NULL,'2013-03-26 11:27:10','2013-03-26 11:27:10','mango_red',1,43,44);
/*!40000 ALTER TABLE `projects` ENABLE KEYS */;
UNLOCK TABLES;

--
-- Table structure for table `projects_trackers`
--

DROP TABLE IF EXISTS `projects_trackers`;
/*!40101 SET @saved_cs_client     = @@character_set_client */;
/*!40101 SET character_set_client = utf8 */;
CREATE TABLE `projects_trackers` (
  `project_id` int(11) NOT NULL DEFAULT '0',
  `tracker_id` int(11) NOT NULL DEFAULT '0',
  UNIQUE KEY `projects_trackers_unique` (`project_id`,`tracker_id`),
  KEY `projects_trackers_project_id` (`project_id`)
) ENGINE=InnoDB DEFAULT CHARSET=utf8;
/*!40101 SET character_set_client = @saved_cs_client */;

--
-- Dumping data for table `projects_trackers`
--

LOCK TABLES `projects_trackers` WRITE;
/*!40000 ALTER TABLE `projects_trackers` DISABLE KEYS */;
INSERT INTO `projects_trackers` VALUES (1,1),(1,2),(1,3),(1,6),(1,8),(2,1),(2,2),(2,3),(2,6),(2,8),(3,1),(3,2),(3,3),(3,6),(3,8),(4,1),(4,2),(4,3),(4,6),(4,8),(5,1),(5,2),(5,3),(5,6),(5,8),(6,1),(6,2),(6,3),(6,6),(6,8),(7,1),(7,2),(7,3),(7,6),(7,8),(8,1),(8,2),(8,3),(8,6),(8,8),(9,1),(9,2),(9,3),(9,6),(9,8),(10,1),(10,2),(10,3),(10,6),(10,8),(11,1),(11,2),(11,3),(11,6),(11,8),(12,1),(12,2),(12,3),(12,6),(12,8),(13,1),(13,2),(13,3),(13,6),(13,8),(14,1),(14,2),(14,3),(14,6),(14,8),(15,1),(15,2),(15,3),(15,6),(15,8),(16,1),(16,2),(16,3),(16,6),(16,8),(17,1),(17,2),(17,3),(17,6),(17,8),(18,1),(18,2),(18,3),(18,6),(18,8),(19,1),(19,2),(19,3),(19,6),(19,8),(20,3),(21,1),(21,2),(21,3),(21,6),(21,8),(22,1),(23,3),(24,1),(24,2),(24,3),(24,6),(24,8),(25,1),(25,2),(25,3),(25,6),(25,8),(26,1),(26,2),(26,3),(26,6),(26,8),(27,1),(27,2),(27,3),(27,6),(27,8),(28,2),(29,1),(29,3),(29,6),(29,8);
/*!40000 ALTER TABLE `projects_trackers` ENABLE KEYS */;
UNLOCK TABLES;

--
-- Table structure for table `queries`
--

DROP TABLE IF EXISTS `queries`;
/*!40101 SET @saved_cs_client     = @@character_set_client */;
/*!40101 SET character_set_client = utf8 */;
CREATE TABLE `queries` (
  `id` int(11) NOT NULL AUTO_INCREMENT,
  `project_id` int(11) DEFAULT NULL,
  `name` varchar(255) NOT NULL DEFAULT '',
  `filters` text,
  `user_id` int(11) NOT NULL DEFAULT '0',
  `is_public` tinyint(1) NOT NULL DEFAULT '0',
  `column_names` text,
  `sort_criteria` text,
  `group_by` varchar(255) DEFAULT NULL,
  PRIMARY KEY (`id`),
  KEY `index_queries_on_project_id` (`project_id`),
  KEY `index_queries_on_user_id` (`user_id`)
) ENGINE=InnoDB DEFAULT CHARSET=utf8;
/*!40101 SET character_set_client = @saved_cs_client */;

--
-- Dumping data for table `queries`
--

LOCK TABLES `queries` WRITE;
/*!40000 ALTER TABLE `queries` DISABLE KEYS */;
/*!40000 ALTER TABLE `queries` ENABLE KEYS */;
UNLOCK TABLES;

--
-- Table structure for table `recently_vieweds`
--

DROP TABLE IF EXISTS `recently_vieweds`;
/*!40101 SET @saved_cs_client     = @@character_set_client */;
/*!40101 SET character_set_client = utf8 */;
CREATE TABLE `recently_vieweds` (
  `id` int(11) NOT NULL AUTO_INCREMENT,
  `viewer_id` int(11) DEFAULT NULL,
  `viewed_id` int(11) DEFAULT NULL,
  `viewed_type` varchar(255) DEFAULT NULL,
  `views_count` int(11) DEFAULT NULL,
  `created_at` datetime NOT NULL,
  `updated_at` datetime NOT NULL,
  PRIMARY KEY (`id`),
  KEY `index_recently_vieweds_on_viewed_id_and_viewed_type` (`viewed_id`,`viewed_type`),
  KEY `index_recently_vieweds_on_viewer_id` (`viewer_id`)
) ENGINE=InnoDB DEFAULT CHARSET=utf8;
/*!40101 SET character_set_client = @saved_cs_client */;

--
-- Dumping data for table `recently_vieweds`
--

LOCK TABLES `recently_vieweds` WRITE;
/*!40000 ALTER TABLE `recently_vieweds` DISABLE KEYS */;
/*!40000 ALTER TABLE `recently_vieweds` ENABLE KEYS */;
UNLOCK TABLES;

--
-- Table structure for table `repositories`
--

DROP TABLE IF EXISTS `repositories`;
/*!40101 SET @saved_cs_client     = @@character_set_client */;
/*!40101 SET character_set_client = utf8 */;
CREATE TABLE `repositories` (
  `id` int(11) NOT NULL AUTO_INCREMENT,
  `project_id` int(11) NOT NULL DEFAULT '0',
  `url` varchar(255) NOT NULL DEFAULT '',
  `login` varchar(60) DEFAULT '',
  `password` varchar(255) DEFAULT '',
  `root_url` varchar(255) DEFAULT '',
  `type` varchar(255) DEFAULT NULL,
  `path_encoding` varchar(64) DEFAULT NULL,
  `log_encoding` varchar(64) DEFAULT NULL,
  `extra_info` text,
  `identifier` varchar(255) DEFAULT NULL,
  `is_default` tinyint(1) DEFAULT '0',
  PRIMARY KEY (`id`),
  KEY `index_repositories_on_project_id` (`project_id`)
) ENGINE=InnoDB DEFAULT CHARSET=utf8;
/*!40101 SET character_set_client = @saved_cs_client */;

--
-- Dumping data for table `repositories`
--

LOCK TABLES `repositories` WRITE;
/*!40000 ALTER TABLE `repositories` DISABLE KEYS */;
/*!40000 ALTER TABLE `repositories` ENABLE KEYS */;
UNLOCK TABLES;

--
-- Table structure for table `roles`
--

DROP TABLE IF EXISTS `roles`;
/*!40101 SET @saved_cs_client     = @@character_set_client */;
/*!40101 SET character_set_client = utf8 */;
CREATE TABLE `roles` (
  `id` int(11) NOT NULL AUTO_INCREMENT,
  `name` varchar(30) NOT NULL DEFAULT '',
  `position` int(11) DEFAULT '1',
  `assignable` tinyint(1) DEFAULT '1',
  `builtin` int(11) NOT NULL DEFAULT '0',
  `permissions` text,
  `issues_visibility` varchar(30) NOT NULL DEFAULT 'default',
  PRIMARY KEY (`id`)
) ENGINE=InnoDB AUTO_INCREMENT=8 DEFAULT CHARSET=utf8;
/*!40101 SET character_set_client = @saved_cs_client */;

--
-- Dumping data for table `roles`
--

LOCK TABLES `roles` WRITE;
/*!40000 ALTER TABLE `roles` DISABLE KEYS */;
INSERT INTO `roles` VALUES (1,'Non member',1,1,1,'--- \n','default'),(2,'Anonymous',2,1,2,'--- \n','default'),(3,'???????? ???????',3,1,0,'--- \n- :add_project\n- :edit_project\n- :close_project\n- :select_project_modules\n- :manage_members\n- :manage_versions\n- :add_subprojects\n- :manage_boards\n- :add_messages\n- :edit_messages\n- :edit_own_messages\n- :delete_messages\n- :delete_own_messages\n- :view_calendar\n- :add_contacts\n- :add_notes\n- :delete_own_notes\n- :manage_contacts\n- :manage_documents\n- :view_documents\n- :manage_files\n- :view_files\n- :view_gantt\n- :manage_categories\n- :view_issues\n- :add_issues\n- :edit_issues\n- :manage_issue_relations\n- :manage_subtasks\n- :set_issues_private\n- :set_own_issues_private\n- :add_issue_notes\n- :edit_issue_notes\n- :edit_own_issue_notes\n- :view_private_notes\n- :set_notes_private\n- :move_issues\n- :delete_issues\n- :manage_public_queries\n- :save_queries\n- :view_issue_watchers\n- :add_issue_watchers\n- :delete_issue_watchers\n- :manage_news\n- :comment_news\n- :manage_repository\n- :browse_repository\n- :view_changesets\n- :commit_access\n- :manage_related_issues\n- :log_time\n- :view_time_entries\n- :edit_time_entries\n- :edit_own_time_entries\n- :manage_project_activities\n- :manage_wiki\n- :rename_wiki_pages\n- :delete_wiki_pages\n- :view_wiki_pages\n- :export_wiki_pages\n- :view_wiki_edits\n- :edit_wiki_pages\n- :delete_wiki_pages_attachments\n- :protect_wiki_pages\n','all'),(4,'???????????',4,1,0,'--- \n- :add_messages\n- :edit_own_messages\n- :view_calendar\n- :view_documents\n- :manage_files\n- :view_files\n- :manage_categories\n- :view_issues\n- :add_issues\n- :edit_issues\n- :manage_issue_relations\n- :manage_subtasks\n- :add_issue_notes\n- :edit_issue_notes\n- :set_notes_private\n- :save_queries\n- :comment_news\n- :browse_repository\n- :view_changesets\n- :commit_access\n- :manage_related_issues\n- :log_time\n- :edit_own_time_entries\n- :rename_wiki_pages\n- :delete_wiki_pages\n- :view_wiki_pages\n- :view_wiki_edits\n- :edit_wiki_pages\n','all'),(5,'???????????',5,1,0,'--- \n- :add_messages\n- :edit_own_messages\n- :view_calendar\n- :view_documents\n- :view_files\n- :view_issues\n- :add_issues\n- :edit_issues\n- :add_issue_notes\n- :save_queries\n- :comment_news\n- :browse_repository\n- :view_changesets\n- :view_wiki_pages\n- :view_wiki_edits\n','all'),(6,'???????????',6,1,0,'--- \n- :add_messages\n- :edit_own_messages\n- :delete_own_messages\n- :view_calendar\n- :add_notes\n- :delete_own_notes\n- :view_gantt\n- :view_issues\n- :add_issues\n- :edit_issues\n- :set_own_issues_private\n- :add_issue_notes\n- :edit_issue_notes\n- :save_queries\n- :comment_news\n- :view_wiki_pages\n- :view_wiki_edits\n','all'),(7,'???????',7,1,0,'--- \n- :add_project\n- :edit_project\n- :close_project\n- :select_project_modules\n- :manage_members\n- :add_subprojects\n- :see_project_timesheets\n- :manage_boards\n- :add_messages\n- :edit_messages\n- :edit_own_messages\n- :delete_messages\n- :delete_own_messages\n- :view_calendar\n- :add_contacts\n- :add_notes\n- :delete_own_notes\n- :manage_contacts\n- :manage_documents\n- :view_documents\n- :manage_files\n- :view_files\n- :manage_categories\n- :view_issues\n- :add_issues\n- :edit_issues\n- :manage_issue_relations\n- :manage_subtasks\n- :set_issues_private\n- :set_own_issues_private\n- :add_issue_notes\n- :edit_issue_notes\n- :edit_own_issue_notes\n- :set_notes_private\n- :move_issues\n- :delete_issues\n- :manage_public_queries\n- :save_queries\n- :view_issue_watchers\n- :add_issue_watchers\n- :delete_issue_watchers\n- :manage_news\n- :comment_news\n- :browse_repository\n- :view_changesets\n- :manage_related_issues\n- :manage_wiki\n- :rename_wiki_pages\n- :delete_wiki_pages\n- :view_wiki_pages\n- :view_wiki_edits\n- :edit_wiki_pages\n- :delete_wiki_pages_attachments\n- :protect_wiki_pages\n','all');
/*!40000 ALTER TABLE `roles` ENABLE KEYS */;
UNLOCK TABLES;

--
-- Table structure for table `schema_migrations`
--

DROP TABLE IF EXISTS `schema_migrations`;
/*!40101 SET @saved_cs_client     = @@character_set_client */;
/*!40101 SET character_set_client = utf8 */;
CREATE TABLE `schema_migrations` (
  `version` varchar(255) NOT NULL,
  UNIQUE KEY `unique_schema_migrations` (`version`)
) ENGINE=InnoDB DEFAULT CHARSET=utf8;
/*!40101 SET character_set_client = @saved_cs_client */;

--
-- Dumping data for table `schema_migrations`
--

LOCK TABLES `schema_migrations` WRITE;
/*!40000 ALTER TABLE `schema_migrations` DISABLE KEYS */;
INSERT INTO `schema_migrations` VALUES ('1'),('10'),('100'),('101'),('102'),('103'),('104'),('105'),('106'),('107'),('108'),('11'),('12'),('13'),('14'),('15'),('16'),('16-redmine_contacts'),('17'),('17-redmine_contacts'),('18'),('18-redmine_contacts'),('19'),('19-redmine_contacts'),('2'),('20'),('20-redmine_contacts'),('20090214190337'),('20090312172426'),('20090312194159'),('20090318181151'),('20090323224724'),('20090401221305'),('20090401231134'),('20090403001910'),('20090406161854'),('20090425161243'),('20090503121501'),('20090503121505'),('20090503121510'),('20090614091200'),('20090704172350'),('20090704172355'),('20090704172358'),('20091010093521'),('20091017212227'),('20091017212457'),('20091017212644'),('20091017212938'),('20091017213027'),('20091017213113'),('20091017213151'),('20091017213228'),('20091017213257'),('20091017213332'),('20091017213444'),('20091017213536'),('20091017213642'),('20091017213716'),('20091017213757'),('20091017213835'),('20091017213910'),('20091017214015'),('20091017214107'),('20091017214136'),('20091017214236'),('20091017214308'),('20091017214336'),('20091017214406'),('20091017214440'),('20091017214519'),('20091017214611'),('20091017214644'),('20091017214720'),('20091017214750'),('20091025163651'),('20091108092559'),('20091114105931'),('20091123212029'),('20091205124427'),('20091220183509'),('20091220183727'),('20091220184736'),('20091225164732'),('20091227112908'),('20100129193402'),('20100129193813'),('20100221100219'),('20100313132032'),('20100313171051'),('20100705164950'),('20100819172912'),('20101104182107'),('20101107130441'),('20101114115114'),('20101114115359'),('20110220160626'),('20110223180944'),('20110223180953'),('20110224000000'),('20110226120112'),('20110226120132'),('20110227125750'),('20110228000000'),('20110228000100'),('20110401192910'),('20110408103312'),('20110412065600'),('20110511000000'),('20110902000000'),('20111201201315'),('20120115143024'),('20120115143100'),('20120115143126'),('20120127174243'),('20120205111326'),('20120223110929'),('20120301153455'),('20120422150750'),('20120705074331'),('20120707064544'),('20120714122000'),('20120714122100'),('20120714122200'),('20120731164049'),('20120930112914'),('20121026002032'),('20121026003537'),('21'),('21-redmine_contacts'),('22'),('22-redmine_contacts'),('23'),('23-redmine_contacts'),('24'),('24-redmine_contacts'),('25'),('25-redmine_contacts'),('26'),('26-redmine_contacts'),('27'),('27-redmine_contacts'),('28'),('28-redmine_contacts'),('29'),('29-redmine_contacts'),('3'),('30'),('31'),('32'),('33'),('34'),('35'),('36'),('37'),('38'),('39'),('4'),('40'),('41'),('42'),('43'),('44'),('45'),('46'),('47'),('48'),('49'),('5'),('50'),('51'),('52'),('53'),('54'),('55'),('56'),('57'),('58'),('59'),('6'),('60'),('61'),('62'),('63'),('64'),('65'),('66'),('67'),('68'),('69'),('7'),('70'),('71'),('72'),('73'),('74'),('75'),('76'),('77'),('78'),('79'),('8'),('80'),('81'),('82'),('83'),('84'),('85'),('86'),('87'),('88'),('89'),('9'),('90'),('91'),('92'),('93'),('94'),('95'),('96'),('97'),('98'),('99');
/*!40000 ALTER TABLE `schema_migrations` ENABLE KEYS */;
UNLOCK TABLES;

--
-- Table structure for table `settings`
--

DROP TABLE IF EXISTS `settings`;
/*!40101 SET @saved_cs_client     = @@character_set_client */;
/*!40101 SET character_set_client = utf8 */;
CREATE TABLE `settings` (
  `id` int(11) NOT NULL AUTO_INCREMENT,
  `name` varchar(255) NOT NULL DEFAULT '',
  `value` text,
  `updated_on` datetime DEFAULT NULL,
  PRIMARY KEY (`id`),
  KEY `index_settings_on_name` (`name`)
) ENGINE=InnoDB AUTO_INCREMENT=74 DEFAULT CHARSET=utf8;
/*!40101 SET character_set_client = @saved_cs_client */;

--
-- Dumping data for table `settings`
--

LOCK TABLES `settings` WRITE;
/*!40000 ALTER TABLE `settings` DISABLE KEYS */;
INSERT INTO `settings` VALUES (1,'user_format','firstname_lastname','2013-02-19 17:06:32'),(2,'default_language','ru','2013-02-13 21:57:47'),(3,'thumbnails_enabled','1','2013-02-15 01:20:57'),(4,'gravatar_default','retro','2013-02-15 01:20:57'),(5,'date_format','%d.%m.%Y','2013-03-05 23:55:07'),(6,'ui_theme','pixel-cookers-RedmineThemePixelCookers-7247131','2013-02-19 13:57:34'),(7,'time_format','%H:%M','2013-03-05 23:55:07'),(8,'gravatar_enabled','0','2013-02-13 21:54:49'),(9,'thumbnails_size','200','2013-03-05 23:55:07'),(10,'start_of_week','1','2013-03-05 23:55:07'),(11,'default_projects_public','0','2013-02-14 00:47:00'),(12,'sequential_project_identifiers','0','2013-03-05 23:55:27'),(13,'default_projects_modules','--- \n- issue_tracking\n- news\n- documents\n- files\n- wiki\n','2013-02-19 13:40:13'),(14,'new_project_user_role_id','3','2013-02-14 00:47:00'),(15,'password_min_length','3','2013-02-14 00:47:13'),(16,'autologin','365','2013-02-14 00:47:13'),(17,'session_timeout','0','2013-02-14 00:47:13'),(18,'openid','0','2013-02-19 02:37:30'),(19,'self_registration','1','2013-02-18 17:31:27'),(20,'lost_password','1','2013-02-14 00:47:13'),(21,'rest_api_enabled','1','2013-02-15 01:18:13'),(22,'login_required','0','2013-02-14 00:47:13'),(23,'session_lifetime','0','2013-02-14 00:47:13'),(24,'unsubscribe','0','2013-02-14 00:47:13'),(25,'commit_fix_keywords','fixes,closes','2013-02-14 00:49:07'),(26,'enabled_scm','--- \n- Subversion\n- Darcs\n- Mercurial\n- Cvs\n- Bazaar\n- Git\n- Filesystem\n','2013-02-21 21:58:57'),(27,'commit_fix_status_id','0','2013-02-14 00:49:07'),(28,'repository_log_display_limit','500','2013-02-15 01:23:13'),(29,'commit_logtime_activity_id','8','2013-02-19 15:16:14'),(30,'commit_cross_project_ref','1','2013-02-15 01:23:13'),(31,'commit_ref_keywords','refs,references,IssueID','2013-02-14 00:49:07'),(32,'commit_fix_done_ratio','100','2013-02-14 00:49:07'),(33,'autofetch_changesets','1','2013-02-14 00:49:07'),(34,'commit_logtime_enabled','1','2013-02-14 00:49:07'),(35,'sys_api_enabled','1','2013-02-15 01:23:13'),(36,'protocol','http','2013-02-14 01:28:42'),(37,'welcome_text','???????????? ??? ? ????? ??????? ?????????? ?????????.\r\n????? ?????? ?????, ?? ?????? ???????????? ?????????????? ??????? ??? ?????? ? ????????.\r\n?????? ?????? ???????? ??? ?????? ? ???????? ???????? ????? http://www.redmine.org/projects/redmine/wiki/ThirdPartyTools','2013-03-06 00:05:39'),(38,'host_name','195.16.88.5:3000','2013-02-18 18:21:07'),(39,'activity_days_default','30','2013-02-14 01:28:42'),(40,'file_max_size_displayed','512','2013-02-14 01:28:42'),(41,'diff_max_lines_displayed','1500','2013-02-14 01:28:42'),(42,'feeds_limit','15','2013-02-14 01:28:42'),(43,'attachment_max_size','350000','2013-03-05 19:54:08'),(44,'wiki_compression','','2013-02-14 01:28:42'),(45,'repositories_encodings','utf8','2013-03-05 19:54:08'),(46,'cache_formatted_text','0','2013-02-14 01:28:42'),(47,'app_title','Mango Project','2013-02-14 01:28:42'),(48,'per_page_options','25,50,100','2013-02-14 01:28:42'),(49,'text_formatting','textile','2013-02-14 01:28:42'),(50,'non_working_week_days','--- []\n\n','2013-02-18 18:22:01'),(51,'issues_export_limit','500','2013-02-15 01:22:10'),(52,'cross_project_subtasks','hierarchy','2013-03-05 23:56:53'),(53,'display_subprojects_issues','1','2013-02-15 01:22:10'),(54,'issue_done_ratio','issue_status','2013-03-05 23:56:53'),(55,'issue_list_default_columns','--- \n- subject\n- priority\n- status\n- assigned_to\n- updated_on\n- author\n','2013-03-06 00:08:35'),(56,'gantt_items_limit','500','2013-02-15 01:22:10'),(57,'cross_project_issue_relations','0','2013-03-05 23:58:30'),(58,'default_issue_start_date_to_creation_date','1','2013-02-15 01:22:10'),(59,'issue_group_assignment','1','2013-03-05 23:56:53'),(60,'mail_handler_api_key','o7pSoHjLrSq0zVj20s5T','2013-02-15 01:22:35'),(61,'mail_handler_api_enabled','1','2013-02-15 01:22:35'),(62,'mail_handler_body_delimiters','','2013-02-15 01:22:35'),(63,'sys_api_key','LdxMEGqnrVOfe1lTs6MY','2013-02-15 01:23:13'),(64,'plugin_redmine_contacts','--- !map:ActiveSupport::HashWithIndifferentAccess \nshow_in_app_menu: \"1\"\nnote_authoring_time: \"1\"\nname_format: firstname_lastname\nshow_closed_issues: \"1\"\nuse_gravatar: \"1\"\n','2013-02-19 15:17:26'),(65,'emails_footer','?? ????????? ?????? ???????????, ?.?. ????????? ? ????????? ?????????? ?????????? ???????? ????? ????.\r\n???? ?? ?????? ???????? ???? ?????????, ???????? ? ???? ???????: http://195.16.88.5:3000/my/account','2013-02-18 17:39:35'),(66,'notified_events','--- \n- issue_added\n- issue_updated\n- issue_note_added\n- issue_status_updated\n- issue_priority_updated\n- news_added\n- document_added\n- file_added\n- message_posted\n- wiki_content_added\n- wiki_content_updated\n- crm_deal_added\n- crm_deal_updated\n- crm_note_added\n','2013-03-05 23:59:03'),(67,'mail_from','mango.notifer@gmail.com','2013-02-18 17:40:27'),(68,'default_notification_option','all','2013-02-19 13:40:57'),(69,'plain_text_mail','0','2013-02-18 17:39:35'),(70,'bcc_recipients','1','2013-02-18 17:39:35'),(71,'emails_header','??????????? ? ????? ???????? ? ??????? ?????????? ????????? ?????','2013-02-18 17:40:27'),(72,'plugin_redmine_timesheet_plugin','--- !map:ActiveSupport::HashWithIndifferentAccess \nuser_status: active\nproject_status: active\nprecision: \"2\"\nlist_size: \"5\"\n','2013-02-19 15:17:04'),(73,'plugin_progressive_projects_list','--- !map:ActiveSupport::HashWithIndifferentAccess \nshow_project_progress: \"true\"\n','2013-02-19 15:17:16');
/*!40000 ALTER TABLE `settings` ENABLE KEYS */;
UNLOCK TABLES;

--
-- Table structure for table `taggings`
--

DROP TABLE IF EXISTS `taggings`;
/*!40101 SET @saved_cs_client     = @@character_set_client */;
/*!40101 SET character_set_client = utf8 */;
CREATE TABLE `taggings` (
  `id` int(11) NOT NULL AUTO_INCREMENT,
  `tag_id` int(11) DEFAULT NULL,
  `taggable_id` int(11) DEFAULT NULL,
  `tagger_id` int(11) DEFAULT NULL,
  `tagger_type` varchar(255) DEFAULT NULL,
  `taggable_type` varchar(255) DEFAULT NULL,
  `context` varchar(128) DEFAULT NULL,
  `created_at` datetime DEFAULT NULL,
  PRIMARY KEY (`id`),
  KEY `index_taggings_on_tag_id` (`tag_id`),
  KEY `index_taggings_on_taggable_id_and_taggable_type_and_context` (`taggable_id`,`taggable_type`,`context`)
) ENGINE=InnoDB DEFAULT CHARSET=utf8;
/*!40101 SET character_set_client = @saved_cs_client */;

--
-- Dumping data for table `taggings`
--

LOCK TABLES `taggings` WRITE;
/*!40000 ALTER TABLE `taggings` DISABLE KEYS */;
/*!40000 ALTER TABLE `taggings` ENABLE KEYS */;
UNLOCK TABLES;

--
-- Table structure for table `tags`
--

DROP TABLE IF EXISTS `tags`;
/*!40101 SET @saved_cs_client     = @@character_set_client */;
/*!40101 SET character_set_client = utf8 */;
CREATE TABLE `tags` (
  `id` int(11) NOT NULL AUTO_INCREMENT,
  `name` varchar(255) DEFAULT NULL,
  `color` int(11) DEFAULT NULL,
  `created_at` datetime DEFAULT NULL,
  `updated_at` datetime DEFAULT NULL,
  PRIMARY KEY (`id`),
  KEY `index_tags_on_name` (`name`)
) ENGINE=InnoDB DEFAULT CHARSET=utf8;
/*!40101 SET character_set_client = @saved_cs_client */;

--
-- Dumping data for table `tags`
--

LOCK TABLES `tags` WRITE;
/*!40000 ALTER TABLE `tags` DISABLE KEYS */;
/*!40000 ALTER TABLE `tags` ENABLE KEYS */;
UNLOCK TABLES;

--
-- Table structure for table `time_entries`
--

DROP TABLE IF EXISTS `time_entries`;
/*!40101 SET @saved_cs_client     = @@character_set_client */;
/*!40101 SET character_set_client = utf8 */;
CREATE TABLE `time_entries` (
  `id` int(11) NOT NULL AUTO_INCREMENT,
  `project_id` int(11) NOT NULL,
  `user_id` int(11) NOT NULL,
  `issue_id` int(11) DEFAULT NULL,
  `hours` float NOT NULL,
  `comments` varchar(255) DEFAULT NULL,
  `activity_id` int(11) NOT NULL,
  `spent_on` date NOT NULL,
  `tyear` int(11) NOT NULL,
  `tmonth` int(11) NOT NULL,
  `tweek` int(11) NOT NULL,
  `created_on` datetime NOT NULL,
  `updated_on` datetime NOT NULL,
  PRIMARY KEY (`id`),
  KEY `time_entries_project_id` (`project_id`),
  KEY `time_entries_issue_id` (`issue_id`),
  KEY `index_time_entries_on_activity_id` (`activity_id`),
  KEY `index_time_entries_on_user_id` (`user_id`),
  KEY `index_time_entries_on_created_on` (`created_on`)
) ENGINE=InnoDB DEFAULT CHARSET=utf8;
/*!40101 SET character_set_client = @saved_cs_client */;

--
-- Dumping data for table `time_entries`
--

LOCK TABLES `time_entries` WRITE;
/*!40000 ALTER TABLE `time_entries` DISABLE KEYS */;
/*!40000 ALTER TABLE `time_entries` ENABLE KEYS */;
UNLOCK TABLES;

--
-- Table structure for table `tokens`
--

DROP TABLE IF EXISTS `tokens`;
/*!40101 SET @saved_cs_client     = @@character_set_client */;
/*!40101 SET character_set_client = utf8 */;
CREATE TABLE `tokens` (
  `id` int(11) NOT NULL AUTO_INCREMENT,
  `user_id` int(11) NOT NULL DEFAULT '0',
  `action` varchar(30) NOT NULL DEFAULT '',
  `value` varchar(40) NOT NULL DEFAULT '',
  `created_on` datetime NOT NULL,
  PRIMARY KEY (`id`),
  KEY `index_tokens_on_user_id` (`user_id`)
) ENGINE=InnoDB AUTO_INCREMENT=71 DEFAULT CHARSET=utf8;
/*!40101 SET character_set_client = @saved_cs_client */;

--
-- Dumping data for table `tokens`
--

LOCK TABLES `tokens` WRITE;
/*!40000 ALTER TABLE `tokens` DISABLE KEYS */;
INSERT INTO `tokens` VALUES (2,1,'feeds','52fdaf6022b51685aa9419f45fd2bbb8903d5c98','2013-02-14 01:32:02'),(4,1,'api','5aacbebd9ebadc4dec3ee0446a8a50430ee56214','2013-02-15 16:40:28'),(5,10,'feeds','54c1be7e473ba5c611858f9d8ed025c3abecfce7','2013-02-15 17:03:41'),(6,13,'feeds','7757f9ebb7b34adf131c611ea595f0ed987215ee','2013-02-15 17:43:55'),(7,13,'api','1c0ad865ada0f98ca22e4481ac4ffb27a5030f84','2013-02-15 17:44:13'),(9,14,'autologin','aef570546b9fb7db70918212e183c3bdee9886ab','2013-02-17 22:28:45'),(10,14,'feeds','9132caf7d16e911e44cc18a666f2d508a86a8ec1','2013-02-17 22:28:45'),(11,14,'api','79498ab728345228a3f7ce3752677675d8e5493a','2013-02-17 22:29:05'),(13,16,'feeds','73e857284328fc216cfad9aec13343db82384417','2013-02-19 14:28:35'),(16,18,'feeds','4cd3459413a1ce1902857735d8853a677a5c1782','2013-02-19 17:09:51'),(18,17,'feeds','aa171f72d04aa4fab8eb63ab37cd367fee317e4e','2013-02-19 17:24:59'),(19,17,'api','30574a1832a4e5b18f2d1736a7ba48223b99d60d','2013-02-19 17:25:24'),(22,22,'feeds','fa8f0595b856a7f369f50f5d7d8aa31bc2ce30e3','2013-02-20 11:38:07'),(25,23,'feeds','53fdea4f431234622548f993ca822d2e5eb97d58','2013-02-21 15:49:42'),(26,23,'api','01c79d801e650b763f5c4cce48fb1ca5ff0eb0f3','2013-02-21 15:51:58'),(27,18,'autologin','af78165debf7222570aca1e5112c4ee34b1c6f9b','2013-02-21 16:41:31'),(28,18,'api','a2c1dd164f1ba3bc3e6eeabba84e0b5fd780ea5e','2013-02-21 16:41:32'),(30,17,'autologin','da31db63ed1057f5f63e4024a2d217261513b5e3','2013-02-28 09:15:44'),(31,23,'autologin','d4290264acecf6c23e2ff44a320d5debad455624','2013-02-28 11:26:34'),(36,20,'feeds','2527104ec3a8fe4ae6d26e14112403ddcfe3bab7','2013-02-28 17:55:16'),(39,21,'feeds','34271ca705f5ab6ef1530bfd4bacf112cc075861','2013-03-04 13:15:46'),(41,20,'autologin','cf008cf5fd439ad368cbec43b492151962b44fa0','2013-03-05 18:11:40'),(44,24,'register','691bb7f103670a98aface3666a9677c497bb3634','2013-03-06 19:50:16'),(46,24,'feeds','01cf57196204dc0832af8da6d99e6a77f959c816','2013-03-06 19:56:20'),(47,25,'register','dcf27eb618e32252c93f0cd5b1770072fe76ed00','2013-03-07 13:38:45'),(48,25,'autologin','cea6c89e9096948ea04d5ac07da7b72533375dd3','2013-03-07 14:02:25'),(49,25,'api','8ad833d2530c4d1b2a58c2255d9b2ee08c2a0941','2013-03-07 14:02:38'),(50,25,'feeds','9fe9d080729899c1804a5d891ea430cf0fa693bb','2013-03-07 14:02:42'),(55,26,'feeds','bb419e03e6286a59b3b5d0c627872567f7e50169','2013-03-13 14:19:08'),(56,26,'api','f479a2c695c99f974b18ba489421ae56c66444db','2013-03-13 16:05:23'),(57,24,'autologin','d230a6b688ee22a896652a3e86ef33c129894227','2013-03-14 15:47:39'),(60,26,'autologin','7c05aa55a6c5b171e34f02cf8bb6ac0ad515d8f4','2013-03-18 14:26:33'),(62,27,'feeds','66fe9f01a816a3703fd171bc4c1f163a2776bb64','2013-03-21 13:11:08'),(63,27,'api','12da9ecfcad7a9097b3c2e7e715dd44d6461f3b1','2013-03-21 13:11:34'),(65,22,'autologin','167e3c804e81a15435acde68f2ef0eab64228b72','2013-03-25 16:01:24'),(66,28,'register','6b163c9333e35ae5e764e6fdfb99491999ceffdb','2013-03-25 16:26:33'),(68,28,'feeds','bba693d9a17b99d1456d2a48ccf128f70bc8372a','2013-03-25 16:42:32'),(69,28,'api','681aabcba92f897ef5b87ace78417c49ec87b567','2013-03-25 16:48:00'),(70,28,'autologin','872c6a2fab117c9fc5797f538afcde03e67b825e','2013-03-26 12:53:29');
/*!40000 ALTER TABLE `tokens` ENABLE KEYS */;
UNLOCK TABLES;

--
-- Table structure for table `trackers`
--

DROP TABLE IF EXISTS `trackers`;
/*!40101 SET @saved_cs_client     = @@character_set_client */;
/*!40101 SET character_set_client = utf8 */;
CREATE TABLE `trackers` (
  `id` int(11) NOT NULL AUTO_INCREMENT,
  `name` varchar(30) NOT NULL DEFAULT '',
  `is_in_chlog` tinyint(1) NOT NULL DEFAULT '0',
  `position` int(11) DEFAULT '1',
  `is_in_roadmap` tinyint(1) NOT NULL DEFAULT '1',
  `fields_bits` int(11) DEFAULT '0',
  PRIMARY KEY (`id`)
) ENGINE=InnoDB AUTO_INCREMENT=9 DEFAULT CHARSET=utf8;
/*!40101 SET character_set_client = @saved_cs_client */;

--
-- Dumping data for table `trackers`
--

LOCK TABLES `trackers` WRITE;
/*!40000 ALTER TABLE `trackers` DISABLE KEYS */;
INSERT INTO `trackers` VALUES (1,'??????????',1,1,0,204),(2,'??????????????',1,2,0,204),(3,'??????????????? ???????',0,3,0,204),(6,'????????????',0,4,1,204),(8,'??????',0,5,1,204);
/*!40000 ALTER TABLE `trackers` ENABLE KEYS */;
UNLOCK TABLES;

--
-- Table structure for table `user_preferences`
--

DROP TABLE IF EXISTS `user_preferences`;
/*!40101 SET @saved_cs_client     = @@character_set_client */;
/*!40101 SET character_set_client = utf8 */;
CREATE TABLE `user_preferences` (
  `id` int(11) NOT NULL AUTO_INCREMENT,
  `user_id` int(11) NOT NULL DEFAULT '0',
  `others` text,
  `hide_mail` tinyint(1) DEFAULT '0',
  `time_zone` varchar(255) DEFAULT NULL,
  PRIMARY KEY (`id`),
  KEY `index_user_preferences_on_user_id` (`user_id`)
) ENGINE=InnoDB AUTO_INCREMENT=17 DEFAULT CHARSET=utf8;
/*!40101 SET character_set_client = @saved_cs_client */;

--
-- Dumping data for table `user_preferences`
--

LOCK TABLES `user_preferences` WRITE;
/*!40000 ALTER TABLE `user_preferences` DISABLE KEYS */;
INSERT INTO `user_preferences` VALUES (1,1,'--- \n:gantt_zoom: 2\n:comments_sorting: asc\n:warn_on_leaving_unsaved: \"1\"\n:no_self_notified: false\n:my_page_layout: \n  left: []\n\n  top: \n  - issuesassignedtome\n  - issuesreportedbyme\n  - issueswatched\n  right: []\n\n:gantt_months: 6\n',0,''),(2,10,'--- \n:comments_sorting: asc\n:no_self_notified: false\n:warn_on_leaving_unsaved: \"0\"\n:gantt_zoom: 2\n:gantt_months: 6\n',0,''),(3,13,'--- \n:comments_sorting: asc\n:no_self_notified: false\n:warn_on_leaving_unsaved: \"1\"\n',0,'Minsk'),(4,14,'--- \n:comments_sorting: asc\n:warn_on_leaving_unsaved: \"1\"\n:no_self_notified: false\n',0,''),(5,16,'--- \n:comments_sorting: asc\n:no_self_notified: false\n:warn_on_leaving_unsaved: \"1\"\n',0,''),(6,18,'--- \n:no_self_notified: false\n',0,NULL),(7,17,'--- \n:gantt_months: 6\n:no_self_notified: false\n:gantt_zoom: 2\n',0,NULL),(8,20,'--- \n:comments_sorting: asc\n:no_self_notified: false\n:warn_on_leaving_unsaved: \"1\"\n',0,'Kyiv'),(9,21,'--- \n:comments_sorting: asc\n:no_self_notified: false\n:warn_on_leaving_unsaved: \"1\"\n',0,'Kyiv'),(10,22,'--- \n:comments_sorting: asc\n:no_self_notified: false\n:warn_on_leaving_unsaved: \"1\"\n',0,'Riga'),(11,23,'--- \n:comments_sorting: asc\n:no_self_notified: false\n:warn_on_leaving_unsaved: \"1\"\n:my_page_layout: \n  right: []\n\n  left: []\n\n  top: \n  - issueswatched\n  - news\n',1,'Kyiv'),(12,24,'--- \n:no_self_notified: false\n',0,NULL),(13,25,'--- \n:no_self_notified: false\n',0,NULL),(14,26,'--- {}\n\n',0,NULL),(15,27,'--- \n:comments_sorting: asc\n:no_self_notified: false\n:warn_on_leaving_unsaved: \"1\"\n',1,'Mid-Atlantic'),(16,28,'--- \n:no_self_notified: false\n',0,NULL);
/*!40000 ALTER TABLE `user_preferences` ENABLE KEYS */;
UNLOCK TABLES;

--
-- Table structure for table `users`
--

DROP TABLE IF EXISTS `users`;
/*!40101 SET @saved_cs_client     = @@character_set_client */;
/*!40101 SET character_set_client = utf8 */;
CREATE TABLE `users` (
  `id` int(11) NOT NULL AUTO_INCREMENT,
  `login` varchar(255) NOT NULL DEFAULT '',
  `hashed_password` varchar(40) NOT NULL DEFAULT '',
  `firstname` varchar(30) NOT NULL DEFAULT '',
  `lastname` varchar(30) NOT NULL DEFAULT '',
  `mail` varchar(60) NOT NULL DEFAULT '',
  `admin` tinyint(1) NOT NULL DEFAULT '0',
  `status` int(11) NOT NULL DEFAULT '1',
  `last_login_on` datetime DEFAULT NULL,
  `language` varchar(5) DEFAULT '',
  `auth_source_id` int(11) DEFAULT NULL,
  `created_on` datetime DEFAULT NULL,
  `updated_on` datetime DEFAULT NULL,
  `type` varchar(255) DEFAULT NULL,
  `identity_url` varchar(255) DEFAULT NULL,
  `mail_notification` varchar(255) NOT NULL DEFAULT '',
  `salt` varchar(64) DEFAULT NULL,
  PRIMARY KEY (`id`),
  KEY `index_users_on_id_and_type` (`id`,`type`),
  KEY `index_users_on_auth_source_id` (`auth_source_id`),
  KEY `index_users_on_type` (`type`)
) ENGINE=InnoDB AUTO_INCREMENT=29 DEFAULT CHARSET=utf8;
/*!40101 SET character_set_client = @saved_cs_client */;

--
-- Dumping data for table `users`
--

LOCK TABLES `users` WRITE;
/*!40000 ALTER TABLE `users` DISABLE KEYS */;
INSERT INTO `users` VALUES (1,'admin','c74d826158e6a2cc55265793416c85b9b57b0ca3','?????','??????','mango.company@gmail.com',1,1,'2013-03-26 11:25:55','ru',NULL,'2013-02-13 21:50:03','2013-03-26 11:25:55','User','http://projectmanager/','all','2ce50f8bc64742c326714d1b9f7aa5e6'),(2,'','','','Anonymous','',0,0,NULL,'',NULL,'2013-02-13 21:50:35','2013-02-13 21:50:35','AnonymousUser',NULL,'only_my_events',NULL),(4,'','','','????????????','',0,1,NULL,'',NULL,'2013-02-14 00:57:36','2013-02-14 00:57:36','Group',NULL,'',NULL),(5,'','','','????????','',0,1,NULL,'',NULL,'2013-02-14 00:58:01','2013-02-14 00:58:01','Group',NULL,'',NULL),(6,'','','','???????? ???????','',0,1,NULL,'',NULL,'2013-02-14 00:58:16','2013-02-14 00:58:16','Group',NULL,'',NULL),(7,'','','','?????????','',0,1,NULL,'',NULL,'2013-02-14 16:14:57','2013-02-14 16:14:57','Group',NULL,'',NULL),(8,'','','','????????????','',0,1,NULL,'',NULL,'2013-02-14 16:15:04','2013-02-14 16:15:04','Group',NULL,'',NULL),(9,'','','','??????????????','',0,1,NULL,'',NULL,'2013-02-14 16:15:16','2013-02-14 16:15:16','Group',NULL,'',NULL),(10,'123','43cdd716567b58b437e1ec6b1647e067b88b161d','123','123','moon-martin@mail.ru',1,1,'2013-02-18 18:13:09','ru',NULL,'2013-02-15 00:56:26','2013-02-19 02:39:58','User','http://projectmanager/','all','1ff798de1526f0d85baec61543d13d5d'),(12,'','','','???? ??????????','',0,1,NULL,'',NULL,'2013-02-15 17:21:48','2013-02-15 17:21:48','Group',NULL,'',NULL),(13,'dato','92b83e11267cc0ac25c74d6711b7bec4bb2373a5','????','????','press.pulsini@gmail.com',0,1,'2013-02-20 10:39:00','ru',NULL,'2013-02-15 17:25:09','2013-02-20 10:39:00','User','http://hust/','only_my_events','b2daa435a7134c2f052e2c19fe626840'),(14,'yakov','a9edc60e2faaacb61c557acd2b18d07af72cbf80','????','????????','jack_@inbox.ru',0,1,'2013-02-21 00:55:36','ru',NULL,'2013-02-15 18:07:19','2013-02-21 00:55:36','User','http://projectmanager/','only_my_events','61a84b97fa83cb0158b168f21a8d5cac'),(15,'','','','????????','',0,1,NULL,'',NULL,'2013-02-19 13:35:13','2013-02-19 13:35:13','Group',NULL,'',NULL),(16,'y_avdeev','8c5f0ee7bc31c303bef1f80560a21df7f877d2c9','????','??????','y_avdeev@mail.ru',0,1,'2013-03-19 15:16:28','ru',NULL,'2013-02-19 14:27:44','2013-03-19 15:16:28','User',NULL,'all','10d7637c85ae083b2badd51ee64ea5be'),(17,'ivan','fd897ea256ffa60d6cbdc0320200d62c3ad80a8b','Ivan','Koshelev','ivan@5-soft.com',0,1,'2013-03-26 11:28:53','ru',NULL,'2013-02-19 17:09:03','2013-03-26 11:28:53','User',NULL,'all','0cbfa36aef404c8dcb28dcf765a9f5e7'),(18,'Tenkfm','0d8e28e859fe45fe7f59ad5fdeba6dd3ceb7b221','?????','???????????','tenkfm@gmail.com',0,1,'2013-02-21 16:41:31','ru',NULL,'2013-02-19 17:09:26','2013-02-21 16:41:31','User',NULL,'all','afe0e9298e73462b39d1d03cf0643274'),(19,'','','','?????','',0,1,NULL,'',NULL,'2013-02-19 17:29:13','2013-02-19 17:29:13','Group',NULL,'',NULL),(20,'dkornilich','75100c2068d1905bc8fcf02e3b7e9b23089f96d9','???????','????????','dkornilich@itera-research.com',0,1,'2013-03-25 20:44:15','ru',NULL,'2013-02-19 20:11:39','2013-03-25 20:44:15','User',NULL,'all','6722c22edc4f5327d70682408bfa777d'),(21,'stomilkin','02583531977bd37b274feb767792454d71fd4e87','??????','????????','stomilkin@itera-research.com',0,1,'2013-03-26 11:40:25','ru',NULL,'2013-02-19 20:13:10','2013-03-26 11:40:25','User',NULL,'all','af8dc401c58e2155c1d3bb849e4bd6e0'),(22,'wing.sergey','b0f6aca9b6f6d3ba24bfaa9309f8b8016f7a57a1','??????','Wing','wing.sergey@gmail.com',0,1,'2013-03-25 16:01:24','ru',NULL,'2013-02-19 20:17:51','2013-03-25 16:01:24','User',NULL,'all','4f9453b1341fe14966a69f33855feaf3'),(23,'turko','2a19399bcb070f2f9c80187297b19903e76e63f6','Andrey','Turko','turko@itera-research.com',0,1,'2013-03-19 22:50:52','ru',NULL,'2013-02-21 15:42:49','2013-03-19 22:50:52','User',NULL,'all','4ae0c9dbeb92e001d96bd002c72f8fe9'),(24,'tarkhil','6a9f7a8ea245c6fbc08e50fb2dcdec39cf05dfc1','Alex','Povolotsky','tarkhil@over.ru',0,1,'2013-03-14 15:47:39','ru',NULL,'2013-03-06 19:50:16','2013-03-14 15:47:39','User',NULL,'all','c4ac9601664cd7d760aad50698433116'),(25,'borsky','0efac07492cd31c49530ccf037351ca445863a1a','Alexander','Samborsky','sam@borsky.kiev.ua',0,1,'2013-03-18 17:08:18','ru',NULL,'2013-03-07 13:38:45','2013-03-18 17:08:18','User',NULL,'all','b748c699f252c099af1e1af75f1db48c'),(26,'serj','8262156eb9df4686b2b8e81eec6b8a7d8e523d38','serj','es','melkeades@ya.ru',0,1,'2013-03-23 20:26:30','ru',NULL,'2013-03-13 14:18:21','2013-03-23 20:26:30','User',NULL,'all','6991ab0f6b1adc741c13551adf8d3195'),(27,'AndreyM','15ef0fe0e11164dfd0cafa0ce8105c5436be4681','Andrey','Mk','a2772@mail.ru',0,1,'2013-03-26 11:52:34','ru',NULL,'2013-03-21 13:09:56','2013-03-26 11:52:34','User',NULL,'all','7c767490070d2b109709bff9ea7b1ef0'),(28,'uy5lm','3e6523639b50e45f0d76611e378f19692811ae3c','Mikhail','Koshelev','uy5lm@ukr.net',0,1,'2013-03-26 12:53:29','ru',NULL,'2013-03-25 16:26:33','2013-03-26 12:53:29','User',NULL,'all','80b12b87180eef9ad6440274eb4c6946');
/*!40000 ALTER TABLE `users` ENABLE KEYS */;
UNLOCK TABLES;

--
-- Table structure for table `versions`
--

DROP TABLE IF EXISTS `versions`;
/*!40101 SET @saved_cs_client     = @@character_set_client */;
/*!40101 SET character_set_client = utf8 */;
CREATE TABLE `versions` (
  `id` int(11) NOT NULL AUTO_INCREMENT,
  `project_id` int(11) NOT NULL DEFAULT '0',
  `name` varchar(255) NOT NULL DEFAULT '',
  `description` varchar(255) DEFAULT '',
  `effective_date` date DEFAULT NULL,
  `created_on` datetime DEFAULT NULL,
  `updated_on` datetime DEFAULT NULL,
  `wiki_page_title` varchar(255) DEFAULT NULL,
  `status` varchar(255) DEFAULT 'open',
  `sharing` varchar(255) NOT NULL DEFAULT 'none',
  PRIMARY KEY (`id`),
  KEY `altered_versions_project_id` (`project_id`),
  KEY `index_versions_on_sharing` (`sharing`)
) ENGINE=InnoDB DEFAULT CHARSET=utf8;
/*!40101 SET character_set_client = @saved_cs_client */;

--
-- Dumping data for table `versions`
--

LOCK TABLES `versions` WRITE;
/*!40000 ALTER TABLE `versions` DISABLE KEYS */;
/*!40000 ALTER TABLE `versions` ENABLE KEYS */;
UNLOCK TABLES;

--
-- Table structure for table `watchers`
--

DROP TABLE IF EXISTS `watchers`;
/*!40101 SET @saved_cs_client     = @@character_set_client */;
/*!40101 SET character_set_client = utf8 */;
CREATE TABLE `watchers` (
  `id` int(11) NOT NULL AUTO_INCREMENT,
  `watchable_type` varchar(255) NOT NULL DEFAULT '',
  `watchable_id` int(11) NOT NULL DEFAULT '0',
  `user_id` int(11) DEFAULT NULL,
  PRIMARY KEY (`id`),
  KEY `watchers_user_id_type` (`user_id`,`watchable_type`),
  KEY `index_watchers_on_user_id` (`user_id`),
  KEY `index_watchers_on_watchable_id_and_watchable_type` (`watchable_id`,`watchable_type`)
) ENGINE=InnoDB AUTO_INCREMENT=10 DEFAULT CHARSET=utf8;
/*!40101 SET character_set_client = @saved_cs_client */;

--
-- Dumping data for table `watchers`
--

LOCK TABLES `watchers` WRITE;
/*!40000 ALTER TABLE `watchers` DISABLE KEYS */;
INSERT INTO `watchers` VALUES (1,'Issue',7,1),(2,'Issue',89,16),(3,'Issue',7,23),(9,'Issue',101,25);
/*!40000 ALTER TABLE `watchers` ENABLE KEYS */;
UNLOCK TABLES;

--
-- Table structure for table `wiki_content_versions`
--

DROP TABLE IF EXISTS `wiki_content_versions`;
/*!40101 SET @saved_cs_client     = @@character_set_client */;
/*!40101 SET character_set_client = utf8 */;
CREATE TABLE `wiki_content_versions` (
  `id` int(11) NOT NULL AUTO_INCREMENT,
  `wiki_content_id` int(11) NOT NULL,
  `page_id` int(11) NOT NULL,
  `author_id` int(11) DEFAULT NULL,
  `data` blob,
  `compression` varchar(6) DEFAULT '',
  `comments` varchar(255) DEFAULT '',
  `updated_on` datetime NOT NULL,
  `version` int(11) NOT NULL,
  PRIMARY KEY (`id`),
  KEY `wiki_content_versions_wcid` (`wiki_content_id`),
  KEY `index_wiki_content_versions_on_updated_on` (`updated_on`)
) ENGINE=InnoDB DEFAULT CHARSET=utf8;
/*!40101 SET character_set_client = @saved_cs_client */;

--
-- Dumping data for table `wiki_content_versions`
--

LOCK TABLES `wiki_content_versions` WRITE;
/*!40000 ALTER TABLE `wiki_content_versions` DISABLE KEYS */;
/*!40000 ALTER TABLE `wiki_content_versions` ENABLE KEYS */;
UNLOCK TABLES;

--
-- Table structure for table `wiki_contents`
--

DROP TABLE IF EXISTS `wiki_contents`;
/*!40101 SET @saved_cs_client     = @@character_set_client */;
/*!40101 SET character_set_client = utf8 */;
CREATE TABLE `wiki_contents` (
  `id` int(11) NOT NULL AUTO_INCREMENT,
  `page_id` int(11) NOT NULL,
  `author_id` int(11) DEFAULT NULL,
  `text` text,
  `comments` varchar(255) DEFAULT '',
  `updated_on` datetime NOT NULL,
  `version` int(11) NOT NULL,
  PRIMARY KEY (`id`),
  KEY `wiki_contents_page_id` (`page_id`),
  KEY `index_wiki_contents_on_author_id` (`author_id`)
) ENGINE=InnoDB DEFAULT CHARSET=utf8;
/*!40101 SET character_set_client = @saved_cs_client */;

--
-- Dumping data for table `wiki_contents`
--

LOCK TABLES `wiki_contents` WRITE;
/*!40000 ALTER TABLE `wiki_contents` DISABLE KEYS */;
/*!40000 ALTER TABLE `wiki_contents` ENABLE KEYS */;
UNLOCK TABLES;

--
-- Table structure for table `wiki_pages`
--

DROP TABLE IF EXISTS `wiki_pages`;
/*!40101 SET @saved_cs_client     = @@character_set_client */;
/*!40101 SET character_set_client = utf8 */;
CREATE TABLE `wiki_pages` (
  `id` int(11) NOT NULL AUTO_INCREMENT,
  `wiki_id` int(11) NOT NULL,
  `title` varchar(255) NOT NULL,
  `created_on` datetime NOT NULL,
  `protected` tinyint(1) NOT NULL DEFAULT '0',
  `parent_id` int(11) DEFAULT NULL,
  PRIMARY KEY (`id`),
  KEY `wiki_pages_wiki_id_title` (`wiki_id`,`title`),
  KEY `index_wiki_pages_on_wiki_id` (`wiki_id`),
  KEY `index_wiki_pages_on_parent_id` (`parent_id`)
) ENGINE=InnoDB DEFAULT CHARSET=utf8;
/*!40101 SET character_set_client = @saved_cs_client */;

--
-- Dumping data for table `wiki_pages`
--

LOCK TABLES `wiki_pages` WRITE;
/*!40000 ALTER TABLE `wiki_pages` DISABLE KEYS */;
/*!40000 ALTER TABLE `wiki_pages` ENABLE KEYS */;
UNLOCK TABLES;

--
-- Table structure for table `wiki_redirects`
--

DROP TABLE IF EXISTS `wiki_redirects`;
/*!40101 SET @saved_cs_client     = @@character_set_client */;
/*!40101 SET character_set_client = utf8 */;
CREATE TABLE `wiki_redirects` (
  `id` int(11) NOT NULL AUTO_INCREMENT,
  `wiki_id` int(11) NOT NULL,
  `title` varchar(255) DEFAULT NULL,
  `redirects_to` varchar(255) DEFAULT NULL,
  `created_on` datetime NOT NULL,
  PRIMARY KEY (`id`),
  KEY `wiki_redirects_wiki_id_title` (`wiki_id`,`title`),
  KEY `index_wiki_redirects_on_wiki_id` (`wiki_id`)
) ENGINE=InnoDB DEFAULT CHARSET=utf8;
/*!40101 SET character_set_client = @saved_cs_client */;

--
-- Dumping data for table `wiki_redirects`
--

LOCK TABLES `wiki_redirects` WRITE;
/*!40000 ALTER TABLE `wiki_redirects` DISABLE KEYS */;
/*!40000 ALTER TABLE `wiki_redirects` ENABLE KEYS */;
UNLOCK TABLES;

--
-- Table structure for table `wikis`
--

DROP TABLE IF EXISTS `wikis`;
/*!40101 SET @saved_cs_client     = @@character_set_client */;
/*!40101 SET character_set_client = utf8 */;
CREATE TABLE `wikis` (
  `id` int(11) NOT NULL AUTO_INCREMENT,
  `project_id` int(11) NOT NULL,
  `start_page` varchar(255) NOT NULL,
  `status` int(11) NOT NULL DEFAULT '1',
  PRIMARY KEY (`id`),
  KEY `wikis_project_id` (`project_id`)
) ENGINE=InnoDB AUTO_INCREMENT=28 DEFAULT CHARSET=utf8;
/*!40101 SET character_set_client = @saved_cs_client */;

--
-- Dumping data for table `wikis`
--

LOCK TABLES `wikis` WRITE;
/*!40000 ALTER TABLE `wikis` DISABLE KEYS */;
INSERT INTO `wikis` VALUES (1,1,'Wiki',1),(2,2,'Wiki',1),(3,3,'Wiki',1),(4,4,'Wiki',1),(5,5,'Wiki',1),(6,6,'Wiki',1),(7,7,'Wiki',1),(8,8,'Wiki',1),(9,9,'Wiki',1),(10,10,'Wiki',1),(11,11,'Wiki',1),(12,12,'Wiki',1),(13,13,'Wiki',1),(14,14,'Wiki',1),(15,15,'Wiki',1),(16,16,'Wiki',1),(17,17,'Wiki',1),(18,18,'Wiki',1),(19,19,'Wiki',1),(20,20,'Wiki',1),(21,21,'Wiki',1),(22,24,'Wiki',1),(23,25,'Wiki',1),(24,26,'Wiki',1),(25,27,'Wiki',1),(26,28,'Wiki',1),(27,29,'Wiki',1);
/*!40000 ALTER TABLE `wikis` ENABLE KEYS */;
UNLOCK TABLES;

--
-- Table structure for table `workflows`
--

DROP TABLE IF EXISTS `workflows`;
/*!40101 SET @saved_cs_client     = @@character_set_client */;
/*!40101 SET character_set_client = utf8 */;
CREATE TABLE `workflows` (
  `id` int(11) NOT NULL AUTO_INCREMENT,
  `tracker_id` int(11) NOT NULL DEFAULT '0',
  `old_status_id` int(11) NOT NULL DEFAULT '0',
  `new_status_id` int(11) NOT NULL DEFAULT '0',
  `role_id` int(11) NOT NULL DEFAULT '0',
  `assignee` tinyint(1) NOT NULL DEFAULT '0',
  `author` tinyint(1) NOT NULL DEFAULT '0',
  `type` varchar(30) DEFAULT NULL,
  `field_name` varchar(30) DEFAULT NULL,
  `rule` varchar(30) DEFAULT NULL,
  PRIMARY KEY (`id`),
  KEY `wkfs_role_tracker_old_status` (`role_id`,`tracker_id`,`old_status_id`),
  KEY `index_workflows_on_old_status_id` (`old_status_id`),
  KEY `index_workflows_on_role_id` (`role_id`),
  KEY `index_workflows_on_new_status_id` (`new_status_id`)
) ENGINE=InnoDB AUTO_INCREMENT=1825 DEFAULT CHARSET=utf8;
/*!40101 SET character_set_client = @saved_cs_client */;

--
-- Dumping data for table `workflows`
--

LOCK TABLES `workflows` WRITE;
/*!40000 ALTER TABLE `workflows` DISABLE KEYS */;
INSERT INTO `workflows` VALUES (322,2,10,10,3,0,0,'WorkflowTransition',NULL,NULL),(323,2,10,6,3,0,0,'WorkflowTransition',NULL,NULL),(324,2,10,5,3,0,0,'WorkflowTransition',NULL,NULL),(325,2,10,7,3,0,0,'WorkflowTransition',NULL,NULL),(326,2,10,9,3,0,0,'WorkflowTransition',NULL,NULL),(327,2,10,8,3,0,0,'WorkflowTransition',NULL,NULL),(328,2,10,3,3,0,0,'WorkflowTransition',NULL,NULL),(329,2,10,2,3,0,0,'WorkflowTransition',NULL,NULL),(330,2,10,1,3,0,0,'WorkflowTransition',NULL,NULL),(331,2,6,10,3,0,0,'WorkflowTransition',NULL,NULL),(332,2,6,6,3,0,0,'WorkflowTransition',NULL,NULL),(333,2,6,5,3,0,0,'WorkflowTransition',NULL,NULL),(334,2,6,7,3,0,0,'WorkflowTransition',NULL,NULL),(335,2,6,9,3,0,0,'WorkflowTransition',NULL,NULL),(336,2,6,8,3,0,0,'WorkflowTransition',NULL,NULL),(337,2,6,3,3,0,0,'WorkflowTransition',NULL,NULL),(338,2,6,2,3,0,0,'WorkflowTransition',NULL,NULL),(339,2,6,1,3,0,0,'WorkflowTransition',NULL,NULL),(340,2,5,10,3,0,0,'WorkflowTransition',NULL,NULL),(341,2,5,6,3,0,0,'WorkflowTransition',NULL,NULL),(342,2,5,5,3,0,0,'WorkflowTransition',NULL,NULL),(343,2,5,7,3,0,0,'WorkflowTransition',NULL,NULL),(344,2,5,9,3,0,0,'WorkflowTransition',NULL,NULL),(345,2,5,8,3,0,0,'WorkflowTransition',NULL,NULL),(346,2,5,3,3,0,0,'WorkflowTransition',NULL,NULL),(347,2,5,2,3,0,0,'WorkflowTransition',NULL,NULL),(348,2,5,1,3,0,0,'WorkflowTransition',NULL,NULL),(349,2,7,10,3,0,0,'WorkflowTransition',NULL,NULL),(350,2,7,6,3,0,0,'WorkflowTransition',NULL,NULL),(351,2,7,5,3,0,0,'WorkflowTransition',NULL,NULL),(352,2,7,7,3,0,0,'WorkflowTransition',NULL,NULL),(353,2,7,9,3,0,0,'WorkflowTransition',NULL,NULL),(354,2,7,8,3,0,0,'WorkflowTransition',NULL,NULL),(355,2,7,3,3,0,0,'WorkflowTransition',NULL,NULL),(356,2,7,2,3,0,0,'WorkflowTransition',NULL,NULL),(357,2,7,1,3,0,0,'WorkflowTransition',NULL,NULL),(358,2,9,10,3,0,0,'WorkflowTransition',NULL,NULL),(359,2,9,6,3,0,0,'WorkflowTransition',NULL,NULL),(360,2,9,5,3,0,0,'WorkflowTransition',NULL,NULL),(361,2,9,7,3,0,0,'WorkflowTransition',NULL,NULL),(362,2,9,9,3,0,0,'WorkflowTransition',NULL,NULL),(363,2,9,8,3,0,0,'WorkflowTransition',NULL,NULL),(364,2,9,3,3,0,0,'WorkflowTransition',NULL,NULL),(365,2,9,2,3,0,0,'WorkflowTransition',NULL,NULL),(366,2,9,1,3,0,0,'WorkflowTransition',NULL,NULL),(367,2,8,10,3,0,0,'WorkflowTransition',NULL,NULL),(368,2,8,6,3,0,0,'WorkflowTransition',NULL,NULL),(369,2,8,5,3,0,0,'WorkflowTransition',NULL,NULL),(370,2,8,7,3,0,0,'WorkflowTransition',NULL,NULL),(371,2,8,9,3,0,0,'WorkflowTransition',NULL,NULL),(372,2,8,8,3,0,0,'WorkflowTransition',NULL,NULL),(373,2,8,3,3,0,0,'WorkflowTransition',NULL,NULL),(374,2,8,2,3,0,0,'WorkflowTransition',NULL,NULL),(375,2,8,1,3,0,0,'WorkflowTransition',NULL,NULL),(376,2,3,10,3,0,0,'WorkflowTransition',NULL,NULL),(377,2,3,6,3,0,0,'WorkflowTransition',NULL,NULL),(378,2,3,5,3,0,0,'WorkflowTransition',NULL,NULL),(379,2,3,7,3,0,0,'WorkflowTransition',NULL,NULL),(380,2,3,9,3,0,0,'WorkflowTransition',NULL,NULL),(381,2,3,8,3,0,0,'WorkflowTransition',NULL,NULL),(382,2,3,3,3,0,0,'WorkflowTransition',NULL,NULL),(383,2,3,2,3,0,0,'WorkflowTransition',NULL,NULL),(384,2,3,1,3,0,0,'WorkflowTransition',NULL,NULL),(385,2,2,10,3,0,0,'WorkflowTransition',NULL,NULL),(386,2,2,6,3,0,0,'WorkflowTransition',NULL,NULL),(387,2,2,5,3,0,0,'WorkflowTransition',NULL,NULL),(388,2,2,7,3,0,0,'WorkflowTransition',NULL,NULL),(389,2,2,9,3,0,0,'WorkflowTransition',NULL,NULL),(390,2,2,8,3,0,0,'WorkflowTransition',NULL,NULL),(391,2,2,3,3,0,0,'WorkflowTransition',NULL,NULL),(392,2,2,2,3,0,0,'WorkflowTransition',NULL,NULL),(393,2,2,1,3,0,0,'WorkflowTransition',NULL,NULL),(394,2,1,10,3,0,0,'WorkflowTransition',NULL,NULL),(395,2,1,6,3,0,0,'WorkflowTransition',NULL,NULL),(396,2,1,5,3,0,0,'WorkflowTransition',NULL,NULL),(397,2,1,7,3,0,0,'WorkflowTransition',NULL,NULL),(398,2,1,9,3,0,0,'WorkflowTransition',NULL,NULL),(399,2,1,8,3,0,0,'WorkflowTransition',NULL,NULL),(400,2,1,3,3,0,0,'WorkflowTransition',NULL,NULL),(401,2,1,2,3,0,0,'WorkflowTransition',NULL,NULL),(402,2,1,1,3,0,0,'WorkflowTransition',NULL,NULL),(403,1,6,6,3,0,0,'WorkflowTransition',NULL,NULL),(404,1,6,5,3,0,0,'WorkflowTransition',NULL,NULL),(405,1,6,7,3,0,0,'WorkflowTransition',NULL,NULL),(406,1,6,9,3,0,0,'WorkflowTransition',NULL,NULL),(407,1,6,8,3,0,0,'WorkflowTransition',NULL,NULL),(408,1,6,3,3,0,0,'WorkflowTransition',NULL,NULL),(409,1,6,2,3,0,0,'WorkflowTransition',NULL,NULL),(410,1,6,1,3,0,0,'WorkflowTransition',NULL,NULL),(411,1,6,10,3,0,0,'WorkflowTransition',NULL,NULL),(412,1,5,6,3,0,0,'WorkflowTransition',NULL,NULL),(413,1,5,5,3,0,0,'WorkflowTransition',NULL,NULL),(414,1,5,7,3,0,0,'WorkflowTransition',NULL,NULL),(415,1,5,9,3,0,0,'WorkflowTransition',NULL,NULL),(416,1,5,8,3,0,0,'WorkflowTransition',NULL,NULL),(417,1,5,3,3,0,0,'WorkflowTransition',NULL,NULL),(418,1,5,2,3,0,0,'WorkflowTransition',NULL,NULL),(419,1,5,1,3,0,0,'WorkflowTransition',NULL,NULL),(420,1,5,10,3,0,0,'WorkflowTransition',NULL,NULL),(421,1,7,6,3,0,0,'WorkflowTransition',NULL,NULL),(422,1,7,5,3,0,0,'WorkflowTransition',NULL,NULL),(423,1,7,7,3,0,0,'WorkflowTransition',NULL,NULL),(424,1,7,9,3,0,0,'WorkflowTransition',NULL,NULL),(425,1,7,8,3,0,0,'WorkflowTransition',NULL,NULL),(426,1,7,3,3,0,0,'WorkflowTransition',NULL,NULL),(427,1,7,2,3,0,0,'WorkflowTransition',NULL,NULL),(428,1,7,1,3,0,0,'WorkflowTransition',NULL,NULL),(429,1,7,10,3,0,0,'WorkflowTransition',NULL,NULL),(430,1,9,6,3,0,0,'WorkflowTransition',NULL,NULL),(431,1,9,5,3,0,0,'WorkflowTransition',NULL,NULL),(432,1,9,7,3,0,0,'WorkflowTransition',NULL,NULL),(433,1,9,9,3,0,0,'WorkflowTransition',NULL,NULL),(434,1,9,8,3,0,0,'WorkflowTransition',NULL,NULL),(435,1,9,3,3,0,0,'WorkflowTransition',NULL,NULL),(436,1,9,2,3,0,0,'WorkflowTransition',NULL,NULL),(437,1,9,1,3,0,0,'WorkflowTransition',NULL,NULL),(438,1,9,10,3,0,0,'WorkflowTransition',NULL,NULL),(439,1,8,6,3,0,0,'WorkflowTransition',NULL,NULL),(440,1,8,5,3,0,0,'WorkflowTransition',NULL,NULL),(441,1,8,7,3,0,0,'WorkflowTransition',NULL,NULL),(442,1,8,9,3,0,0,'WorkflowTransition',NULL,NULL),(443,1,8,8,3,0,0,'WorkflowTransition',NULL,NULL),(444,1,8,3,3,0,0,'WorkflowTransition',NULL,NULL),(445,1,8,2,3,0,0,'WorkflowTransition',NULL,NULL),(446,1,8,1,3,0,0,'WorkflowTransition',NULL,NULL),(447,1,8,10,3,0,0,'WorkflowTransition',NULL,NULL),(448,1,3,6,3,0,0,'WorkflowTransition',NULL,NULL),(449,1,3,5,3,0,0,'WorkflowTransition',NULL,NULL),(450,1,3,7,3,0,0,'WorkflowTransition',NULL,NULL),(451,1,3,9,3,0,0,'WorkflowTransition',NULL,NULL),(452,1,3,8,3,0,0,'WorkflowTransition',NULL,NULL),(453,1,3,3,3,0,0,'WorkflowTransition',NULL,NULL),(454,1,3,2,3,0,0,'WorkflowTransition',NULL,NULL),(455,1,3,1,3,0,0,'WorkflowTransition',NULL,NULL),(456,1,3,10,3,0,0,'WorkflowTransition',NULL,NULL),(457,1,2,6,3,0,0,'WorkflowTransition',NULL,NULL),(458,1,2,5,3,0,0,'WorkflowTransition',NULL,NULL),(459,1,2,7,3,0,0,'WorkflowTransition',NULL,NULL),(460,1,2,9,3,0,0,'WorkflowTransition',NULL,NULL),(461,1,2,8,3,0,0,'WorkflowTransition',NULL,NULL),(462,1,2,3,3,0,0,'WorkflowTransition',NULL,NULL),(463,1,2,2,3,0,0,'WorkflowTransition',NULL,NULL),(464,1,2,1,3,0,0,'WorkflowTransition',NULL,NULL),(465,1,2,10,3,0,0,'WorkflowTransition',NULL,NULL),(466,1,1,6,3,0,0,'WorkflowTransition',NULL,NULL),(467,1,1,5,3,0,0,'WorkflowTransition',NULL,NULL),(468,1,1,7,3,0,0,'WorkflowTransition',NULL,NULL),(469,1,1,9,3,0,0,'WorkflowTransition',NULL,NULL),(470,1,1,8,3,0,0,'WorkflowTransition',NULL,NULL),(471,1,1,3,3,0,0,'WorkflowTransition',NULL,NULL),(472,1,1,2,3,0,0,'WorkflowTransition',NULL,NULL),(473,1,1,1,3,0,0,'WorkflowTransition',NULL,NULL),(474,1,1,10,3,0,0,'WorkflowTransition',NULL,NULL),(484,1,10,6,3,0,0,'WorkflowTransition',NULL,NULL),(485,1,10,5,3,0,0,'WorkflowTransition',NULL,NULL),(486,1,10,7,3,0,0,'WorkflowTransition',NULL,NULL),(487,1,10,9,3,0,0,'WorkflowTransition',NULL,NULL),(488,1,10,8,3,0,0,'WorkflowTransition',NULL,NULL),(489,1,10,3,3,0,0,'WorkflowTransition',NULL,NULL),(490,1,10,2,3,0,0,'WorkflowTransition',NULL,NULL),(491,1,10,1,3,0,0,'WorkflowTransition',NULL,NULL),(492,1,10,10,3,0,0,'WorkflowTransition',NULL,NULL),(502,3,10,10,3,0,0,'WorkflowTransition',NULL,NULL),(503,3,10,6,3,0,0,'WorkflowTransition',NULL,NULL),(504,3,10,5,3,0,0,'WorkflowTransition',NULL,NULL),(505,3,10,7,3,0,0,'WorkflowTransition',NULL,NULL),(506,3,10,9,3,0,0,'WorkflowTransition',NULL,NULL),(507,3,10,8,3,0,0,'WorkflowTransition',NULL,NULL),(508,3,10,3,3,0,0,'WorkflowTransition',NULL,NULL),(509,3,10,2,3,0,0,'WorkflowTransition',NULL,NULL),(510,3,10,1,3,0,0,'WorkflowTransition',NULL,NULL),(511,3,6,10,3,0,0,'WorkflowTransition',NULL,NULL),(512,3,6,6,3,0,0,'WorkflowTransition',NULL,NULL),(513,3,6,5,3,0,0,'WorkflowTransition',NULL,NULL),(514,3,6,7,3,0,0,'WorkflowTransition',NULL,NULL),(515,3,6,9,3,0,0,'WorkflowTransition',NULL,NULL),(516,3,6,8,3,0,0,'WorkflowTransition',NULL,NULL),(517,3,6,3,3,0,0,'WorkflowTransition',NULL,NULL),(518,3,6,2,3,0,0,'WorkflowTransition',NULL,NULL),(519,3,6,1,3,0,0,'WorkflowTransition',NULL,NULL),(520,3,5,10,3,0,0,'WorkflowTransition',NULL,NULL),(521,3,5,6,3,0,0,'WorkflowTransition',NULL,NULL),(522,3,5,5,3,0,0,'WorkflowTransition',NULL,NULL),(523,3,5,7,3,0,0,'WorkflowTransition',NULL,NULL),(524,3,5,9,3,0,0,'WorkflowTransition',NULL,NULL),(525,3,5,8,3,0,0,'WorkflowTransition',NULL,NULL),(526,3,5,3,3,0,0,'WorkflowTransition',NULL,NULL),(527,3,5,2,3,0,0,'WorkflowTransition',NULL,NULL),(528,3,5,1,3,0,0,'WorkflowTransition',NULL,NULL),(529,3,7,10,3,0,0,'WorkflowTransition',NULL,NULL),(530,3,7,6,3,0,0,'WorkflowTransition',NULL,NULL),(531,3,7,5,3,0,0,'WorkflowTransition',NULL,NULL),(532,3,7,7,3,0,0,'WorkflowTransition',NULL,NULL),(533,3,7,9,3,0,0,'WorkflowTransition',NULL,NULL),(534,3,7,8,3,0,0,'WorkflowTransition',NULL,NULL),(535,3,7,3,3,0,0,'WorkflowTransition',NULL,NULL),(536,3,7,2,3,0,0,'WorkflowTransition',NULL,NULL),(537,3,7,1,3,0,0,'WorkflowTransition',NULL,NULL),(538,3,9,10,3,0,0,'WorkflowTransition',NULL,NULL),(539,3,9,6,3,0,0,'WorkflowTransition',NULL,NULL),(540,3,9,5,3,0,0,'WorkflowTransition',NULL,NULL),(541,3,9,7,3,0,0,'WorkflowTransition',NULL,NULL),(542,3,9,9,3,0,0,'WorkflowTransition',NULL,NULL),(543,3,9,8,3,0,0,'WorkflowTransition',NULL,NULL),(544,3,9,3,3,0,0,'WorkflowTransition',NULL,NULL),(545,3,9,2,3,0,0,'WorkflowTransition',NULL,NULL),(546,3,9,1,3,0,0,'WorkflowTransition',NULL,NULL),(547,3,8,10,3,0,0,'WorkflowTransition',NULL,NULL),(548,3,8,6,3,0,0,'WorkflowTransition',NULL,NULL),(549,3,8,5,3,0,0,'WorkflowTransition',NULL,NULL),(550,3,8,7,3,0,0,'WorkflowTransition',NULL,NULL),(551,3,8,9,3,0,0,'WorkflowTransition',NULL,NULL),(552,3,8,8,3,0,0,'WorkflowTransition',NULL,NULL),(553,3,8,3,3,0,0,'WorkflowTransition',NULL,NULL),(554,3,8,2,3,0,0,'WorkflowTransition',NULL,NULL),(555,3,8,1,3,0,0,'WorkflowTransition',NULL,NULL),(556,3,3,10,3,0,0,'WorkflowTransition',NULL,NULL),(557,3,3,6,3,0,0,'WorkflowTransition',NULL,NULL),(558,3,3,5,3,0,0,'WorkflowTransition',NULL,NULL),(559,3,3,7,3,0,0,'WorkflowTransition',NULL,NULL),(560,3,3,9,3,0,0,'WorkflowTransition',NULL,NULL),(561,3,3,8,3,0,0,'WorkflowTransition',NULL,NULL),(562,3,3,3,3,0,0,'WorkflowTransition',NULL,NULL),(563,3,3,2,3,0,0,'WorkflowTransition',NULL,NULL),(564,3,3,1,3,0,0,'WorkflowTransition',NULL,NULL),(565,3,2,10,3,0,0,'WorkflowTransition',NULL,NULL),(566,3,2,6,3,0,0,'WorkflowTransition',NULL,NULL),(567,3,2,5,3,0,0,'WorkflowTransition',NULL,NULL),(568,3,2,7,3,0,0,'WorkflowTransition',NULL,NULL),(569,3,2,9,3,0,0,'WorkflowTransition',NULL,NULL),(570,3,2,8,3,0,0,'WorkflowTransition',NULL,NULL),(571,3,2,3,3,0,0,'WorkflowTransition',NULL,NULL),(572,3,2,2,3,0,0,'WorkflowTransition',NULL,NULL),(573,3,2,1,3,0,0,'WorkflowTransition',NULL,NULL),(574,3,1,10,3,0,0,'WorkflowTransition',NULL,NULL),(575,3,1,6,3,0,0,'WorkflowTransition',NULL,NULL),(576,3,1,5,3,0,0,'WorkflowTransition',NULL,NULL),(577,3,1,7,3,0,0,'WorkflowTransition',NULL,NULL),(578,3,1,9,3,0,0,'WorkflowTransition',NULL,NULL),(579,3,1,8,3,0,0,'WorkflowTransition',NULL,NULL),(580,3,1,3,3,0,0,'WorkflowTransition',NULL,NULL),(581,3,1,2,3,0,0,'WorkflowTransition',NULL,NULL),(582,3,1,1,3,0,0,'WorkflowTransition',NULL,NULL),(592,6,10,10,3,0,0,'WorkflowTransition',NULL,NULL),(593,6,10,6,3,0,0,'WorkflowTransition',NULL,NULL),(594,6,10,5,3,0,0,'WorkflowTransition',NULL,NULL),(595,6,10,7,3,0,0,'WorkflowTransition',NULL,NULL),(596,6,10,9,3,0,0,'WorkflowTransition',NULL,NULL),(597,6,10,8,3,0,0,'WorkflowTransition',NULL,NULL),(598,6,10,3,3,0,0,'WorkflowTransition',NULL,NULL),(599,6,10,2,3,0,0,'WorkflowTransition',NULL,NULL),(600,6,10,1,3,0,0,'WorkflowTransition',NULL,NULL),(601,6,6,10,3,0,0,'WorkflowTransition',NULL,NULL),(602,6,6,6,3,0,0,'WorkflowTransition',NULL,NULL),(603,6,6,5,3,0,0,'WorkflowTransition',NULL,NULL),(604,6,6,7,3,0,0,'WorkflowTransition',NULL,NULL),(605,6,6,9,3,0,0,'WorkflowTransition',NULL,NULL),(606,6,6,8,3,0,0,'WorkflowTransition',NULL,NULL),(607,6,6,3,3,0,0,'WorkflowTransition',NULL,NULL),(608,6,6,2,3,0,0,'WorkflowTransition',NULL,NULL),(609,6,6,1,3,0,0,'WorkflowTransition',NULL,NULL),(610,6,5,10,3,0,0,'WorkflowTransition',NULL,NULL),(611,6,5,6,3,0,0,'WorkflowTransition',NULL,NULL),(612,6,5,5,3,0,0,'WorkflowTransition',NULL,NULL),(613,6,5,7,3,0,0,'WorkflowTransition',NULL,NULL),(614,6,5,9,3,0,0,'WorkflowTransition',NULL,NULL),(615,6,5,8,3,0,0,'WorkflowTransition',NULL,NULL),(616,6,5,3,3,0,0,'WorkflowTransition',NULL,NULL),(617,6,5,2,3,0,0,'WorkflowTransition',NULL,NULL),(618,6,5,1,3,0,0,'WorkflowTransition',NULL,NULL),(619,6,7,10,3,0,0,'WorkflowTransition',NULL,NULL),(620,6,7,6,3,0,0,'WorkflowTransition',NULL,NULL),(621,6,7,5,3,0,0,'WorkflowTransition',NULL,NULL),(622,6,7,7,3,0,0,'WorkflowTransition',NULL,NULL),(623,6,7,9,3,0,0,'WorkflowTransition',NULL,NULL),(624,6,7,8,3,0,0,'WorkflowTransition',NULL,NULL),(625,6,7,3,3,0,0,'WorkflowTransition',NULL,NULL),(626,6,7,2,3,0,0,'WorkflowTransition',NULL,NULL),(627,6,7,1,3,0,0,'WorkflowTransition',NULL,NULL),(628,6,9,10,3,0,0,'WorkflowTransition',NULL,NULL),(629,6,9,6,3,0,0,'WorkflowTransition',NULL,NULL),(630,6,9,5,3,0,0,'WorkflowTransition',NULL,NULL),(631,6,9,7,3,0,0,'WorkflowTransition',NULL,NULL),(632,6,9,9,3,0,0,'WorkflowTransition',NULL,NULL),(633,6,9,8,3,0,0,'WorkflowTransition',NULL,NULL),(634,6,9,3,3,0,0,'WorkflowTransition',NULL,NULL),(635,6,9,2,3,0,0,'WorkflowTransition',NULL,NULL),(636,6,9,1,3,0,0,'WorkflowTransition',NULL,NULL),(637,6,8,10,3,0,0,'WorkflowTransition',NULL,NULL),(638,6,8,6,3,0,0,'WorkflowTransition',NULL,NULL),(639,6,8,5,3,0,0,'WorkflowTransition',NULL,NULL),(640,6,8,7,3,0,0,'WorkflowTransition',NULL,NULL),(641,6,8,9,3,0,0,'WorkflowTransition',NULL,NULL),(642,6,8,8,3,0,0,'WorkflowTransition',NULL,NULL),(643,6,8,3,3,0,0,'WorkflowTransition',NULL,NULL),(644,6,8,2,3,0,0,'WorkflowTransition',NULL,NULL),(645,6,8,1,3,0,0,'WorkflowTransition',NULL,NULL),(646,6,3,10,3,0,0,'WorkflowTransition',NULL,NULL),(647,6,3,6,3,0,0,'WorkflowTransition',NULL,NULL),(648,6,3,5,3,0,0,'WorkflowTransition',NULL,NULL),(649,6,3,7,3,0,0,'WorkflowTransition',NULL,NULL),(650,6,3,9,3,0,0,'WorkflowTransition',NULL,NULL),(651,6,3,8,3,0,0,'WorkflowTransition',NULL,NULL),(652,6,3,3,3,0,0,'WorkflowTransition',NULL,NULL),(653,6,3,2,3,0,0,'WorkflowTransition',NULL,NULL),(654,6,3,1,3,0,0,'WorkflowTransition',NULL,NULL),(655,6,2,10,3,0,0,'WorkflowTransition',NULL,NULL),(656,6,2,6,3,0,0,'WorkflowTransition',NULL,NULL),(657,6,2,5,3,0,0,'WorkflowTransition',NULL,NULL),(658,6,2,7,3,0,0,'WorkflowTransition',NULL,NULL),(659,6,2,9,3,0,0,'WorkflowTransition',NULL,NULL),(660,6,2,8,3,0,0,'WorkflowTransition',NULL,NULL),(661,6,2,3,3,0,0,'WorkflowTransition',NULL,NULL),(662,6,2,2,3,0,0,'WorkflowTransition',NULL,NULL),(663,6,2,1,3,0,0,'WorkflowTransition',NULL,NULL),(664,6,1,10,3,0,0,'WorkflowTransition',NULL,NULL),(665,6,1,6,3,0,0,'WorkflowTransition',NULL,NULL),(666,6,1,5,3,0,0,'WorkflowTransition',NULL,NULL),(667,6,1,7,3,0,0,'WorkflowTransition',NULL,NULL),(668,6,1,9,3,0,0,'WorkflowTransition',NULL,NULL),(669,6,1,8,3,0,0,'WorkflowTransition',NULL,NULL),(670,6,1,3,3,0,0,'WorkflowTransition',NULL,NULL),(671,6,1,2,3,0,0,'WorkflowTransition',NULL,NULL),(672,6,1,1,3,0,0,'WorkflowTransition',NULL,NULL),(673,8,6,6,3,0,0,'WorkflowTransition',NULL,NULL),(674,8,6,5,3,0,0,'WorkflowTransition',NULL,NULL),(675,8,6,7,3,0,0,'WorkflowTransition',NULL,NULL),(676,8,6,9,3,0,0,'WorkflowTransition',NULL,NULL),(677,8,6,8,3,0,0,'WorkflowTransition',NULL,NULL),(678,8,6,3,3,0,0,'WorkflowTransition',NULL,NULL),(679,8,6,2,3,0,0,'WorkflowTransition',NULL,NULL),(680,8,6,1,3,0,0,'WorkflowTransition',NULL,NULL),(681,8,6,10,3,0,0,'WorkflowTransition',NULL,NULL),(682,8,5,6,3,0,0,'WorkflowTransition',NULL,NULL),(683,8,5,5,3,0,0,'WorkflowTransition',NULL,NULL),(684,8,5,7,3,0,0,'WorkflowTransition',NULL,NULL),(685,8,5,9,3,0,0,'WorkflowTransition',NULL,NULL),(686,8,5,8,3,0,0,'WorkflowTransition',NULL,NULL),(687,8,5,3,3,0,0,'WorkflowTransition',NULL,NULL),(688,8,5,2,3,0,0,'WorkflowTransition',NULL,NULL),(689,8,5,1,3,0,0,'WorkflowTransition',NULL,NULL),(690,8,5,10,3,0,0,'WorkflowTransition',NULL,NULL),(691,8,7,6,3,0,0,'WorkflowTransition',NULL,NULL),(692,8,7,5,3,0,0,'WorkflowTransition',NULL,NULL),(693,8,7,7,3,0,0,'WorkflowTransition',NULL,NULL),(694,8,7,9,3,0,0,'WorkflowTransition',NULL,NULL),(695,8,7,8,3,0,0,'WorkflowTransition',NULL,NULL),(696,8,7,3,3,0,0,'WorkflowTransition',NULL,NULL),(697,8,7,2,3,0,0,'WorkflowTransition',NULL,NULL),(698,8,7,1,3,0,0,'WorkflowTransition',NULL,NULL),(699,8,7,10,3,0,0,'WorkflowTransition',NULL,NULL),(700,8,9,6,3,0,0,'WorkflowTransition',NULL,NULL),(701,8,9,5,3,0,0,'WorkflowTransition',NULL,NULL),(702,8,9,7,3,0,0,'WorkflowTransition',NULL,NULL),(703,8,9,9,3,0,0,'WorkflowTransition',NULL,NULL),(704,8,9,8,3,0,0,'WorkflowTransition',NULL,NULL),(705,8,9,3,3,0,0,'WorkflowTransition',NULL,NULL),(706,8,9,2,3,0,0,'WorkflowTransition',NULL,NULL),(707,8,9,1,3,0,0,'WorkflowTransition',NULL,NULL),(708,8,9,10,3,0,0,'WorkflowTransition',NULL,NULL),(709,8,8,6,3,0,0,'WorkflowTransition',NULL,NULL),(710,8,8,5,3,0,0,'WorkflowTransition',NULL,NULL),(711,8,8,7,3,0,0,'WorkflowTransition',NULL,NULL),(712,8,8,9,3,0,0,'WorkflowTransition',NULL,NULL),(713,8,8,8,3,0,0,'WorkflowTransition',NULL,NULL),(714,8,8,3,3,0,0,'WorkflowTransition',NULL,NULL),(715,8,8,2,3,0,0,'WorkflowTransition',NULL,NULL),(716,8,8,1,3,0,0,'WorkflowTransition',NULL,NULL),(717,8,8,10,3,0,0,'WorkflowTransition',NULL,NULL),(718,8,3,6,3,0,0,'WorkflowTransition',NULL,NULL),(719,8,3,5,3,0,0,'WorkflowTransition',NULL,NULL),(720,8,3,7,3,0,0,'WorkflowTransition',NULL,NULL),(721,8,3,9,3,0,0,'WorkflowTransition',NULL,NULL),(722,8,3,8,3,0,0,'WorkflowTransition',NULL,NULL),(723,8,3,3,3,0,0,'WorkflowTransition',NULL,NULL),(724,8,3,2,3,0,0,'WorkflowTransition',NULL,NULL),(725,8,3,1,3,0,0,'WorkflowTransition',NULL,NULL),(726,8,3,10,3,0,0,'WorkflowTransition',NULL,NULL),(727,8,2,6,3,0,0,'WorkflowTransition',NULL,NULL),(728,8,2,5,3,0,0,'WorkflowTransition',NULL,NULL),(729,8,2,7,3,0,0,'WorkflowTransition',NULL,NULL),(730,8,2,9,3,0,0,'WorkflowTransition',NULL,NULL),(731,8,2,8,3,0,0,'WorkflowTransition',NULL,NULL),(732,8,2,3,3,0,0,'WorkflowTransition',NULL,NULL),(733,8,2,2,3,0,0,'WorkflowTransition',NULL,NULL),(734,8,2,1,3,0,0,'WorkflowTransition',NULL,NULL),(735,8,2,10,3,0,0,'WorkflowTransition',NULL,NULL),(736,8,1,6,3,0,0,'WorkflowTransition',NULL,NULL),(737,8,1,5,3,0,0,'WorkflowTransition',NULL,NULL),(738,8,1,7,3,0,0,'WorkflowTransition',NULL,NULL),(739,8,1,9,3,0,0,'WorkflowTransition',NULL,NULL),(740,8,1,8,3,0,0,'WorkflowTransition',NULL,NULL),(741,8,1,3,3,0,0,'WorkflowTransition',NULL,NULL),(742,8,1,2,3,0,0,'WorkflowTransition',NULL,NULL),(743,8,1,1,3,0,0,'WorkflowTransition',NULL,NULL),(744,8,1,10,3,0,0,'WorkflowTransition',NULL,NULL),(754,8,10,6,3,0,0,'WorkflowTransition',NULL,NULL),(755,8,10,5,3,0,0,'WorkflowTransition',NULL,NULL),(756,8,10,7,3,0,0,'WorkflowTransition',NULL,NULL),(757,8,10,9,3,0,0,'WorkflowTransition',NULL,NULL),(758,8,10,8,3,0,0,'WorkflowTransition',NULL,NULL),(759,8,10,3,3,0,0,'WorkflowTransition',NULL,NULL),(760,8,10,2,3,0,0,'WorkflowTransition',NULL,NULL),(761,8,10,1,3,0,0,'WorkflowTransition',NULL,NULL),(762,8,10,10,3,0,0,'WorkflowTransition',NULL,NULL),(763,1,6,5,4,0,0,'WorkflowTransition',NULL,NULL),(764,1,6,9,4,0,0,'WorkflowTransition',NULL,NULL),(765,1,6,8,4,0,0,'WorkflowTransition',NULL,NULL),(766,1,6,3,4,0,0,'WorkflowTransition',NULL,NULL),(767,1,6,2,4,0,0,'WorkflowTransition',NULL,NULL),(768,1,6,1,4,0,0,'WorkflowTransition',NULL,NULL),(769,1,5,5,4,0,0,'WorkflowTransition',NULL,NULL),(770,1,5,9,4,0,0,'WorkflowTransition',NULL,NULL),(771,1,5,8,4,0,0,'WorkflowTransition',NULL,NULL),(772,1,5,3,4,0,0,'WorkflowTransition',NULL,NULL),(773,1,5,2,4,0,0,'WorkflowTransition',NULL,NULL),(774,1,5,1,4,0,0,'WorkflowTransition',NULL,NULL),(775,1,7,5,4,0,0,'WorkflowTransition',NULL,NULL),(776,1,7,9,4,0,0,'WorkflowTransition',NULL,NULL),(777,1,7,8,4,0,0,'WorkflowTransition',NULL,NULL),(778,1,7,3,4,0,0,'WorkflowTransition',NULL,NULL),(779,1,7,2,4,0,0,'WorkflowTransition',NULL,NULL),(780,1,7,1,4,0,0,'WorkflowTransition',NULL,NULL),(781,1,9,5,4,0,0,'WorkflowTransition',NULL,NULL),(782,1,9,9,4,0,0,'WorkflowTransition',NULL,NULL),(783,1,9,8,4,0,0,'WorkflowTransition',NULL,NULL),(784,1,9,3,4,0,0,'WorkflowTransition',NULL,NULL),(785,1,9,2,4,0,0,'WorkflowTransition',NULL,NULL),(786,1,9,1,4,0,0,'WorkflowTransition',NULL,NULL),(787,1,8,5,4,0,0,'WorkflowTransition',NULL,NULL),(788,1,8,9,4,0,0,'WorkflowTransition',NULL,NULL),(789,1,8,8,4,0,0,'WorkflowTransition',NULL,NULL),(790,1,8,3,4,0,0,'WorkflowTransition',NULL,NULL),(791,1,8,2,4,0,0,'WorkflowTransition',NULL,NULL),(792,1,8,1,4,0,0,'WorkflowTransition',NULL,NULL),(793,1,3,5,4,0,0,'WorkflowTransition',NULL,NULL),(794,1,3,9,4,0,0,'WorkflowTransition',NULL,NULL),(795,1,3,8,4,0,0,'WorkflowTransition',NULL,NULL),(796,1,3,3,4,0,0,'WorkflowTransition',NULL,NULL),(797,1,3,2,4,0,0,'WorkflowTransition',NULL,NULL),(798,1,3,1,4,0,0,'WorkflowTransition',NULL,NULL),(799,1,2,5,4,0,0,'WorkflowTransition',NULL,NULL),(800,1,2,9,4,0,0,'WorkflowTransition',NULL,NULL),(801,1,2,8,4,0,0,'WorkflowTransition',NULL,NULL),(802,1,2,3,4,0,0,'WorkflowTransition',NULL,NULL),(803,1,2,2,4,0,0,'WorkflowTransition',NULL,NULL),(804,1,2,1,4,0,0,'WorkflowTransition',NULL,NULL),(805,1,1,5,4,0,0,'WorkflowTransition',NULL,NULL),(806,1,1,9,4,0,0,'WorkflowTransition',NULL,NULL),(807,1,1,8,4,0,0,'WorkflowTransition',NULL,NULL),(808,1,1,3,4,0,0,'WorkflowTransition',NULL,NULL),(809,1,1,2,4,0,0,'WorkflowTransition',NULL,NULL),(810,1,1,1,4,0,0,'WorkflowTransition',NULL,NULL),(811,1,10,5,4,0,0,'WorkflowTransition',NULL,NULL),(812,1,10,9,4,0,0,'WorkflowTransition',NULL,NULL),(813,1,10,8,4,0,0,'WorkflowTransition',NULL,NULL),(814,1,10,3,4,0,0,'WorkflowTransition',NULL,NULL),(815,1,10,2,4,0,0,'WorkflowTransition',NULL,NULL),(816,1,10,1,4,0,0,'WorkflowTransition',NULL,NULL),(817,2,6,5,4,0,0,'WorkflowTransition',NULL,NULL),(818,2,6,9,4,0,0,'WorkflowTransition',NULL,NULL),(819,2,6,8,4,0,0,'WorkflowTransition',NULL,NULL),(820,2,6,3,4,0,0,'WorkflowTransition',NULL,NULL),(821,2,6,2,4,0,0,'WorkflowTransition',NULL,NULL),(822,2,6,1,4,0,0,'WorkflowTransition',NULL,NULL),(823,2,5,5,4,0,0,'WorkflowTransition',NULL,NULL),(824,2,5,9,4,0,0,'WorkflowTransition',NULL,NULL),(825,2,5,8,4,0,0,'WorkflowTransition',NULL,NULL),(826,2,5,3,4,0,0,'WorkflowTransition',NULL,NULL),(827,2,5,2,4,0,0,'WorkflowTransition',NULL,NULL),(828,2,5,1,4,0,0,'WorkflowTransition',NULL,NULL),(829,2,7,5,4,0,0,'WorkflowTransition',NULL,NULL),(830,2,7,9,4,0,0,'WorkflowTransition',NULL,NULL),(831,2,7,8,4,0,0,'WorkflowTransition',NULL,NULL),(832,2,7,3,4,0,0,'WorkflowTransition',NULL,NULL),(833,2,7,2,4,0,0,'WorkflowTransition',NULL,NULL),(834,2,7,1,4,0,0,'WorkflowTransition',NULL,NULL),(835,2,9,5,4,0,0,'WorkflowTransition',NULL,NULL),(836,2,9,9,4,0,0,'WorkflowTransition',NULL,NULL),(837,2,9,8,4,0,0,'WorkflowTransition',NULL,NULL),(838,2,9,3,4,0,0,'WorkflowTransition',NULL,NULL),(839,2,9,2,4,0,0,'WorkflowTransition',NULL,NULL),(840,2,9,1,4,0,0,'WorkflowTransition',NULL,NULL),(841,2,8,5,4,0,0,'WorkflowTransition',NULL,NULL),(842,2,8,9,4,0,0,'WorkflowTransition',NULL,NULL),(843,2,8,8,4,0,0,'WorkflowTransition',NULL,NULL),(844,2,8,3,4,0,0,'WorkflowTransition',NULL,NULL),(845,2,8,2,4,0,0,'WorkflowTransition',NULL,NULL),(846,2,8,1,4,0,0,'WorkflowTransition',NULL,NULL),(847,2,3,5,4,0,0,'WorkflowTransition',NULL,NULL),(848,2,3,9,4,0,0,'WorkflowTransition',NULL,NULL),(849,2,3,8,4,0,0,'WorkflowTransition',NULL,NULL),(850,2,3,3,4,0,0,'WorkflowTransition',NULL,NULL),(851,2,3,2,4,0,0,'WorkflowTransition',NULL,NULL),(852,2,3,1,4,0,0,'WorkflowTransition',NULL,NULL),(853,2,2,5,4,0,0,'WorkflowTransition',NULL,NULL),(854,2,2,9,4,0,0,'WorkflowTransition',NULL,NULL),(855,2,2,8,4,0,0,'WorkflowTransition',NULL,NULL),(856,2,2,3,4,0,0,'WorkflowTransition',NULL,NULL),(857,2,2,2,4,0,0,'WorkflowTransition',NULL,NULL),(858,2,2,1,4,0,0,'WorkflowTransition',NULL,NULL),(859,2,1,5,4,0,0,'WorkflowTransition',NULL,NULL),(860,2,1,9,4,0,0,'WorkflowTransition',NULL,NULL),(861,2,1,8,4,0,0,'WorkflowTransition',NULL,NULL),(862,2,1,3,4,0,0,'WorkflowTransition',NULL,NULL),(863,2,1,2,4,0,0,'WorkflowTransition',NULL,NULL),(864,2,1,1,4,0,0,'WorkflowTransition',NULL,NULL),(865,2,10,5,4,0,0,'WorkflowTransition',NULL,NULL),(866,2,10,9,4,0,0,'WorkflowTransition',NULL,NULL),(867,2,10,8,4,0,0,'WorkflowTransition',NULL,NULL),(868,2,10,3,4,0,0,'WorkflowTransition',NULL,NULL),(869,2,10,2,4,0,0,'WorkflowTransition',NULL,NULL),(870,2,10,1,4,0,0,'WorkflowTransition',NULL,NULL),(871,3,6,5,4,0,0,'WorkflowTransition',NULL,NULL),(872,3,6,9,4,0,0,'WorkflowTransition',NULL,NULL),(873,3,6,8,4,0,0,'WorkflowTransition',NULL,NULL),(874,3,6,3,4,0,0,'WorkflowTransition',NULL,NULL),(875,3,6,2,4,0,0,'WorkflowTransition',NULL,NULL),(876,3,6,1,4,0,0,'WorkflowTransition',NULL,NULL),(877,3,5,5,4,0,0,'WorkflowTransition',NULL,NULL),(878,3,5,9,4,0,0,'WorkflowTransition',NULL,NULL),(879,3,5,8,4,0,0,'WorkflowTransition',NULL,NULL),(880,3,5,3,4,0,0,'WorkflowTransition',NULL,NULL),(881,3,5,2,4,0,0,'WorkflowTransition',NULL,NULL),(882,3,5,1,4,0,0,'WorkflowTransition',NULL,NULL),(883,3,7,5,4,0,0,'WorkflowTransition',NULL,NULL),(884,3,7,9,4,0,0,'WorkflowTransition',NULL,NULL),(885,3,7,8,4,0,0,'WorkflowTransition',NULL,NULL),(886,3,7,3,4,0,0,'WorkflowTransition',NULL,NULL),(887,3,7,2,4,0,0,'WorkflowTransition',NULL,NULL),(888,3,7,1,4,0,0,'WorkflowTransition',NULL,NULL),(889,3,9,5,4,0,0,'WorkflowTransition',NULL,NULL),(890,3,9,9,4,0,0,'WorkflowTransition',NULL,NULL),(891,3,9,8,4,0,0,'WorkflowTransition',NULL,NULL),(892,3,9,3,4,0,0,'WorkflowTransition',NULL,NULL),(893,3,9,2,4,0,0,'WorkflowTransition',NULL,NULL),(894,3,9,1,4,0,0,'WorkflowTransition',NULL,NULL),(895,3,8,5,4,0,0,'WorkflowTransition',NULL,NULL),(896,3,8,9,4,0,0,'WorkflowTransition',NULL,NULL),(897,3,8,8,4,0,0,'WorkflowTransition',NULL,NULL),(898,3,8,3,4,0,0,'WorkflowTransition',NULL,NULL),(899,3,8,2,4,0,0,'WorkflowTransition',NULL,NULL),(900,3,8,1,4,0,0,'WorkflowTransition',NULL,NULL),(901,3,3,5,4,0,0,'WorkflowTransition',NULL,NULL),(902,3,3,9,4,0,0,'WorkflowTransition',NULL,NULL),(903,3,3,8,4,0,0,'WorkflowTransition',NULL,NULL),(904,3,3,3,4,0,0,'WorkflowTransition',NULL,NULL),(905,3,3,2,4,0,0,'WorkflowTransition',NULL,NULL),(906,3,3,1,4,0,0,'WorkflowTransition',NULL,NULL),(907,3,2,5,4,0,0,'WorkflowTransition',NULL,NULL),(908,3,2,9,4,0,0,'WorkflowTransition',NULL,NULL),(909,3,2,8,4,0,0,'WorkflowTransition',NULL,NULL),(910,3,2,3,4,0,0,'WorkflowTransition',NULL,NULL),(911,3,2,2,4,0,0,'WorkflowTransition',NULL,NULL),(912,3,2,1,4,0,0,'WorkflowTransition',NULL,NULL),(913,3,1,5,4,0,0,'WorkflowTransition',NULL,NULL),(914,3,1,9,4,0,0,'WorkflowTransition',NULL,NULL),(915,3,1,8,4,0,0,'WorkflowTransition',NULL,NULL),(916,3,1,3,4,0,0,'WorkflowTransition',NULL,NULL),(917,3,1,2,4,0,0,'WorkflowTransition',NULL,NULL),(918,3,1,1,4,0,0,'WorkflowTransition',NULL,NULL),(919,3,10,5,4,0,0,'WorkflowTransition',NULL,NULL),(920,3,10,9,4,0,0,'WorkflowTransition',NULL,NULL),(921,3,10,8,4,0,0,'WorkflowTransition',NULL,NULL),(922,3,10,3,4,0,0,'WorkflowTransition',NULL,NULL),(923,3,10,2,4,0,0,'WorkflowTransition',NULL,NULL),(924,3,10,1,4,0,0,'WorkflowTransition',NULL,NULL),(925,6,10,6,4,0,0,'WorkflowTransition',NULL,NULL),(926,6,10,5,4,0,0,'WorkflowTransition',NULL,NULL),(927,6,10,7,4,0,0,'WorkflowTransition',NULL,NULL),(928,6,10,9,4,0,0,'WorkflowTransition',NULL,NULL),(929,6,10,8,4,0,0,'WorkflowTransition',NULL,NULL),(930,6,10,3,4,0,0,'WorkflowTransition',NULL,NULL),(931,6,10,2,4,0,0,'WorkflowTransition',NULL,NULL),(932,6,10,1,4,0,0,'WorkflowTransition',NULL,NULL),(933,6,6,6,4,0,0,'WorkflowTransition',NULL,NULL),(934,6,6,5,4,0,0,'WorkflowTransition',NULL,NULL),(935,6,6,7,4,0,0,'WorkflowTransition',NULL,NULL),(936,6,6,9,4,0,0,'WorkflowTransition',NULL,NULL),(937,6,6,8,4,0,0,'WorkflowTransition',NULL,NULL),(938,6,6,3,4,0,0,'WorkflowTransition',NULL,NULL),(939,6,6,2,4,0,0,'WorkflowTransition',NULL,NULL),(940,6,6,1,4,0,0,'WorkflowTransition',NULL,NULL),(941,6,5,6,4,0,0,'WorkflowTransition',NULL,NULL),(942,6,5,5,4,0,0,'WorkflowTransition',NULL,NULL),(943,6,5,7,4,0,0,'WorkflowTransition',NULL,NULL),(944,6,5,9,4,0,0,'WorkflowTransition',NULL,NULL),(945,6,5,8,4,0,0,'WorkflowTransition',NULL,NULL),(946,6,5,3,4,0,0,'WorkflowTransition',NULL,NULL),(947,6,5,2,4,0,0,'WorkflowTransition',NULL,NULL),(948,6,5,1,4,0,0,'WorkflowTransition',NULL,NULL),(949,6,7,6,4,0,0,'WorkflowTransition',NULL,NULL),(950,6,7,5,4,0,0,'WorkflowTransition',NULL,NULL),(951,6,7,7,4,0,0,'WorkflowTransition',NULL,NULL),(952,6,7,9,4,0,0,'WorkflowTransition',NULL,NULL),(953,6,7,8,4,0,0,'WorkflowTransition',NULL,NULL),(954,6,7,3,4,0,0,'WorkflowTransition',NULL,NULL),(955,6,7,2,4,0,0,'WorkflowTransition',NULL,NULL),(956,6,7,1,4,0,0,'WorkflowTransition',NULL,NULL),(957,6,9,6,4,0,0,'WorkflowTransition',NULL,NULL),(958,6,9,5,4,0,0,'WorkflowTransition',NULL,NULL),(959,6,9,7,4,0,0,'WorkflowTransition',NULL,NULL),(960,6,9,9,4,0,0,'WorkflowTransition',NULL,NULL),(961,6,9,8,4,0,0,'WorkflowTransition',NULL,NULL),(962,6,9,3,4,0,0,'WorkflowTransition',NULL,NULL),(963,6,9,2,4,0,0,'WorkflowTransition',NULL,NULL),(964,6,9,1,4,0,0,'WorkflowTransition',NULL,NULL),(965,6,8,6,4,0,0,'WorkflowTransition',NULL,NULL),(966,6,8,5,4,0,0,'WorkflowTransition',NULL,NULL),(967,6,8,7,4,0,0,'WorkflowTransition',NULL,NULL),(968,6,8,9,4,0,0,'WorkflowTransition',NULL,NULL),(969,6,8,8,4,0,0,'WorkflowTransition',NULL,NULL),(970,6,8,3,4,0,0,'WorkflowTransition',NULL,NULL),(971,6,8,2,4,0,0,'WorkflowTransition',NULL,NULL),(972,6,8,1,4,0,0,'WorkflowTransition',NULL,NULL),(973,6,3,6,4,0,0,'WorkflowTransition',NULL,NULL),(974,6,3,5,4,0,0,'WorkflowTransition',NULL,NULL),(975,6,3,7,4,0,0,'WorkflowTransition',NULL,NULL),(976,6,3,9,4,0,0,'WorkflowTransition',NULL,NULL),(977,6,3,8,4,0,0,'WorkflowTransition',NULL,NULL),(978,6,3,3,4,0,0,'WorkflowTransition',NULL,NULL),(979,6,3,2,4,0,0,'WorkflowTransition',NULL,NULL),(980,6,3,1,4,0,0,'WorkflowTransition',NULL,NULL),(981,6,2,6,4,0,0,'WorkflowTransition',NULL,NULL),(982,6,2,5,4,0,0,'WorkflowTransition',NULL,NULL),(983,6,2,7,4,0,0,'WorkflowTransition',NULL,NULL),(984,6,2,9,4,0,0,'WorkflowTransition',NULL,NULL),(985,6,2,8,4,0,0,'WorkflowTransition',NULL,NULL),(986,6,2,3,4,0,0,'WorkflowTransition',NULL,NULL),(987,6,2,2,4,0,0,'WorkflowTransition',NULL,NULL),(988,6,2,1,4,0,0,'WorkflowTransition',NULL,NULL),(989,6,1,6,4,0,0,'WorkflowTransition',NULL,NULL),(990,6,1,5,4,0,0,'WorkflowTransition',NULL,NULL),(991,6,1,7,4,0,0,'WorkflowTransition',NULL,NULL),(992,6,1,9,4,0,0,'WorkflowTransition',NULL,NULL),(993,6,1,8,4,0,0,'WorkflowTransition',NULL,NULL),(994,6,1,3,4,0,0,'WorkflowTransition',NULL,NULL),(995,6,1,2,4,0,0,'WorkflowTransition',NULL,NULL),(996,6,1,1,4,0,0,'WorkflowTransition',NULL,NULL),(997,8,6,6,4,0,0,'WorkflowTransition',NULL,NULL),(998,8,6,5,4,0,0,'WorkflowTransition',NULL,NULL),(999,8,6,7,4,0,0,'WorkflowTransition',NULL,NULL),(1000,8,6,9,4,0,0,'WorkflowTransition',NULL,NULL),(1001,8,6,8,4,0,0,'WorkflowTransition',NULL,NULL),(1002,8,6,3,4,0,0,'WorkflowTransition',NULL,NULL),(1003,8,6,2,4,0,0,'WorkflowTransition',NULL,NULL),(1004,8,6,1,4,0,0,'WorkflowTransition',NULL,NULL),(1005,8,5,6,4,0,0,'WorkflowTransition',NULL,NULL),(1006,8,5,5,4,0,0,'WorkflowTransition',NULL,NULL),(1007,8,5,7,4,0,0,'WorkflowTransition',NULL,NULL),(1008,8,5,9,4,0,0,'WorkflowTransition',NULL,NULL),(1009,8,5,8,4,0,0,'WorkflowTransition',NULL,NULL),(1010,8,5,3,4,0,0,'WorkflowTransition',NULL,NULL),(1011,8,5,2,4,0,0,'WorkflowTransition',NULL,NULL),(1012,8,5,1,4,0,0,'WorkflowTransition',NULL,NULL),(1013,8,7,6,4,0,0,'WorkflowTransition',NULL,NULL),(1014,8,7,5,4,0,0,'WorkflowTransition',NULL,NULL),(1015,8,7,7,4,0,0,'WorkflowTransition',NULL,NULL),(1016,8,7,9,4,0,0,'WorkflowTransition',NULL,NULL),(1017,8,7,8,4,0,0,'WorkflowTransition',NULL,NULL),(1018,8,7,3,4,0,0,'WorkflowTransition',NULL,NULL),(1019,8,7,2,4,0,0,'WorkflowTransition',NULL,NULL),(1020,8,7,1,4,0,0,'WorkflowTransition',NULL,NULL),(1021,8,9,6,4,0,0,'WorkflowTransition',NULL,NULL),(1022,8,9,5,4,0,0,'WorkflowTransition',NULL,NULL),(1023,8,9,7,4,0,0,'WorkflowTransition',NULL,NULL),(1024,8,9,9,4,0,0,'WorkflowTransition',NULL,NULL),(1025,8,9,8,4,0,0,'WorkflowTransition',NULL,NULL),(1026,8,9,3,4,0,0,'WorkflowTransition',NULL,NULL),(1027,8,9,2,4,0,0,'WorkflowTransition',NULL,NULL),(1028,8,9,1,4,0,0,'WorkflowTransition',NULL,NULL),(1029,8,8,6,4,0,0,'WorkflowTransition',NULL,NULL),(1030,8,8,5,4,0,0,'WorkflowTransition',NULL,NULL),(1031,8,8,7,4,0,0,'WorkflowTransition',NULL,NULL),(1032,8,8,9,4,0,0,'WorkflowTransition',NULL,NULL),(1033,8,8,8,4,0,0,'WorkflowTransition',NULL,NULL),(1034,8,8,3,4,0,0,'WorkflowTransition',NULL,NULL),(1035,8,8,2,4,0,0,'WorkflowTransition',NULL,NULL),(1036,8,8,1,4,0,0,'WorkflowTransition',NULL,NULL),(1037,8,3,6,4,0,0,'WorkflowTransition',NULL,NULL),(1038,8,3,5,4,0,0,'WorkflowTransition',NULL,NULL),(1039,8,3,7,4,0,0,'WorkflowTransition',NULL,NULL),(1040,8,3,9,4,0,0,'WorkflowTransition',NULL,NULL),(1041,8,3,8,4,0,0,'WorkflowTransition',NULL,NULL),(1042,8,3,3,4,0,0,'WorkflowTransition',NULL,NULL),(1043,8,3,2,4,0,0,'WorkflowTransition',NULL,NULL),(1044,8,3,1,4,0,0,'WorkflowTransition',NULL,NULL),(1045,8,2,6,4,0,0,'WorkflowTransition',NULL,NULL),(1046,8,2,5,4,0,0,'WorkflowTransition',NULL,NULL),(1047,8,2,7,4,0,0,'WorkflowTransition',NULL,NULL),(1048,8,2,9,4,0,0,'WorkflowTransition',NULL,NULL),(1049,8,2,8,4,0,0,'WorkflowTransition',NULL,NULL),(1050,8,2,3,4,0,0,'WorkflowTransition',NULL,NULL),(1051,8,2,2,4,0,0,'WorkflowTransition',NULL,NULL),(1052,8,2,1,4,0,0,'WorkflowTransition',NULL,NULL),(1053,8,1,6,4,0,0,'WorkflowTransition',NULL,NULL),(1054,8,1,5,4,0,0,'WorkflowTransition',NULL,NULL),(1055,8,1,7,4,0,0,'WorkflowTransition',NULL,NULL),(1056,8,1,9,4,0,0,'WorkflowTransition',NULL,NULL),(1057,8,1,8,4,0,0,'WorkflowTransition',NULL,NULL),(1058,8,1,3,4,0,0,'WorkflowTransition',NULL,NULL),(1059,8,1,2,4,0,0,'WorkflowTransition',NULL,NULL),(1060,8,1,1,4,0,0,'WorkflowTransition',NULL,NULL),(1061,8,10,6,4,0,0,'WorkflowTransition',NULL,NULL),(1062,8,10,5,4,0,0,'WorkflowTransition',NULL,NULL),(1063,8,10,7,4,0,0,'WorkflowTransition',NULL,NULL),(1064,8,10,9,4,0,0,'WorkflowTransition',NULL,NULL),(1065,8,10,8,4,0,0,'WorkflowTransition',NULL,NULL),(1066,8,10,3,4,0,0,'WorkflowTransition',NULL,NULL),(1067,8,10,2,4,0,0,'WorkflowTransition',NULL,NULL),(1068,8,10,1,4,0,0,'WorkflowTransition',NULL,NULL),(1132,1,10,5,5,0,0,'WorkflowTransition',NULL,NULL),(1133,1,10,7,5,0,0,'WorkflowTransition',NULL,NULL),(1134,1,10,9,5,0,0,'WorkflowTransition',NULL,NULL),(1135,1,10,8,5,0,0,'WorkflowTransition',NULL,NULL),(1136,1,10,3,5,0,0,'WorkflowTransition',NULL,NULL),(1137,1,10,2,5,0,0,'WorkflowTransition',NULL,NULL),(1138,1,10,1,5,0,0,'WorkflowTransition',NULL,NULL),(1139,1,6,5,5,0,0,'WorkflowTransition',NULL,NULL),(1140,1,6,7,5,0,0,'WorkflowTransition',NULL,NULL),(1141,1,6,9,5,0,0,'WorkflowTransition',NULL,NULL),(1142,1,6,8,5,0,0,'WorkflowTransition',NULL,NULL),(1143,1,6,3,5,0,0,'WorkflowTransition',NULL,NULL),(1144,1,6,2,5,0,0,'WorkflowTransition',NULL,NULL),(1145,1,6,1,5,0,0,'WorkflowTransition',NULL,NULL),(1146,1,5,5,5,0,0,'WorkflowTransition',NULL,NULL),(1147,1,5,7,5,0,0,'WorkflowTransition',NULL,NULL),(1148,1,5,9,5,0,0,'WorkflowTransition',NULL,NULL),(1149,1,5,8,5,0,0,'WorkflowTransition',NULL,NULL),(1150,1,5,3,5,0,0,'WorkflowTransition',NULL,NULL),(1151,1,5,2,5,0,0,'WorkflowTransition',NULL,NULL),(1152,1,5,1,5,0,0,'WorkflowTransition',NULL,NULL),(1153,1,7,5,5,0,0,'WorkflowTransition',NULL,NULL),(1154,1,7,7,5,0,0,'WorkflowTransition',NULL,NULL),(1155,1,7,9,5,0,0,'WorkflowTransition',NULL,NULL),(1156,1,7,8,5,0,0,'WorkflowTransition',NULL,NULL),(1157,1,7,3,5,0,0,'WorkflowTransition',NULL,NULL),(1158,1,7,2,5,0,0,'WorkflowTransition',NULL,NULL),(1159,1,7,1,5,0,0,'WorkflowTransition',NULL,NULL),(1160,1,9,5,5,0,0,'WorkflowTransition',NULL,NULL),(1161,1,9,7,5,0,0,'WorkflowTransition',NULL,NULL),(1162,1,9,9,5,0,0,'WorkflowTransition',NULL,NULL),(1163,1,9,8,5,0,0,'WorkflowTransition',NULL,NULL),(1164,1,9,3,5,0,0,'WorkflowTransition',NULL,NULL),(1165,1,9,2,5,0,0,'WorkflowTransition',NULL,NULL),(1166,1,9,1,5,0,0,'WorkflowTransition',NULL,NULL),(1167,1,8,5,5,0,0,'WorkflowTransition',NULL,NULL),(1168,1,8,7,5,0,0,'WorkflowTransition',NULL,NULL),(1169,1,8,9,5,0,0,'WorkflowTransition',NULL,NULL),(1170,1,8,8,5,0,0,'WorkflowTransition',NULL,NULL),(1171,1,8,3,5,0,0,'WorkflowTransition',NULL,NULL),(1172,1,8,2,5,0,0,'WorkflowTransition',NULL,NULL),(1173,1,8,1,5,0,0,'WorkflowTransition',NULL,NULL),(1174,1,3,5,5,0,0,'WorkflowTransition',NULL,NULL),(1175,1,3,7,5,0,0,'WorkflowTransition',NULL,NULL),(1176,1,3,9,5,0,0,'WorkflowTransition',NULL,NULL),(1177,1,3,8,5,0,0,'WorkflowTransition',NULL,NULL),(1178,1,3,3,5,0,0,'WorkflowTransition',NULL,NULL),(1179,1,3,2,5,0,0,'WorkflowTransition',NULL,NULL),(1180,1,3,1,5,0,0,'WorkflowTransition',NULL,NULL),(1181,1,2,5,5,0,0,'WorkflowTransition',NULL,NULL),(1182,1,2,7,5,0,0,'WorkflowTransition',NULL,NULL),(1183,1,2,9,5,0,0,'WorkflowTransition',NULL,NULL),(1184,1,2,8,5,0,0,'WorkflowTransition',NULL,NULL),(1185,1,2,3,5,0,0,'WorkflowTransition',NULL,NULL),(1186,1,2,2,5,0,0,'WorkflowTransition',NULL,NULL),(1187,1,2,1,5,0,0,'WorkflowTransition',NULL,NULL),(1188,1,1,5,5,0,0,'WorkflowTransition',NULL,NULL),(1189,1,1,7,5,0,0,'WorkflowTransition',NULL,NULL),(1190,1,1,9,5,0,0,'WorkflowTransition',NULL,NULL),(1191,1,1,8,5,0,0,'WorkflowTransition',NULL,NULL),(1192,1,1,3,5,0,0,'WorkflowTransition',NULL,NULL),(1193,1,1,2,5,0,0,'WorkflowTransition',NULL,NULL),(1194,1,1,1,5,0,0,'WorkflowTransition',NULL,NULL),(1195,2,10,5,5,0,0,'WorkflowTransition',NULL,NULL),(1196,2,10,7,5,0,0,'WorkflowTransition',NULL,NULL),(1197,2,10,9,5,0,0,'WorkflowTransition',NULL,NULL),(1198,2,10,8,5,0,0,'WorkflowTransition',NULL,NULL),(1199,2,10,3,5,0,0,'WorkflowTransition',NULL,NULL),(1200,2,10,2,5,0,0,'WorkflowTransition',NULL,NULL),(1201,2,10,1,5,0,0,'WorkflowTransition',NULL,NULL),(1202,2,6,5,5,0,0,'WorkflowTransition',NULL,NULL),(1203,2,6,7,5,0,0,'WorkflowTransition',NULL,NULL),(1204,2,6,9,5,0,0,'WorkflowTransition',NULL,NULL),(1205,2,6,8,5,0,0,'WorkflowTransition',NULL,NULL),(1206,2,6,3,5,0,0,'WorkflowTransition',NULL,NULL),(1207,2,6,2,5,0,0,'WorkflowTransition',NULL,NULL),(1208,2,6,1,5,0,0,'WorkflowTransition',NULL,NULL),(1209,2,5,5,5,0,0,'WorkflowTransition',NULL,NULL),(1210,2,5,7,5,0,0,'WorkflowTransition',NULL,NULL),(1211,2,5,9,5,0,0,'WorkflowTransition',NULL,NULL),(1212,2,5,8,5,0,0,'WorkflowTransition',NULL,NULL),(1213,2,5,3,5,0,0,'WorkflowTransition',NULL,NULL),(1214,2,5,2,5,0,0,'WorkflowTransition',NULL,NULL),(1215,2,5,1,5,0,0,'WorkflowTransition',NULL,NULL),(1216,2,7,5,5,0,0,'WorkflowTransition',NULL,NULL),(1217,2,7,7,5,0,0,'WorkflowTransition',NULL,NULL),(1218,2,7,9,5,0,0,'WorkflowTransition',NULL,NULL),(1219,2,7,8,5,0,0,'WorkflowTransition',NULL,NULL),(1220,2,7,3,5,0,0,'WorkflowTransition',NULL,NULL),(1221,2,7,2,5,0,0,'WorkflowTransition',NULL,NULL),(1222,2,7,1,5,0,0,'WorkflowTransition',NULL,NULL),(1223,2,9,5,5,0,0,'WorkflowTransition',NULL,NULL),(1224,2,9,7,5,0,0,'WorkflowTransition',NULL,NULL),(1225,2,9,9,5,0,0,'WorkflowTransition',NULL,NULL),(1226,2,9,8,5,0,0,'WorkflowTransition',NULL,NULL),(1227,2,9,3,5,0,0,'WorkflowTransition',NULL,NULL),(1228,2,9,2,5,0,0,'WorkflowTransition',NULL,NULL),(1229,2,9,1,5,0,0,'WorkflowTransition',NULL,NULL),(1230,2,8,5,5,0,0,'WorkflowTransition',NULL,NULL),(1231,2,8,7,5,0,0,'WorkflowTransition',NULL,NULL),(1232,2,8,9,5,0,0,'WorkflowTransition',NULL,NULL),(1233,2,8,8,5,0,0,'WorkflowTransition',NULL,NULL),(1234,2,8,3,5,0,0,'WorkflowTransition',NULL,NULL),(1235,2,8,2,5,0,0,'WorkflowTransition',NULL,NULL),(1236,2,8,1,5,0,0,'WorkflowTransition',NULL,NULL),(1237,2,3,5,5,0,0,'WorkflowTransition',NULL,NULL),(1238,2,3,7,5,0,0,'WorkflowTransition',NULL,NULL),(1239,2,3,9,5,0,0,'WorkflowTransition',NULL,NULL),(1240,2,3,8,5,0,0,'WorkflowTransition',NULL,NULL),(1241,2,3,3,5,0,0,'WorkflowTransition',NULL,NULL),(1242,2,3,2,5,0,0,'WorkflowTransition',NULL,NULL),(1243,2,3,1,5,0,0,'WorkflowTransition',NULL,NULL),(1244,2,2,5,5,0,0,'WorkflowTransition',NULL,NULL),(1245,2,2,7,5,0,0,'WorkflowTransition',NULL,NULL),(1246,2,2,9,5,0,0,'WorkflowTransition',NULL,NULL),(1247,2,2,8,5,0,0,'WorkflowTransition',NULL,NULL),(1248,2,2,3,5,0,0,'WorkflowTransition',NULL,NULL),(1249,2,2,2,5,0,0,'WorkflowTransition',NULL,NULL),(1250,2,2,1,5,0,0,'WorkflowTransition',NULL,NULL),(1251,2,1,5,5,0,0,'WorkflowTransition',NULL,NULL),(1252,2,1,7,5,0,0,'WorkflowTransition',NULL,NULL),(1253,2,1,9,5,0,0,'WorkflowTransition',NULL,NULL),(1254,2,1,8,5,0,0,'WorkflowTransition',NULL,NULL),(1255,2,1,3,5,0,0,'WorkflowTransition',NULL,NULL),(1256,2,1,2,5,0,0,'WorkflowTransition',NULL,NULL),(1257,2,1,1,5,0,0,'WorkflowTransition',NULL,NULL),(1258,3,10,5,5,0,0,'WorkflowTransition',NULL,NULL),(1259,3,10,7,5,0,0,'WorkflowTransition',NULL,NULL),(1260,3,10,9,5,0,0,'WorkflowTransition',NULL,NULL),(1261,3,10,8,5,0,0,'WorkflowTransition',NULL,NULL),(1262,3,10,3,5,0,0,'WorkflowTransition',NULL,NULL),(1263,3,10,2,5,0,0,'WorkflowTransition',NULL,NULL),(1264,3,10,1,5,0,0,'WorkflowTransition',NULL,NULL),(1265,3,6,5,5,0,0,'WorkflowTransition',NULL,NULL),(1266,3,6,7,5,0,0,'WorkflowTransition',NULL,NULL),(1267,3,6,9,5,0,0,'WorkflowTransition',NULL,NULL),(1268,3,6,8,5,0,0,'WorkflowTransition',NULL,NULL),(1269,3,6,3,5,0,0,'WorkflowTransition',NULL,NULL),(1270,3,6,2,5,0,0,'WorkflowTransition',NULL,NULL),(1271,3,6,1,5,0,0,'WorkflowTransition',NULL,NULL),(1272,3,5,5,5,0,0,'WorkflowTransition',NULL,NULL),(1273,3,5,7,5,0,0,'WorkflowTransition',NULL,NULL),(1274,3,5,9,5,0,0,'WorkflowTransition',NULL,NULL),(1275,3,5,8,5,0,0,'WorkflowTransition',NULL,NULL),(1276,3,5,3,5,0,0,'WorkflowTransition',NULL,NULL),(1277,3,5,2,5,0,0,'WorkflowTransition',NULL,NULL),(1278,3,5,1,5,0,0,'WorkflowTransition',NULL,NULL),(1279,3,7,5,5,0,0,'WorkflowTransition',NULL,NULL),(1280,3,7,7,5,0,0,'WorkflowTransition',NULL,NULL),(1281,3,7,9,5,0,0,'WorkflowTransition',NULL,NULL),(1282,3,7,8,5,0,0,'WorkflowTransition',NULL,NULL),(1283,3,7,3,5,0,0,'WorkflowTransition',NULL,NULL),(1284,3,7,2,5,0,0,'WorkflowTransition',NULL,NULL),(1285,3,7,1,5,0,0,'WorkflowTransition',NULL,NULL),(1286,3,9,5,5,0,0,'WorkflowTransition',NULL,NULL),(1287,3,9,7,5,0,0,'WorkflowTransition',NULL,NULL),(1288,3,9,9,5,0,0,'WorkflowTransition',NULL,NULL),(1289,3,9,8,5,0,0,'WorkflowTransition',NULL,NULL),(1290,3,9,3,5,0,0,'WorkflowTransition',NULL,NULL),(1291,3,9,2,5,0,0,'WorkflowTransition',NULL,NULL),(1292,3,9,1,5,0,0,'WorkflowTransition',NULL,NULL),(1293,3,8,5,5,0,0,'WorkflowTransition',NULL,NULL),(1294,3,8,7,5,0,0,'WorkflowTransition',NULL,NULL),(1295,3,8,9,5,0,0,'WorkflowTransition',NULL,NULL),(1296,3,8,8,5,0,0,'WorkflowTransition',NULL,NULL),(1297,3,8,3,5,0,0,'WorkflowTransition',NULL,NULL),(1298,3,8,2,5,0,0,'WorkflowTransition',NULL,NULL),(1299,3,8,1,5,0,0,'WorkflowTransition',NULL,NULL),(1300,3,3,5,5,0,0,'WorkflowTransition',NULL,NULL),(1301,3,3,7,5,0,0,'WorkflowTransition',NULL,NULL),(1302,3,3,9,5,0,0,'WorkflowTransition',NULL,NULL),(1303,3,3,8,5,0,0,'WorkflowTransition',NULL,NULL),(1304,3,3,3,5,0,0,'WorkflowTransition',NULL,NULL),(1305,3,3,2,5,0,0,'WorkflowTransition',NULL,NULL),(1306,3,3,1,5,0,0,'WorkflowTransition',NULL,NULL),(1307,3,2,5,5,0,0,'WorkflowTransition',NULL,NULL),(1308,3,2,7,5,0,0,'WorkflowTransition',NULL,NULL),(1309,3,2,9,5,0,0,'WorkflowTransition',NULL,NULL),(1310,3,2,8,5,0,0,'WorkflowTransition',NULL,NULL),(1311,3,2,3,5,0,0,'WorkflowTransition',NULL,NULL),(1312,3,2,2,5,0,0,'WorkflowTransition',NULL,NULL),(1313,3,2,1,5,0,0,'WorkflowTransition',NULL,NULL),(1314,3,1,5,5,0,0,'WorkflowTransition',NULL,NULL),(1315,3,1,7,5,0,0,'WorkflowTransition',NULL,NULL),(1316,3,1,9,5,0,0,'WorkflowTransition',NULL,NULL),(1317,3,1,8,5,0,0,'WorkflowTransition',NULL,NULL),(1318,3,1,3,5,0,0,'WorkflowTransition',NULL,NULL),(1319,3,1,2,5,0,0,'WorkflowTransition',NULL,NULL),(1320,3,1,1,5,0,0,'WorkflowTransition',NULL,NULL),(1321,6,10,5,5,0,0,'WorkflowTransition',NULL,NULL),(1322,6,10,7,5,0,0,'WorkflowTransition',NULL,NULL),(1323,6,10,9,5,0,0,'WorkflowTransition',NULL,NULL),(1324,6,10,8,5,0,0,'WorkflowTransition',NULL,NULL),(1325,6,10,3,5,0,0,'WorkflowTransition',NULL,NULL),(1326,6,10,2,5,0,0,'WorkflowTransition',NULL,NULL),(1327,6,10,1,5,0,0,'WorkflowTransition',NULL,NULL),(1328,6,6,5,5,0,0,'WorkflowTransition',NULL,NULL),(1329,6,6,7,5,0,0,'WorkflowTransition',NULL,NULL),(1330,6,6,9,5,0,0,'WorkflowTransition',NULL,NULL),(1331,6,6,8,5,0,0,'WorkflowTransition',NULL,NULL),(1332,6,6,3,5,0,0,'WorkflowTransition',NULL,NULL),(1333,6,6,2,5,0,0,'WorkflowTransition',NULL,NULL),(1334,6,6,1,5,0,0,'WorkflowTransition',NULL,NULL),(1335,6,5,5,5,0,0,'WorkflowTransition',NULL,NULL),(1336,6,5,7,5,0,0,'WorkflowTransition',NULL,NULL),(1337,6,5,9,5,0,0,'WorkflowTransition',NULL,NULL),(1338,6,5,8,5,0,0,'WorkflowTransition',NULL,NULL),(1339,6,5,3,5,0,0,'WorkflowTransition',NULL,NULL),(1340,6,5,2,5,0,0,'WorkflowTransition',NULL,NULL),(1341,6,5,1,5,0,0,'WorkflowTransition',NULL,NULL),(1342,6,7,5,5,0,0,'WorkflowTransition',NULL,NULL),(1343,6,7,7,5,0,0,'WorkflowTransition',NULL,NULL),(1344,6,7,9,5,0,0,'WorkflowTransition',NULL,NULL),(1345,6,7,8,5,0,0,'WorkflowTransition',NULL,NULL),(1346,6,7,3,5,0,0,'WorkflowTransition',NULL,NULL),(1347,6,7,2,5,0,0,'WorkflowTransition',NULL,NULL),(1348,6,7,1,5,0,0,'WorkflowTransition',NULL,NULL),(1349,6,9,5,5,0,0,'WorkflowTransition',NULL,NULL),(1350,6,9,7,5,0,0,'WorkflowTransition',NULL,NULL),(1351,6,9,9,5,0,0,'WorkflowTransition',NULL,NULL),(1352,6,9,8,5,0,0,'WorkflowTransition',NULL,NULL),(1353,6,9,3,5,0,0,'WorkflowTransition',NULL,NULL),(1354,6,9,2,5,0,0,'WorkflowTransition',NULL,NULL),(1355,6,9,1,5,0,0,'WorkflowTransition',NULL,NULL),(1356,6,8,5,5,0,0,'WorkflowTransition',NULL,NULL),(1357,6,8,7,5,0,0,'WorkflowTransition',NULL,NULL),(1358,6,8,9,5,0,0,'WorkflowTransition',NULL,NULL),(1359,6,8,8,5,0,0,'WorkflowTransition',NULL,NULL),(1360,6,8,3,5,0,0,'WorkflowTransition',NULL,NULL),(1361,6,8,2,5,0,0,'WorkflowTransition',NULL,NULL),(1362,6,8,1,5,0,0,'WorkflowTransition',NULL,NULL),(1363,6,3,5,5,0,0,'WorkflowTransition',NULL,NULL),(1364,6,3,7,5,0,0,'WorkflowTransition',NULL,NULL),(1365,6,3,9,5,0,0,'WorkflowTransition',NULL,NULL),(1366,6,3,8,5,0,0,'WorkflowTransition',NULL,NULL),(1367,6,3,3,5,0,0,'WorkflowTransition',NULL,NULL),(1368,6,3,2,5,0,0,'WorkflowTransition',NULL,NULL),(1369,6,3,1,5,0,0,'WorkflowTransition',NULL,NULL),(1370,6,2,5,5,0,0,'WorkflowTransition',NULL,NULL),(1371,6,2,7,5,0,0,'WorkflowTransition',NULL,NULL),(1372,6,2,9,5,0,0,'WorkflowTransition',NULL,NULL),(1373,6,2,8,5,0,0,'WorkflowTransition',NULL,NULL),(1374,6,2,3,5,0,0,'WorkflowTransition',NULL,NULL),(1375,6,2,2,5,0,0,'WorkflowTransition',NULL,NULL),(1376,6,2,1,5,0,0,'WorkflowTransition',NULL,NULL),(1377,6,1,5,5,0,0,'WorkflowTransition',NULL,NULL),(1378,6,1,7,5,0,0,'WorkflowTransition',NULL,NULL),(1379,6,1,9,5,0,0,'WorkflowTransition',NULL,NULL),(1380,6,1,8,5,0,0,'WorkflowTransition',NULL,NULL),(1381,6,1,3,5,0,0,'WorkflowTransition',NULL,NULL),(1382,6,1,2,5,0,0,'WorkflowTransition',NULL,NULL),(1383,6,1,1,5,0,0,'WorkflowTransition',NULL,NULL),(1447,8,10,5,5,0,0,'WorkflowTransition',NULL,NULL),(1448,8,10,7,5,0,0,'WorkflowTransition',NULL,NULL),(1449,8,10,9,5,0,0,'WorkflowTransition',NULL,NULL),(1450,8,10,8,5,0,0,'WorkflowTransition',NULL,NULL),(1451,8,10,3,5,0,0,'WorkflowTransition',NULL,NULL),(1452,8,10,2,5,0,0,'WorkflowTransition',NULL,NULL),(1453,8,10,1,5,0,0,'WorkflowTransition',NULL,NULL),(1454,8,6,5,5,0,0,'WorkflowTransition',NULL,NULL),(1455,8,6,7,5,0,0,'WorkflowTransition',NULL,NULL),(1456,8,6,9,5,0,0,'WorkflowTransition',NULL,NULL),(1457,8,6,8,5,0,0,'WorkflowTransition',NULL,NULL),(1458,8,6,3,5,0,0,'WorkflowTransition',NULL,NULL),(1459,8,6,2,5,0,0,'WorkflowTransition',NULL,NULL),(1460,8,6,1,5,0,0,'WorkflowTransition',NULL,NULL),(1461,8,5,5,5,0,0,'WorkflowTransition',NULL,NULL),(1462,8,5,7,5,0,0,'WorkflowTransition',NULL,NULL),(1463,8,5,9,5,0,0,'WorkflowTransition',NULL,NULL),(1464,8,5,8,5,0,0,'WorkflowTransition',NULL,NULL),(1465,8,5,3,5,0,0,'WorkflowTransition',NULL,NULL),(1466,8,5,2,5,0,0,'WorkflowTransition',NULL,NULL),(1467,8,5,1,5,0,0,'WorkflowTransition',NULL,NULL),(1468,8,7,5,5,0,0,'WorkflowTransition',NULL,NULL),(1469,8,7,7,5,0,0,'WorkflowTransition',NULL,NULL),(1470,8,7,9,5,0,0,'WorkflowTransition',NULL,NULL),(1471,8,7,8,5,0,0,'WorkflowTransition',NULL,NULL),(1472,8,7,3,5,0,0,'WorkflowTransition',NULL,NULL),(1473,8,7,2,5,0,0,'WorkflowTransition',NULL,NULL),(1474,8,7,1,5,0,0,'WorkflowTransition',NULL,NULL),(1475,8,9,5,5,0,0,'WorkflowTransition',NULL,NULL),(1476,8,9,7,5,0,0,'WorkflowTransition',NULL,NULL),(1477,8,9,9,5,0,0,'WorkflowTransition',NULL,NULL),(1478,8,9,8,5,0,0,'WorkflowTransition',NULL,NULL),(1479,8,9,3,5,0,0,'WorkflowTransition',NULL,NULL),(1480,8,9,2,5,0,0,'WorkflowTransition',NULL,NULL),(1481,8,9,1,5,0,0,'WorkflowTransition',NULL,NULL),(1482,8,8,5,5,0,0,'WorkflowTransition',NULL,NULL),(1483,8,8,7,5,0,0,'WorkflowTransition',NULL,NULL),(1484,8,8,9,5,0,0,'WorkflowTransition',NULL,NULL),(1485,8,8,8,5,0,0,'WorkflowTransition',NULL,NULL),(1486,8,8,3,5,0,0,'WorkflowTransition',NULL,NULL),(1487,8,8,2,5,0,0,'WorkflowTransition',NULL,NULL),(1488,8,8,1,5,0,0,'WorkflowTransition',NULL,NULL),(1489,8,3,5,5,0,0,'WorkflowTransition',NULL,NULL),(1490,8,3,7,5,0,0,'WorkflowTransition',NULL,NULL),(1491,8,3,9,5,0,0,'WorkflowTransition',NULL,NULL),(1492,8,3,8,5,0,0,'WorkflowTransition',NULL,NULL),(1493,8,3,3,5,0,0,'WorkflowTransition',NULL,NULL),(1494,8,3,2,5,0,0,'WorkflowTransition',NULL,NULL),(1495,8,3,1,5,0,0,'WorkflowTransition',NULL,NULL),(1496,8,2,5,5,0,0,'WorkflowTransition',NULL,NULL),(1497,8,2,7,5,0,0,'WorkflowTransition',NULL,NULL),(1498,8,2,9,5,0,0,'WorkflowTransition',NULL,NULL),(1499,8,2,8,5,0,0,'WorkflowTransition',NULL,NULL),(1500,8,2,3,5,0,0,'WorkflowTransition',NULL,NULL),(1501,8,2,2,5,0,0,'WorkflowTransition',NULL,NULL),(1502,8,2,1,5,0,0,'WorkflowTransition',NULL,NULL),(1503,8,1,5,5,0,0,'WorkflowTransition',NULL,NULL),(1504,8,1,7,5,0,0,'WorkflowTransition',NULL,NULL),(1505,8,1,9,5,0,0,'WorkflowTransition',NULL,NULL),(1506,8,1,8,5,0,0,'WorkflowTransition',NULL,NULL),(1507,8,1,3,5,0,0,'WorkflowTransition',NULL,NULL),(1508,8,1,2,5,0,0,'WorkflowTransition',NULL,NULL),(1509,8,1,1,5,0,0,'WorkflowTransition',NULL,NULL),(1510,1,10,9,6,0,0,'WorkflowTransition',NULL,NULL),(1511,1,10,8,6,0,0,'WorkflowTransition',NULL,NULL),(1512,1,10,3,6,0,0,'WorkflowTransition',NULL,NULL),(1513,1,10,2,6,0,0,'WorkflowTransition',NULL,NULL),(1514,1,10,1,6,0,0,'WorkflowTransition',NULL,NULL),(1515,1,6,9,6,0,0,'WorkflowTransition',NULL,NULL),(1516,1,6,8,6,0,0,'WorkflowTransition',NULL,NULL),(1517,1,6,3,6,0,0,'WorkflowTransition',NULL,NULL),(1518,1,6,2,6,0,0,'WorkflowTransition',NULL,NULL),(1519,1,6,1,6,0,0,'WorkflowTransition',NULL,NULL),(1520,1,5,9,6,0,0,'WorkflowTransition',NULL,NULL),(1521,1,5,8,6,0,0,'WorkflowTransition',NULL,NULL),(1522,1,5,3,6,0,0,'WorkflowTransition',NULL,NULL),(1523,1,5,2,6,0,0,'WorkflowTransition',NULL,NULL),(1524,1,5,1,6,0,0,'WorkflowTransition',NULL,NULL),(1525,1,7,9,6,0,0,'WorkflowTransition',NULL,NULL),(1526,1,7,8,6,0,0,'WorkflowTransition',NULL,NULL),(1527,1,7,3,6,0,0,'WorkflowTransition',NULL,NULL),(1528,1,7,2,6,0,0,'WorkflowTransition',NULL,NULL),(1529,1,7,1,6,0,0,'WorkflowTransition',NULL,NULL),(1530,1,9,9,6,0,0,'WorkflowTransition',NULL,NULL),(1531,1,9,8,6,0,0,'WorkflowTransition',NULL,NULL),(1532,1,9,3,6,0,0,'WorkflowTransition',NULL,NULL),(1533,1,9,2,6,0,0,'WorkflowTransition',NULL,NULL),(1534,1,9,1,6,0,0,'WorkflowTransition',NULL,NULL),(1535,1,8,9,6,0,0,'WorkflowTransition',NULL,NULL),(1536,1,8,8,6,0,0,'WorkflowTransition',NULL,NULL),(1537,1,8,3,6,0,0,'WorkflowTransition',NULL,NULL),(1538,1,8,2,6,0,0,'WorkflowTransition',NULL,NULL),(1539,1,8,1,6,0,0,'WorkflowTransition',NULL,NULL),(1540,1,3,9,6,0,0,'WorkflowTransition',NULL,NULL),(1541,1,3,8,6,0,0,'WorkflowTransition',NULL,NULL),(1542,1,3,3,6,0,0,'WorkflowTransition',NULL,NULL),(1543,1,3,2,6,0,0,'WorkflowTransition',NULL,NULL),(1544,1,3,1,6,0,0,'WorkflowTransition',NULL,NULL),(1545,1,2,9,6,0,0,'WorkflowTransition',NULL,NULL),(1546,1,2,8,6,0,0,'WorkflowTransition',NULL,NULL),(1547,1,2,3,6,0,0,'WorkflowTransition',NULL,NULL),(1548,1,2,2,6,0,0,'WorkflowTransition',NULL,NULL),(1549,1,2,1,6,0,0,'WorkflowTransition',NULL,NULL),(1550,1,1,9,6,0,0,'WorkflowTransition',NULL,NULL),(1551,1,1,8,6,0,0,'WorkflowTransition',NULL,NULL),(1552,1,1,3,6,0,0,'WorkflowTransition',NULL,NULL),(1553,1,1,2,6,0,0,'WorkflowTransition',NULL,NULL),(1554,1,1,1,6,0,0,'WorkflowTransition',NULL,NULL),(1555,2,10,5,6,0,0,'WorkflowTransition',NULL,NULL),(1556,2,10,9,6,0,0,'WorkflowTransition',NULL,NULL),(1557,2,10,8,6,0,0,'WorkflowTransition',NULL,NULL),(1558,2,10,3,6,0,0,'WorkflowTransition',NULL,NULL),(1559,2,10,2,6,0,0,'WorkflowTransition',NULL,NULL),(1560,2,10,1,6,0,0,'WorkflowTransition',NULL,NULL),(1561,2,6,5,6,0,0,'WorkflowTransition',NULL,NULL),(1562,2,6,9,6,0,0,'WorkflowTransition',NULL,NULL),(1563,2,6,8,6,0,0,'WorkflowTransition',NULL,NULL),(1564,2,6,3,6,0,0,'WorkflowTransition',NULL,NULL),(1565,2,6,2,6,0,0,'WorkflowTransition',NULL,NULL),(1566,2,6,1,6,0,0,'WorkflowTransition',NULL,NULL),(1567,2,5,5,6,0,0,'WorkflowTransition',NULL,NULL),(1568,2,5,9,6,0,0,'WorkflowTransition',NULL,NULL),(1569,2,5,8,6,0,0,'WorkflowTransition',NULL,NULL),(1570,2,5,3,6,0,0,'WorkflowTransition',NULL,NULL),(1571,2,5,2,6,0,0,'WorkflowTransition',NULL,NULL),(1572,2,5,1,6,0,0,'WorkflowTransition',NULL,NULL),(1573,2,7,5,6,0,0,'WorkflowTransition',NULL,NULL),(1574,2,7,9,6,0,0,'WorkflowTransition',NULL,NULL),(1575,2,7,8,6,0,0,'WorkflowTransition',NULL,NULL),(1576,2,7,3,6,0,0,'WorkflowTransition',NULL,NULL),(1577,2,7,2,6,0,0,'WorkflowTransition',NULL,NULL),(1578,2,7,1,6,0,0,'WorkflowTransition',NULL,NULL),(1579,2,9,5,6,0,0,'WorkflowTransition',NULL,NULL),(1580,2,9,9,6,0,0,'WorkflowTransition',NULL,NULL),(1581,2,9,8,6,0,0,'WorkflowTransition',NULL,NULL),(1582,2,9,3,6,0,0,'WorkflowTransition',NULL,NULL),(1583,2,9,2,6,0,0,'WorkflowTransition',NULL,NULL),(1584,2,9,1,6,0,0,'WorkflowTransition',NULL,NULL),(1585,2,8,5,6,0,0,'WorkflowTransition',NULL,NULL),(1586,2,8,9,6,0,0,'WorkflowTransition',NULL,NULL),(1587,2,8,8,6,0,0,'WorkflowTransition',NULL,NULL),(1588,2,8,3,6,0,0,'WorkflowTransition',NULL,NULL),(1589,2,8,2,6,0,0,'WorkflowTransition',NULL,NULL),(1590,2,8,1,6,0,0,'WorkflowTransition',NULL,NULL),(1591,2,3,5,6,0,0,'WorkflowTransition',NULL,NULL),(1592,2,3,9,6,0,0,'WorkflowTransition',NULL,NULL),(1593,2,3,8,6,0,0,'WorkflowTransition',NULL,NULL),(1594,2,3,3,6,0,0,'WorkflowTransition',NULL,NULL),(1595,2,3,2,6,0,0,'WorkflowTransition',NULL,NULL),(1596,2,3,1,6,0,0,'WorkflowTransition',NULL,NULL),(1597,2,2,5,6,0,0,'WorkflowTransition',NULL,NULL),(1598,2,2,9,6,0,0,'WorkflowTransition',NULL,NULL),(1599,2,2,8,6,0,0,'WorkflowTransition',NULL,NULL),(1600,2,2,3,6,0,0,'WorkflowTransition',NULL,NULL),(1601,2,2,2,6,0,0,'WorkflowTransition',NULL,NULL),(1602,2,2,1,6,0,0,'WorkflowTransition',NULL,NULL),(1603,2,1,5,6,0,0,'WorkflowTransition',NULL,NULL),(1604,2,1,9,6,0,0,'WorkflowTransition',NULL,NULL),(1605,2,1,8,6,0,0,'WorkflowTransition',NULL,NULL),(1606,2,1,3,6,0,0,'WorkflowTransition',NULL,NULL),(1607,2,1,2,6,0,0,'WorkflowTransition',NULL,NULL),(1608,2,1,1,6,0,0,'WorkflowTransition',NULL,NULL),(1609,3,6,5,6,0,0,'WorkflowTransition',NULL,NULL),(1610,3,6,7,6,0,0,'WorkflowTransition',NULL,NULL),(1611,3,6,8,6,0,0,'WorkflowTransition',NULL,NULL),(1612,3,6,1,6,0,0,'WorkflowTransition',NULL,NULL),(1613,3,5,5,6,0,0,'WorkflowTransition',NULL,NULL),(1614,3,5,7,6,0,0,'WorkflowTransition',NULL,NULL),(1615,3,5,8,6,0,0,'WorkflowTransition',NULL,NULL),(1616,3,5,1,6,0,0,'WorkflowTransition',NULL,NULL),(1617,3,7,5,6,0,0,'WorkflowTransition',NULL,NULL),(1618,3,7,7,6,0,0,'WorkflowTransition',NULL,NULL),(1619,3,7,8,6,0,0,'WorkflowTransition',NULL,NULL),(1620,3,7,1,6,0,0,'WorkflowTransition',NULL,NULL),(1621,3,9,5,6,0,0,'WorkflowTransition',NULL,NULL),(1622,3,9,7,6,0,0,'WorkflowTransition',NULL,NULL),(1623,3,9,8,6,0,0,'WorkflowTransition',NULL,NULL),(1624,3,9,1,6,0,0,'WorkflowTransition',NULL,NULL),(1625,3,8,5,6,0,0,'WorkflowTransition',NULL,NULL),(1626,3,8,7,6,0,0,'WorkflowTransition',NULL,NULL),(1627,3,8,8,6,0,0,'WorkflowTransition',NULL,NULL),(1628,3,8,1,6,0,0,'WorkflowTransition',NULL,NULL),(1629,3,3,5,6,0,0,'WorkflowTransition',NULL,NULL),(1630,3,3,7,6,0,0,'WorkflowTransition',NULL,NULL),(1631,3,3,8,6,0,0,'WorkflowTransition',NULL,NULL),(1632,3,3,1,6,0,0,'WorkflowTransition',NULL,NULL),(1633,3,2,5,6,0,0,'WorkflowTransition',NULL,NULL),(1634,3,2,7,6,0,0,'WorkflowTransition',NULL,NULL),(1635,3,2,8,6,0,0,'WorkflowTransition',NULL,NULL),(1636,3,2,1,6,0,0,'WorkflowTransition',NULL,NULL),(1637,3,1,5,6,0,0,'WorkflowTransition',NULL,NULL),(1638,3,1,7,6,0,0,'WorkflowTransition',NULL,NULL),(1639,3,1,8,6,0,0,'WorkflowTransition',NULL,NULL),(1640,3,1,1,6,0,0,'WorkflowTransition',NULL,NULL),(1641,3,10,5,6,0,0,'WorkflowTransition',NULL,NULL),(1642,3,10,7,6,0,0,'WorkflowTransition',NULL,NULL),(1643,3,10,8,6,0,0,'WorkflowTransition',NULL,NULL),(1644,3,10,1,6,0,0,'WorkflowTransition',NULL,NULL),(1645,6,10,6,6,0,0,'WorkflowTransition',NULL,NULL),(1646,6,10,5,6,0,0,'WorkflowTransition',NULL,NULL),(1647,6,10,7,6,0,0,'WorkflowTransition',NULL,NULL),(1648,6,10,8,6,0,0,'WorkflowTransition',NULL,NULL),(1649,6,10,3,6,0,0,'WorkflowTransition',NULL,NULL),(1650,6,10,1,6,0,0,'WorkflowTransition',NULL,NULL),(1651,6,6,6,6,0,0,'WorkflowTransition',NULL,NULL),(1652,6,6,5,6,0,0,'WorkflowTransition',NULL,NULL),(1653,6,6,7,6,0,0,'WorkflowTransition',NULL,NULL),(1654,6,6,8,6,0,0,'WorkflowTransition',NULL,NULL),(1655,6,6,3,6,0,0,'WorkflowTransition',NULL,NULL),(1656,6,6,1,6,0,0,'WorkflowTransition',NULL,NULL),(1657,6,5,6,6,0,0,'WorkflowTransition',NULL,NULL),(1658,6,5,5,6,0,0,'WorkflowTransition',NULL,NULL),(1659,6,5,7,6,0,0,'WorkflowTransition',NULL,NULL),(1660,6,5,8,6,0,0,'WorkflowTransition',NULL,NULL),(1661,6,5,3,6,0,0,'WorkflowTransition',NULL,NULL),(1662,6,5,1,6,0,0,'WorkflowTransition',NULL,NULL),(1663,6,7,6,6,0,0,'WorkflowTransition',NULL,NULL),(1664,6,7,5,6,0,0,'WorkflowTransition',NULL,NULL),(1665,6,7,7,6,0,0,'WorkflowTransition',NULL,NULL),(1666,6,7,8,6,0,0,'WorkflowTransition',NULL,NULL),(1667,6,7,3,6,0,0,'WorkflowTransition',NULL,NULL),(1668,6,7,1,6,0,0,'WorkflowTransition',NULL,NULL),(1669,6,9,6,6,0,0,'WorkflowTransition',NULL,NULL),(1670,6,9,5,6,0,0,'WorkflowTransition',NULL,NULL),(1671,6,9,7,6,0,0,'WorkflowTransition',NULL,NULL),(1672,6,9,8,6,0,0,'WorkflowTransition',NULL,NULL),(1673,6,9,3,6,0,0,'WorkflowTransition',NULL,NULL),(1674,6,9,1,6,0,0,'WorkflowTransition',NULL,NULL),(1675,6,8,6,6,0,0,'WorkflowTransition',NULL,NULL),(1676,6,8,5,6,0,0,'WorkflowTransition',NULL,NULL),(1677,6,8,7,6,0,0,'WorkflowTransition',NULL,NULL),(1678,6,8,8,6,0,0,'WorkflowTransition',NULL,NULL),(1679,6,8,3,6,0,0,'WorkflowTransition',NULL,NULL),(1680,6,8,1,6,0,0,'WorkflowTransition',NULL,NULL),(1681,6,3,6,6,0,0,'WorkflowTransition',NULL,NULL),(1682,6,3,5,6,0,0,'WorkflowTransition',NULL,NULL),(1683,6,3,7,6,0,0,'WorkflowTransition',NULL,NULL),(1684,6,3,8,6,0,0,'WorkflowTransition',NULL,NULL),(1685,6,3,3,6,0,0,'WorkflowTransition',NULL,NULL),(1686,6,3,1,6,0,0,'WorkflowTransition',NULL,NULL),(1687,6,2,6,6,0,0,'WorkflowTransition',NULL,NULL),(1688,6,2,5,6,0,0,'WorkflowTransition',NULL,NULL),(1689,6,2,7,6,0,0,'WorkflowTransition',NULL,NULL),(1690,6,2,8,6,0,0,'WorkflowTransition',NULL,NULL),(1691,6,2,3,6,0,0,'WorkflowTransition',NULL,NULL),(1692,6,2,1,6,0,0,'WorkflowTransition',NULL,NULL),(1693,6,1,6,6,0,0,'WorkflowTransition',NULL,NULL),(1694,6,1,5,6,0,0,'WorkflowTransition',NULL,NULL),(1695,6,1,7,6,0,0,'WorkflowTransition',NULL,NULL),(1696,6,1,8,6,0,0,'WorkflowTransition',NULL,NULL),(1697,6,1,3,6,0,0,'WorkflowTransition',NULL,NULL),(1698,6,1,1,6,0,0,'WorkflowTransition',NULL,NULL),(1699,8,6,6,6,0,0,'WorkflowTransition',NULL,NULL),(1700,8,6,5,6,0,0,'WorkflowTransition',NULL,NULL),(1701,8,6,7,6,0,0,'WorkflowTransition',NULL,NULL),(1702,8,6,9,6,0,0,'WorkflowTransition',NULL,NULL),(1703,8,6,8,6,0,0,'WorkflowTransition',NULL,NULL),(1704,8,6,3,6,0,0,'WorkflowTransition',NULL,NULL),(1705,8,6,1,6,0,0,'WorkflowTransition',NULL,NULL),(1706,8,5,6,6,0,0,'WorkflowTransition',NULL,NULL),(1707,8,5,5,6,0,0,'WorkflowTransition',NULL,NULL),(1708,8,5,7,6,0,0,'WorkflowTransition',NULL,NULL),(1709,8,5,9,6,0,0,'WorkflowTransition',NULL,NULL),(1710,8,5,8,6,0,0,'WorkflowTransition',NULL,NULL),(1711,8,5,3,6,0,0,'WorkflowTransition',NULL,NULL),(1712,8,5,1,6,0,0,'WorkflowTransition',NULL,NULL),(1713,8,7,6,6,0,0,'WorkflowTransition',NULL,NULL),(1714,8,7,5,6,0,0,'WorkflowTransition',NULL,NULL),(1715,8,7,7,6,0,0,'WorkflowTransition',NULL,NULL),(1716,8,7,9,6,0,0,'WorkflowTransition',NULL,NULL),(1717,8,7,8,6,0,0,'WorkflowTransition',NULL,NULL),(1718,8,7,3,6,0,0,'WorkflowTransition',NULL,NULL),(1719,8,7,1,6,0,0,'WorkflowTransition',NULL,NULL),(1720,8,9,6,6,0,0,'WorkflowTransition',NULL,NULL),(1721,8,9,5,6,0,0,'WorkflowTransition',NULL,NULL),(1722,8,9,7,6,0,0,'WorkflowTransition',NULL,NULL),(1723,8,9,9,6,0,0,'WorkflowTransition',NULL,NULL),(1724,8,9,8,6,0,0,'WorkflowTransition',NULL,NULL),(1725,8,9,3,6,0,0,'WorkflowTransition',NULL,NULL),(1726,8,9,1,6,0,0,'WorkflowTransition',NULL,NULL),(1727,8,8,6,6,0,0,'WorkflowTransition',NULL,NULL),(1728,8,8,5,6,0,0,'WorkflowTransition',NULL,NULL),(1729,8,8,7,6,0,0,'WorkflowTransition',NULL,NULL),(1730,8,8,9,6,0,0,'WorkflowTransition',NULL,NULL),(1731,8,8,8,6,0,0,'WorkflowTransition',NULL,NULL),(1732,8,8,3,6,0,0,'WorkflowTransition',NULL,NULL),(1733,8,8,1,6,0,0,'WorkflowTransition',NULL,NULL),(1734,8,3,6,6,0,0,'WorkflowTransition',NULL,NULL),(1735,8,3,5,6,0,0,'WorkflowTransition',NULL,NULL),(1736,8,3,7,6,0,0,'WorkflowTransition',NULL,NULL),(1737,8,3,9,6,0,0,'WorkflowTransition',NULL,NULL),(1738,8,3,8,6,0,0,'WorkflowTransition',NULL,NULL),(1739,8,3,3,6,0,0,'WorkflowTransition',NULL,NULL),(1740,8,3,1,6,0,0,'WorkflowTransition',NULL,NULL),(1741,8,2,6,6,0,0,'WorkflowTransition',NULL,NULL),(1742,8,2,5,6,0,0,'WorkflowTransition',NULL,NULL),(1743,8,2,7,6,0,0,'WorkflowTransition',NULL,NULL),(1744,8,2,9,6,0,0,'WorkflowTransition',NULL,NULL),(1745,8,2,8,6,0,0,'WorkflowTransition',NULL,NULL),(1746,8,2,3,6,0,0,'WorkflowTransition',NULL,NULL),(1747,8,2,1,6,0,0,'WorkflowTransition',NULL,NULL),(1748,8,1,6,6,0,0,'WorkflowTransition',NULL,NULL),(1749,8,1,5,6,0,0,'WorkflowTransition',NULL,NULL),(1750,8,1,7,6,0,0,'WorkflowTransition',NULL,NULL),(1751,8,1,9,6,0,0,'WorkflowTransition',NULL,NULL),(1752,8,1,8,6,0,0,'WorkflowTransition',NULL,NULL),(1753,8,1,3,6,0,0,'WorkflowTransition',NULL,NULL),(1754,8,1,1,6,0,0,'WorkflowTransition',NULL,NULL),(1755,8,10,6,6,0,0,'WorkflowTransition',NULL,NULL),(1756,8,10,5,6,0,0,'WorkflowTransition',NULL,NULL),(1757,8,10,7,6,0,0,'WorkflowTransition',NULL,NULL),(1758,8,10,9,6,0,0,'WorkflowTransition',NULL,NULL),(1759,8,10,8,6,0,0,'WorkflowTransition',NULL,NULL),(1760,8,10,3,6,0,0,'WorkflowTransition',NULL,NULL),(1761,8,10,1,6,0,0,'WorkflowTransition',NULL,NULL),(1762,8,6,6,7,0,0,'WorkflowTransition',NULL,NULL),(1763,8,6,5,7,0,0,'WorkflowTransition',NULL,NULL),(1764,8,6,7,7,0,0,'WorkflowTransition',NULL,NULL),(1765,8,6,9,7,0,0,'WorkflowTransition',NULL,NULL),(1766,8,6,8,7,0,0,'WorkflowTransition',NULL,NULL),(1767,8,6,3,7,0,0,'WorkflowTransition',NULL,NULL),(1768,8,6,1,7,0,0,'WorkflowTransition',NULL,NULL),(1769,8,5,6,7,0,0,'WorkflowTransition',NULL,NULL),(1770,8,5,5,7,0,0,'WorkflowTransition',NULL,NULL),(1771,8,5,7,7,0,0,'WorkflowTransition',NULL,NULL),(1772,8,5,9,7,0,0,'WorkflowTransition',NULL,NULL),(1773,8,5,8,7,0,0,'WorkflowTransition',NULL,NULL),(1774,8,5,3,7,0,0,'WorkflowTransition',NULL,NULL),(1775,8,5,1,7,0,0,'WorkflowTransition',NULL,NULL),(1776,8,7,6,7,0,0,'WorkflowTransition',NULL,NULL),(1777,8,7,5,7,0,0,'WorkflowTransition',NULL,NULL),(1778,8,7,7,7,0,0,'WorkflowTransition',NULL,NULL),(1779,8,7,9,7,0,0,'WorkflowTransition',NULL,NULL),(1780,8,7,8,7,0,0,'WorkflowTransition',NULL,NULL),(1781,8,7,3,7,0,0,'WorkflowTransition',NULL,NULL),(1782,8,7,1,7,0,0,'WorkflowTransition',NULL,NULL),(1783,8,9,6,7,0,0,'WorkflowTransition',NULL,NULL),(1784,8,9,5,7,0,0,'WorkflowTransition',NULL,NULL),(1785,8,9,7,7,0,0,'WorkflowTransition',NULL,NULL),(1786,8,9,9,7,0,0,'WorkflowTransition',NULL,NULL),(1787,8,9,8,7,0,0,'WorkflowTransition',NULL,NULL),(1788,8,9,3,7,0,0,'WorkflowTransition',NULL,NULL),(1789,8,9,1,7,0,0,'WorkflowTransition',NULL,NULL),(1790,8,8,6,7,0,0,'WorkflowTransition',NULL,NULL),(1791,8,8,5,7,0,0,'WorkflowTransition',NULL,NULL),(1792,8,8,7,7,0,0,'WorkflowTransition',NULL,NULL),(1793,8,8,9,7,0,0,'WorkflowTransition',NULL,NULL),(1794,8,8,8,7,0,0,'WorkflowTransition',NULL,NULL),(1795,8,8,3,7,0,0,'WorkflowTransition',NULL,NULL),(1796,8,8,1,7,0,0,'WorkflowTransition',NULL,NULL),(1797,8,3,6,7,0,0,'WorkflowTransition',NULL,NULL),(1798,8,3,5,7,0,0,'WorkflowTransition',NULL,NULL),(1799,8,3,7,7,0,0,'WorkflowTransition',NULL,NULL),(1800,8,3,9,7,0,0,'WorkflowTransition',NULL,NULL),(1801,8,3,8,7,0,0,'WorkflowTransition',NULL,NULL),(1802,8,3,3,7,0,0,'WorkflowTransition',NULL,NULL),(1803,8,3,1,7,0,0,'WorkflowTransition',NULL,NULL),(1804,8,2,6,7,0,0,'WorkflowTransition',NULL,NULL),(1805,8,2,5,7,0,0,'WorkflowTransition',NULL,NULL),(1806,8,2,7,7,0,0,'WorkflowTransition',NULL,NULL),(1807,8,2,9,7,0,0,'WorkflowTransition',NULL,NULL),(1808,8,2,8,7,0,0,'WorkflowTransition',NULL,NULL),(1809,8,2,3,7,0,0,'WorkflowTransition',NULL,NULL),(1810,8,2,1,7,0,0,'WorkflowTransition',NULL,NULL),(1811,8,1,6,7,0,0,'WorkflowTransition',NULL,NULL),(1812,8,1,5,7,0,0,'WorkflowTransition',NULL,NULL),(1813,8,1,7,7,0,0,'WorkflowTransition',NULL,NULL),(1814,8,1,9,7,0,0,'WorkflowTransition',NULL,NULL),(1815,8,1,8,7,0,0,'WorkflowTransition',NULL,NULL),(1816,8,1,3,7,0,0,'WorkflowTransition',NULL,NULL),(1817,8,1,1,7,0,0,'WorkflowTransition',NULL,NULL),(1818,8,10,6,7,0,0,'WorkflowTransition',NULL,NULL),(1819,8,10,5,7,0,0,'WorkflowTransition',NULL,NULL),(1820,8,10,7,7,0,0,'WorkflowTransition',NULL,NULL),(1821,8,10,9,7,0,0,'WorkflowTransition',NULL,NULL),(1822,8,10,8,7,0,0,'WorkflowTransition',NULL,NULL),(1823,8,10,3,7,0,0,'WorkflowTransition',NULL,NULL),(1824,8,10,1,7,0,0,'WorkflowTransition',NULL,NULL);
/*!40000 ALTER TABLE `workflows` ENABLE KEYS */;
UNLOCK TABLES;
/*!40103 SET TIME_ZONE=@OLD_TIME_ZONE */;

/*!40101 SET SQL_MODE=@OLD_SQL_MODE */;
/*!40014 SET FOREIGN_KEY_CHECKS=@OLD_FOREIGN_KEY_CHECKS */;
/*!40014 SET UNIQUE_CHECKS=@OLD_UNIQUE_CHECKS */;
/*!40101 SET CHARACTER_SET_CLIENT=@OLD_CHARACTER_SET_CLIENT */;
/*!40101 SET CHARACTER_SET_RESULTS=@OLD_CHARACTER_SET_RESULTS */;
/*!40101 SET COLLATION_CONNECTION=@OLD_COLLATION_CONNECTION */;
/*!40111 SET SQL_NOTES=@OLD_SQL_NOTES */;

-- Dump completed on 2013-03-26 13:00:04
